"","game_id","commentary","match_time","team_one","team_two","team_one_score","team_two_score","half_end","match_end","half_begins","shot_attempt","penalty_shot","shot_result","shot_by_player","shot_by_team","shot_with","shot_where","net_location","assist_by_player","foul","foul_by_player","foul_by_team","follow_set_piece","assist_type","follow_corner","offside","offside_team","offside_player","offside_pass_from","shown_card","card_type","card_player","card_team","video_review","video_review_event","video_review_result","delay_in_match","delay_team","free_kick_won","free_kick_player","free_kick_team","free_kick_where","corner","corner_team","corner_conceded_by","substitution","sub_injury","sub_team","sub_player","replaced_player","penalty","team_drew_penalty","player_drew_penalty","player_conceded_penalty","team_conceded_penalty","half","comment_id","stoppage_time","team_one_penalty_score","team_two_penalty_score","match_time_numeric"
"1",480683,"First Half begins.","-","Manchester United","Stoke City","0","0",0,0,1,0,0,NA,NA,NA,NA,NA,NA,NA,0,NA,NA,0,NA,0,0,NA,NA,NA,0,NA,NA,NA,0,NA,NA,0,NA,0,NA,NA,NA,0,NA,NA,0,0,NA,NA,NA,0,NA,NA,NA,NA,1,1,0,NA,NA,NA
"2",480683,"Lineups are announced and players are warming up.","-","Manchester United","Stoke City","0","0",0,0,0,0,0,NA,NA,NA,NA,NA,NA,NA,0,NA,NA,0,NA,0,0,NA,NA,NA,0,NA,NA,NA,0,NA,NA,0,NA,0,NA,NA,NA,0,NA,NA,0,0,NA,NA,NA,0,NA,NA,NA,NA,1,2,0,NA,NA,NA
"3",480683,"Foul by Peter Crouch (Stoke City).","1'","Manchester United","Stoke City","0","0",0,0,0,0,0,NA,NA,NA,NA,NA,NA,NA,1,"Peter Crouch","Stoke City",0,NA,0,0,NA,NA,NA,0,NA,NA,NA,0,NA,NA,0,NA,0,NA,NA,NA,0,NA,NA,0,0,NA,NA,NA,0,NA,NA,NA,NA,1,3,0,NA,NA,1
"4",480683,"Phil Jones (Manchester United) wins a free kick in the defensive half.","1'","Manchester United","Stoke City","0","0",0,0,0,0,0,NA,NA,NA,NA,NA,NA,NA,0,NA,NA,0,NA,0,0,NA,NA,NA,0,NA,NA,NA,0,NA,NA,0,NA,1,"Phil Jones","Manchester United","defensive half",0,NA,NA,0,0,NA,NA,NA,0,NA,NA,NA,NA,1,4,0,NA,NA,1
"5",480683,"Foul by Xherdan Shaqiri (Stoke City).","2'","Manchester United","Stoke City","0","0",0,0,0,0,0,NA,NA,NA,NA,NA,NA,NA,1,"Xherdan Shaqiri","Stoke City",0,NA,0,0,NA,NA,NA,0,NA,NA,NA,0,NA,NA,0,NA,0,NA,NA,NA,0,NA,NA,0,0,NA,NA,NA,0,NA,NA,NA,NA,1,5,0,NA,NA,2
"6",480683,"Jesse Lingard (Manchester United) wins a free kick in the attacking half.","2'","Manchester United","Stoke City","0","0",0,0,0,0,0,NA,NA,NA,NA,NA,NA,NA,0,NA,NA,0,NA,0,0,NA,NA,NA,0,NA,NA,NA,0,NA,NA,0,NA,1,"Jesse Lingard","Manchester United","attacking half",0,NA,NA,0,0,NA,NA,NA,0,NA,NA,NA,NA,1,6,0,NA,NA,2
"7",480683,"Chris Smalling (Manchester United) wins a free kick in the attacking half.","3'","Manchester United","Stoke City","0","0",0,0,0,0,0,NA,NA,NA,NA,NA,NA,NA,0,NA,NA,0,NA,0,0,NA,NA,NA,0,NA,NA,NA,0,NA,NA,0,NA,1,"Chris Smalling","Manchester United","attacking half",0,NA,NA,0,0,NA,NA,NA,0,NA,NA,NA,NA,1,7,0,NA,NA,3
"8",480683,"Foul by Peter Crouch (Stoke City).","3'","Manchester United","Stoke City","0","0",0,0,0,0,0,NA,NA,NA,NA,NA,NA,NA,1,"Peter Crouch","Stoke City",0,NA,0,0,NA,NA,NA,0,NA,NA,NA,0,NA,NA,0,NA,0,NA,NA,NA,0,NA,NA,0,0,NA,NA,NA,0,NA,NA,NA,NA,1,8,0,NA,NA,3
"9",480683,"Foul by Jesse Lingard (Manchester United).","3'","Manchester United","Stoke City","0","0",0,0,0,0,0,NA,NA,NA,NA,NA,NA,NA,1,"Jesse Lingard","Manchester United",0,NA,0,0,NA,NA,NA,0,NA,NA,NA,0,NA,NA,0,NA,0,NA,NA,NA,0,NA,NA,0,0,NA,NA,NA,0,NA,NA,NA,NA,1,9,0,NA,NA,3
"10",480683,"Joe Allen (Stoke City) wins a free kick in the defensive half.","3'","Manchester United","Stoke City","0","0",0,0,0,0,0,NA,NA,NA,NA,NA,NA,NA,0,NA,NA,0,NA,0,0,NA,NA,NA,0,NA,NA,NA,0,NA,NA,0,NA,1,"Joe Allen","Stoke City","defensive half",0,NA,NA,0,0,NA,NA,NA,0,NA,NA,NA,NA,1,10,0,NA,NA,3
"11",480683,"Goal!  Manchester United 1, Stoke City 0. Antonio Valencia (Manchester United) left footed shot from the right side of the box to the top left corner. Assisted by Paul Pogba.","9'","Manchester United","Stoke City","1","0",0,0,0,1,0,"goal","Antonio Valencia","Manchester United","left","the right side of the box","top left corner","Paul Pogba",0,NA,NA,0,NA,0,0,NA,NA,NA,0,NA,NA,NA,0,NA,NA,0,NA,0,NA,NA,NA,0,NA,NA,0,0,NA,NA,NA,0,NA,NA,NA,NA,1,11,0,NA,NA,9
"12",480683,"Attempt saved. Xherdan Shaqiri (Stoke City) left footed shot from the right side of the box is saved in the bottom right corner. Assisted by Darren Fletcher.","11'","Manchester United","Stoke City","1","0",0,0,0,1,0,"saved","Xherdan Shaqiri","Stoke City","left","the right side of the box","the bottom right corner","Darren Fletcher",0,NA,NA,0,NA,0,0,NA,NA,NA,0,NA,NA,NA,0,NA,NA,0,NA,0,NA,NA,NA,0,NA,NA,0,0,NA,NA,NA,0,NA,NA,NA,NA,1,12,0,NA,NA,11
"13",480683,"Foul by Anthony Martial (Manchester United).","13'","Manchester United","Stoke City","1","0",0,0,0,0,0,NA,NA,NA,NA,NA,NA,NA,1,"Anthony Martial","Manchester United",0,NA,0,0,NA,NA,NA,0,NA,NA,NA,0,NA,NA,0,NA,0,NA,NA,NA,0,NA,NA,0,0,NA,NA,NA,0,NA,NA,NA,NA,1,13,0,NA,NA,13
"14",480683,"Xherdan Shaqiri (Stoke City) wins a free kick in the defensive half.","13'","Manchester United","Stoke City","1","0",0,0,0,0,0,NA,NA,NA,NA,NA,NA,NA,0,NA,NA,0,NA,0,0,NA,NA,NA,0,NA,NA,NA,0,NA,NA,0,NA,1,"Xherdan Shaqiri","Stoke City","defensive half",0,NA,NA,0,0,NA,NA,NA,0,NA,NA,NA,NA,1,14,0,NA,NA,13
"15",480683,"Attempt missed. Stephen Ireland (Stoke City) right footed shot from the centre of the box misses to the left. Assisted by Moritz Bauer with a cross.","16'","Manchester United","Stoke City","1","0",0,0,0,1,0,"missed","Stephen Ireland","Stoke City","right","the centre of the box","left","Moritz Bauer",0,NA,NA,0,"cross",0,0,NA,NA,NA,0,NA,NA,NA,0,NA,NA,0,NA,0,NA,NA,NA,0,NA,NA,0,0,NA,NA,NA,0,NA,NA,NA,NA,1,15,0,NA,NA,16
"16",480683,"Foul by Joe Allen (Stoke City).","19'","Manchester United","Stoke City","1","0",0,0,0,0,0,NA,NA,NA,NA,NA,NA,NA,1,"Joe Allen","Stoke City",0,NA,0,0,NA,NA,NA,0,NA,NA,NA,0,NA,NA,0,NA,0,NA,NA,NA,0,NA,NA,0,0,NA,NA,NA,0,NA,NA,NA,NA,1,16,0,NA,NA,19
"17",480683,"Jesse Lingard (Manchester United) wins a free kick in the attacking half.","19'","Manchester United","Stoke City","1","0",0,0,0,0,0,NA,NA,NA,NA,NA,NA,NA,0,NA,NA,0,NA,0,0,NA,NA,NA,0,NA,NA,NA,0,NA,NA,0,NA,1,"Jesse Lingard","Manchester United","attacking half",0,NA,NA,0,0,NA,NA,NA,0,NA,NA,NA,NA,1,17,0,NA,NA,19
"18",480683,"Attempt blocked. Juan Mata (Manchester United) left footed shot from outside the box is blocked.","20'","Manchester United","Stoke City","1","0",0,0,0,1,0,"blocked","Juan Mata","Manchester United","left","outside the box",NA,NA,0,NA,NA,0,NA,0,0,NA,NA,NA,0,NA,NA,NA,0,NA,NA,0,NA,0,NA,NA,NA,0,NA,NA,0,0,NA,NA,NA,0,NA,NA,NA,NA,1,18,0,NA,NA,20
"19",480683,"Foul by Nemanja Matic (Manchester United).","20'","Manchester United","Stoke City","1","0",0,0,0,0,0,NA,NA,NA,NA,NA,NA,NA,1,"Nemanja Matic","Manchester United",0,NA,0,0,NA,NA,NA,0,NA,NA,NA,0,NA,NA,0,NA,0,NA,NA,NA,0,NA,NA,0,0,NA,NA,NA,0,NA,NA,NA,NA,1,19,0,NA,NA,20
"20",480683,"Xherdan Shaqiri (Stoke City) wins a free kick in the defensive half.","20'","Manchester United","Stoke City","1","0",0,0,0,0,0,NA,NA,NA,NA,NA,NA,NA,0,NA,NA,0,NA,0,0,NA,NA,NA,0,NA,NA,NA,0,NA,NA,0,NA,1,"Xherdan Shaqiri","Stoke City","defensive half",0,NA,NA,0,0,NA,NA,NA,0,NA,NA,NA,NA,1,20,0,NA,NA,20
"21",480683,"Attempt saved. Eric Maxim Choupo-Moting (Stoke City) right footed shot from the left side of the box is saved in the centre of the goal. Assisted by Joe Allen.","21'","Manchester United","Stoke City","1","0",0,0,0,1,0,"saved",NA,"Stoke City","right","the left side of the box","the centre of the goal","Joe Allen",0,NA,NA,0,NA,0,0,NA,NA,NA,0,NA,NA,NA,0,NA,NA,0,NA,0,NA,NA,NA,0,NA,NA,0,0,NA,NA,NA,0,NA,NA,NA,NA,1,21,0,NA,NA,21
"22",480683,"Attempt missed. Stephen Ireland (Stoke City) right footed shot from the centre of the box is close, but misses to the left. Assisted by Xherdan Shaqiri.","21'","Manchester United","Stoke City","1","0",0,0,0,1,0,"missed","Stephen Ireland","Stoke City","right","the centre of the box","close, but left","Xherdan Shaqiri",0,NA,NA,0,NA,0,0,NA,NA,NA,0,NA,NA,NA,0,NA,NA,0,NA,0,NA,NA,NA,0,NA,NA,0,0,NA,NA,NA,0,NA,NA,NA,NA,1,22,0,NA,NA,21
"23",480683,"Foul by Paul Pogba (Manchester United).","24'","Manchester United","Stoke City","1","0",0,0,0,0,0,NA,NA,NA,NA,NA,NA,NA,1,"Paul Pogba","Manchester United",0,NA,0,0,NA,NA,NA,0,NA,NA,NA,0,NA,NA,0,NA,0,NA,NA,NA,0,NA,NA,0,0,NA,NA,NA,0,NA,NA,NA,NA,1,23,0,NA,NA,24
"24",480683,"Stephen Ireland (Stoke City) wins a free kick in the attacking half.","24'","Manchester United","Stoke City","1","0",0,0,0,0,0,NA,NA,NA,NA,NA,NA,NA,0,NA,NA,0,NA,0,0,NA,NA,NA,0,NA,NA,NA,0,NA,NA,0,NA,1,"Stephen Ireland","Stoke City","attacking half",0,NA,NA,0,0,NA,NA,NA,0,NA,NA,NA,NA,1,24,0,NA,NA,24
"25",480683,"Attempt blocked. Eric Maxim Choupo-Moting (Stoke City) right footed shot from the centre of the box is blocked. Assisted by Peter Crouch with a headed pass.","25'","Manchester United","Stoke City","1","0",0,0,0,1,0,"blocked",NA,"Stoke City","right","the centre of the box",NA,"Peter Crouch",0,NA,NA,0,NA,0,0,NA,NA,NA,0,NA,NA,NA,0,NA,NA,0,NA,0,NA,NA,NA,0,NA,NA,0,0,NA,NA,NA,0,NA,NA,NA,NA,1,25,0,NA,NA,25
"26",480683,"Corner,  Stoke City. Conceded by Phil Jones.","25'","Manchester United","Stoke City","1","0",0,0,0,0,0,NA,NA,NA,NA,NA,NA,NA,0,NA,NA,0,NA,0,0,NA,NA,NA,0,NA,NA,NA,0,NA,NA,0,NA,0,NA,NA,NA,1,"Stoke City","Phil Jones",0,0,NA,NA,NA,0,NA,NA,NA,NA,1,26,0,NA,NA,25
"27",480683,"Attempt missed. Anthony Martial (Manchester United) right footed shot from outside the box is high and wide to the right. Assisted by Juan Mata.","26'","Manchester United","Stoke City","1","0",0,0,0,1,0,"missed","Anthony Martial","Manchester United","right","outside the box","high and wide to the right","Juan Mata",0,NA,NA,0,NA,0,0,NA,NA,NA,0,NA,NA,NA,0,NA,NA,0,NA,0,NA,NA,NA,0,NA,NA,0,0,NA,NA,NA,0,NA,NA,NA,NA,1,27,0,NA,NA,26
"28",480683,"Foul by Jesse Lingard (Manchester United).","28'","Manchester United","Stoke City","1","0",0,0,0,0,0,NA,NA,NA,NA,NA,NA,NA,1,"Jesse Lingard","Manchester United",0,NA,0,0,NA,NA,NA,0,NA,NA,NA,0,NA,NA,0,NA,0,NA,NA,NA,0,NA,NA,0,0,NA,NA,NA,0,NA,NA,NA,NA,1,28,0,NA,NA,28
"29",480683,"Kurt Zouma (Stoke City) wins a free kick in the defensive half.","28'","Manchester United","Stoke City","1","0",0,0,0,0,0,NA,NA,NA,NA,NA,NA,NA,0,NA,NA,0,NA,0,0,NA,NA,NA,0,NA,NA,NA,0,NA,NA,0,NA,1,"Kurt Zouma","Stoke City","defensive half",0,NA,NA,0,0,NA,NA,NA,0,NA,NA,NA,NA,1,29,0,NA,NA,28
"30",480683,"Corner,  Manchester United. Conceded by Kurt Zouma.","29'","Manchester United","Stoke City","1","0",0,0,0,0,0,NA,NA,NA,NA,NA,NA,NA,0,NA,NA,0,NA,0,0,NA,NA,NA,0,NA,NA,NA,0,NA,NA,0,NA,0,NA,NA,NA,1,"Manchester United","Kurt Zouma",0,0,NA,NA,NA,0,NA,NA,NA,NA,1,30,0,NA,NA,29
"31",480683,"Attempt saved. Luke Shaw (Manchester United) left footed shot from outside the box is saved in the bottom right corner.","29'","Manchester United","Stoke City","1","0",0,0,0,1,0,"saved","Luke Shaw","Manchester United","left","outside the box","the bottom right corner",NA,0,NA,NA,0,NA,0,0,NA,NA,NA,0,NA,NA,NA,0,NA,NA,0,NA,0,NA,NA,NA,0,NA,NA,0,0,NA,NA,NA,0,NA,NA,NA,NA,1,31,0,NA,NA,29
"32",480683,"Corner,  Manchester United. Conceded by Darren Fletcher.","30'","Manchester United","Stoke City","1","0",0,0,0,0,0,NA,NA,NA,NA,NA,NA,NA,0,NA,NA,0,NA,0,0,NA,NA,NA,0,NA,NA,NA,0,NA,NA,0,NA,0,NA,NA,NA,1,"Manchester United","Darren Fletcher",0,0,NA,NA,NA,0,NA,NA,NA,NA,1,32,0,NA,NA,30
"33",480683,"Foul by Antonio Valencia (Manchester United).","32'","Manchester United","Stoke City","1","0",0,0,0,0,0,NA,NA,NA,NA,NA,NA,NA,1,"Antonio Valencia","Manchester United",0,NA,0,0,NA,NA,NA,0,NA,NA,NA,0,NA,NA,0,NA,0,NA,NA,NA,0,NA,NA,0,0,NA,NA,NA,0,NA,NA,NA,NA,1,33,0,NA,NA,32
"34",480683,"Joe Allen (Stoke City) wins a free kick in the defensive half.","32'","Manchester United","Stoke City","1","0",0,0,0,0,0,NA,NA,NA,NA,NA,NA,NA,0,NA,NA,0,NA,0,0,NA,NA,NA,0,NA,NA,NA,0,NA,NA,0,NA,1,"Joe Allen","Stoke City","defensive half",0,NA,NA,0,0,NA,NA,NA,0,NA,NA,NA,NA,1,34,0,NA,NA,32
"35",480683,"Attempt blocked. Anthony Martial (Manchester United) left footed shot from the left side of the box is blocked. Assisted by Luke Shaw.","36'","Manchester United","Stoke City","1","0",0,0,0,1,0,"blocked","Anthony Martial","Manchester United","left","the left side of the box",NA,"Luke Shaw",0,NA,NA,0,NA,0,0,NA,NA,NA,0,NA,NA,NA,0,NA,NA,0,NA,0,NA,NA,NA,0,NA,NA,0,0,NA,NA,NA,0,NA,NA,NA,NA,1,35,0,NA,NA,36
"36",480683,"Corner,  Manchester United. Conceded by Kurt Zouma.","36'","Manchester United","Stoke City","1","0",0,0,0,0,0,NA,NA,NA,NA,NA,NA,NA,0,NA,NA,0,NA,0,0,NA,NA,NA,0,NA,NA,NA,0,NA,NA,0,NA,0,NA,NA,NA,1,"Manchester United","Kurt Zouma",0,0,NA,NA,NA,0,NA,NA,NA,NA,1,36,0,NA,NA,36
"37",480683,"Goal!  Manchester United 2, Stoke City 0. Anthony Martial (Manchester United) right footed shot from outside the box to the top right corner. Assisted by Paul Pogba.","38'","Manchester United","Stoke City","2","0",0,0,0,1,0,"goal","Anthony Martial","Manchester United","right","outside the box","top right corner","Paul Pogba",0,NA,NA,0,NA,0,0,NA,NA,NA,0,NA,NA,NA,0,NA,NA,0,NA,0,NA,NA,NA,0,NA,NA,0,0,NA,NA,NA,0,NA,NA,NA,NA,1,37,0,NA,NA,38
"38",480683,"Foul by Darren Fletcher (Stoke City).","39'","Manchester United","Stoke City","2","0",0,0,0,0,0,NA,NA,NA,NA,NA,NA,NA,1,"Darren Fletcher","Stoke City",0,NA,0,0,NA,NA,NA,0,NA,NA,NA,0,NA,NA,0,NA,0,NA,NA,NA,0,NA,NA,0,0,NA,NA,NA,0,NA,NA,NA,NA,1,38,0,NA,NA,39
"39",480683,"Jesse Lingard (Manchester United) wins a free kick in the attacking half.","39'","Manchester United","Stoke City","2","0",0,0,0,0,0,NA,NA,NA,NA,NA,NA,NA,0,NA,NA,0,NA,0,0,NA,NA,NA,0,NA,NA,NA,0,NA,NA,0,NA,1,"Jesse Lingard","Manchester United","attacking half",0,NA,NA,0,0,NA,NA,NA,0,NA,NA,NA,NA,1,39,0,NA,NA,39
"40",480683,"Eric Maxim Choupo-Moting (Stoke City) wins a free kick in the defensive half.","40'","Manchester United","Stoke City","2","0",0,0,0,0,0,NA,NA,NA,NA,NA,NA,NA,0,NA,NA,0,NA,0,0,NA,NA,NA,0,NA,NA,NA,0,NA,NA,0,NA,1,NA,"Stoke City","defensive half",0,NA,NA,0,0,NA,NA,NA,0,NA,NA,NA,NA,1,40,0,NA,NA,40
"41",480683,"Foul by Paul Pogba (Manchester United).","40'","Manchester United","Stoke City","2","0",0,0,0,0,0,NA,NA,NA,NA,NA,NA,NA,1,"Paul Pogba","Manchester United",0,NA,0,0,NA,NA,NA,0,NA,NA,NA,0,NA,NA,0,NA,0,NA,NA,NA,0,NA,NA,0,0,NA,NA,NA,0,NA,NA,NA,NA,1,41,0,NA,NA,40
"42",480683,"Offside, Manchester United. Paul Pogba tries a through ball, but Anthony Martial is caught offside.","43'","Manchester United","Stoke City","2","0",0,0,0,0,0,NA,NA,NA,NA,NA,NA,NA,0,NA,NA,0,NA,0,1,"Manchester United","Anthony Martial","Paul Pogba",0,NA,NA,NA,0,NA,NA,0,NA,0,NA,NA,NA,0,NA,NA,0,0,NA,NA,NA,0,NA,NA,NA,NA,1,42,0,NA,NA,43
"43",480683,"Foul by Nemanja Matic (Manchester United).","44'","Manchester United","Stoke City","2","0",0,0,0,0,0,NA,NA,NA,NA,NA,NA,NA,1,"Nemanja Matic","Manchester United",0,NA,0,0,NA,NA,NA,0,NA,NA,NA,0,NA,NA,0,NA,0,NA,NA,NA,0,NA,NA,0,0,NA,NA,NA,0,NA,NA,NA,NA,1,43,0,NA,NA,44
"44",480683,"Peter Crouch (Stoke City) wins a free kick on the right wing.","44'","Manchester United","Stoke City","2","0",0,0,0,0,0,NA,NA,NA,NA,NA,NA,NA,0,NA,NA,0,NA,0,0,NA,NA,NA,0,NA,NA,NA,0,NA,NA,0,NA,1,"Peter Crouch","Stoke City",NA,0,NA,NA,0,0,NA,NA,NA,0,NA,NA,NA,NA,1,44,0,NA,NA,44
"45",480683,"Attempt missed. Kurt Zouma (Stoke City) header from the centre of the box is close, but misses to the right. Assisted by Xherdan Shaqiri with a cross following a set piece situation.","44'","Manchester United","Stoke City","2","0",0,0,0,1,0,"missed","Kurt Zouma","Stoke City","header","the centre of the box","close, but right","Xherdan Shaqiri",0,NA,NA,1,"cross",0,0,NA,NA,NA,0,NA,NA,NA,0,NA,NA,0,NA,0,NA,NA,NA,0,NA,NA,0,0,NA,NA,NA,0,NA,NA,NA,NA,1,45,0,NA,NA,44
"46",480683,"Attempt missed. Anthony Martial (Manchester United) right footed shot from outside the box is high and wide to the right. Assisted by Nemanja Matic.","45'","Manchester United","Stoke City","2","0",0,0,0,1,0,"missed","Anthony Martial","Manchester United","right","outside the box","high and wide to the right","Nemanja Matic",0,NA,NA,0,NA,0,0,NA,NA,NA,0,NA,NA,NA,0,NA,NA,0,NA,0,NA,NA,NA,0,NA,NA,0,0,NA,NA,NA,0,NA,NA,NA,NA,1,46,0,NA,NA,45
"47",480683,"Offside, Manchester United. Antonio Valencia tries a through ball, but Jesse Lingard is caught offside.","45'+1'","Manchester United","Stoke City","2","0",0,0,0,0,0,NA,NA,NA,NA,NA,NA,NA,0,NA,NA,0,NA,0,1,"Manchester United","Jesse Lingard","Antonio Valencia",0,NA,NA,NA,0,NA,NA,0,NA,0,NA,NA,NA,0,NA,NA,0,0,NA,NA,NA,0,NA,NA,NA,NA,1,47,1,NA,NA,46
"48",480683,"Attempt blocked. Joe Allen (Stoke City) right footed shot from outside the box is blocked.","45'+1'","Manchester United","Stoke City","2","0",0,0,0,1,0,"blocked","Joe Allen","Stoke City","right","outside the box",NA,NA,0,NA,NA,0,NA,0,0,NA,NA,NA,0,NA,NA,NA,0,NA,NA,0,NA,0,NA,NA,NA,0,NA,NA,0,0,NA,NA,NA,0,NA,NA,NA,NA,1,48,1,NA,NA,46
"49",480683,"Attempt saved. Xherdan Shaqiri (Stoke City) left footed shot from the centre of the box is saved in the bottom right corner. Assisted by Kurt Zouma.","45'+2'","Manchester United","Stoke City","2","0",0,0,0,1,0,"saved","Xherdan Shaqiri","Stoke City","left","the centre of the box","the bottom right corner","Kurt Zouma",0,NA,NA,0,NA,0,0,NA,NA,NA,0,NA,NA,NA,0,NA,NA,0,NA,0,NA,NA,NA,0,NA,NA,0,0,NA,NA,NA,0,NA,NA,NA,NA,1,49,1,NA,NA,47
"50",480683,"First Half ends, Manchester United 2, Stoke City 0.","45'+2'","Manchester United","Stoke City","2","0",1,0,0,0,0,NA,NA,NA,NA,NA,NA,NA,0,NA,NA,0,NA,0,0,NA,NA,NA,0,NA,NA,NA,0,NA,NA,0,NA,0,NA,NA,NA,0,NA,NA,0,0,NA,NA,NA,0,NA,NA,NA,NA,1,50,1,NA,NA,47
"51",480683,"Second Half begins Manchester United 2, Stoke City 0.","45'","Manchester United","Stoke City","2","0",0,0,1,0,0,NA,NA,NA,NA,NA,NA,NA,0,NA,NA,0,NA,0,0,NA,NA,NA,0,NA,NA,NA,0,NA,NA,0,NA,0,NA,NA,NA,0,NA,NA,0,0,NA,NA,NA,0,NA,NA,NA,NA,2,51,0,NA,NA,45
"52",480683,"Substitution, Stoke City. Kevin Wimmer replaces Josh Tymon.","45'","Manchester United","Stoke City","2","0",0,0,0,0,0,NA,NA,NA,NA,NA,NA,NA,0,NA,NA,0,NA,0,0,NA,NA,NA,0,NA,NA,NA,0,NA,NA,0,NA,0,NA,NA,NA,0,NA,NA,1,0,"Stoke City","Kevin Wimmer","Josh Tymon",0,NA,NA,NA,NA,2,52,0,NA,NA,45
"53",480683,"Foul by Jesse Lingard (Manchester United).","49'","Manchester United","Stoke City","2","0",0,0,0,0,0,NA,NA,NA,NA,NA,NA,NA,1,"Jesse Lingard","Manchester United",0,NA,0,0,NA,NA,NA,0,NA,NA,NA,0,NA,NA,0,NA,0,NA,NA,NA,0,NA,NA,0,0,NA,NA,NA,0,NA,NA,NA,NA,2,53,0,NA,NA,49
"54",480683,"Moritz Bauer (Stoke City) wins a free kick in the defensive half.","49'","Manchester United","Stoke City","2","0",0,0,0,0,0,NA,NA,NA,NA,NA,NA,NA,0,NA,NA,0,NA,0,0,NA,NA,NA,0,NA,NA,NA,0,NA,NA,0,NA,1,"Moritz Bauer","Stoke City","defensive half",0,NA,NA,0,0,NA,NA,NA,0,NA,NA,NA,NA,2,54,0,NA,NA,49
"55",480683,"Foul by Moritz Bauer (Stoke City).","51'","Manchester United","Stoke City","2","0",0,0,0,0,0,NA,NA,NA,NA,NA,NA,NA,1,"Moritz Bauer","Stoke City",0,NA,0,0,NA,NA,NA,0,NA,NA,NA,0,NA,NA,0,NA,0,NA,NA,NA,0,NA,NA,0,0,NA,NA,NA,0,NA,NA,NA,NA,2,55,0,NA,NA,51
"56",480683,"Jesse Lingard (Manchester United) wins a free kick on the left wing.","51'","Manchester United","Stoke City","2","0",0,0,0,0,0,NA,NA,NA,NA,NA,NA,NA,0,NA,NA,0,NA,0,0,NA,NA,NA,0,NA,NA,NA,0,NA,NA,0,NA,1,"Jesse Lingard","Manchester United",NA,0,NA,NA,0,0,NA,NA,NA,0,NA,NA,NA,NA,2,56,0,NA,NA,51
"57",480683,"Foul by Anthony Martial (Manchester United).","52'","Manchester United","Stoke City","2","0",0,0,0,0,0,NA,NA,NA,NA,NA,NA,NA,1,"Anthony Martial","Manchester United",0,NA,0,0,NA,NA,NA,0,NA,NA,NA,0,NA,NA,0,NA,0,NA,NA,NA,0,NA,NA,0,0,NA,NA,NA,0,NA,NA,NA,NA,2,57,0,NA,NA,52
"58",480683,"Moritz Bauer (Stoke City) wins a free kick on the right wing.","52'","Manchester United","Stoke City","2","0",0,0,0,0,0,NA,NA,NA,NA,NA,NA,NA,0,NA,NA,0,NA,0,0,NA,NA,NA,0,NA,NA,NA,0,NA,NA,0,NA,1,"Moritz Bauer","Stoke City",NA,0,NA,NA,0,0,NA,NA,NA,0,NA,NA,NA,NA,2,58,0,NA,NA,52
"59",480683,"Attempt saved. Romelu Lukaku (Manchester United) left footed shot from outside the box is saved in the centre of the goal. Assisted by Paul Pogba.","54'","Manchester United","Stoke City","2","0",0,0,0,1,0,"saved","Romelu Lukaku","Manchester United","left","outside the box","the centre of the goal","Paul Pogba",0,NA,NA,0,NA,0,0,NA,NA,NA,0,NA,NA,NA,0,NA,NA,0,NA,0,NA,NA,NA,0,NA,NA,0,0,NA,NA,NA,0,NA,NA,NA,NA,2,59,0,NA,NA,54
"60",480683,"Foul by Jesse Lingard (Manchester United).","55'","Manchester United","Stoke City","2","0",0,0,0,0,0,NA,NA,NA,NA,NA,NA,NA,1,"Jesse Lingard","Manchester United",0,NA,0,0,NA,NA,NA,0,NA,NA,NA,0,NA,NA,0,NA,0,NA,NA,NA,0,NA,NA,0,0,NA,NA,NA,0,NA,NA,NA,NA,2,60,0,NA,NA,55
"61",480683,"Moritz Bauer (Stoke City) wins a free kick on the right wing.","55'","Manchester United","Stoke City","2","0",0,0,0,0,0,NA,NA,NA,NA,NA,NA,NA,0,NA,NA,0,NA,0,0,NA,NA,NA,0,NA,NA,NA,0,NA,NA,0,NA,1,"Moritz Bauer","Stoke City",NA,0,NA,NA,0,0,NA,NA,NA,0,NA,NA,NA,NA,2,61,0,NA,NA,55
"62",480683,"Foul by Anthony Martial (Manchester United).","56'","Manchester United","Stoke City","2","0",0,0,0,0,0,NA,NA,NA,NA,NA,NA,NA,1,"Anthony Martial","Manchester United",0,NA,0,0,NA,NA,NA,0,NA,NA,NA,0,NA,NA,0,NA,0,NA,NA,NA,0,NA,NA,0,0,NA,NA,NA,0,NA,NA,NA,NA,2,62,0,NA,NA,56
"63",480683,"Moritz Bauer (Stoke City) wins a free kick in the defensive half.","56'","Manchester United","Stoke City","2","0",0,0,0,0,0,NA,NA,NA,NA,NA,NA,NA,0,NA,NA,0,NA,0,0,NA,NA,NA,0,NA,NA,NA,0,NA,NA,0,NA,1,"Moritz Bauer","Stoke City","defensive half",0,NA,NA,0,0,NA,NA,NA,0,NA,NA,NA,NA,2,63,0,NA,NA,56
"64",480683,"Foul by Peter Crouch (Stoke City).","57'","Manchester United","Stoke City","2","0",0,0,0,0,0,NA,NA,NA,NA,NA,NA,NA,1,"Peter Crouch","Stoke City",0,NA,0,0,NA,NA,NA,0,NA,NA,NA,0,NA,NA,0,NA,0,NA,NA,NA,0,NA,NA,0,0,NA,NA,NA,0,NA,NA,NA,NA,2,64,0,NA,NA,57
"65",480683,"Paul Pogba (Manchester United) wins a free kick in the defensive half.","57'","Manchester United","Stoke City","2","0",0,0,0,0,0,NA,NA,NA,NA,NA,NA,NA,0,NA,NA,0,NA,0,0,NA,NA,NA,0,NA,NA,NA,0,NA,NA,0,NA,1,"Paul Pogba","Manchester United","defensive half",0,NA,NA,0,0,NA,NA,NA,0,NA,NA,NA,NA,2,65,0,NA,NA,57
"66",480683,"Attempt blocked. Paul Pogba (Manchester United) right footed shot from the right side of the box is blocked. Assisted by Juan Mata with a cross.","58'","Manchester United","Stoke City","2","0",0,0,0,1,0,"blocked","Paul Pogba","Manchester United","right","the right side of the box",NA,"Juan Mata",0,NA,NA,0,"cross",0,0,NA,NA,NA,0,NA,NA,NA,0,NA,NA,0,NA,0,NA,NA,NA,0,NA,NA,0,0,NA,NA,NA,0,NA,NA,NA,NA,2,66,0,NA,NA,58
"67",480683,"Corner,  Manchester United. Conceded by Bruno Martins Indi.","58'","Manchester United","Stoke City","2","0",0,0,0,0,0,NA,NA,NA,NA,NA,NA,NA,0,NA,NA,0,NA,0,0,NA,NA,NA,0,NA,NA,NA,0,NA,NA,0,NA,0,NA,NA,NA,1,"Manchester United","Bruno Martins Indi",0,0,NA,NA,NA,0,NA,NA,NA,NA,2,67,0,NA,NA,58
"68",480683,"Attempt blocked. Anthony Martial (Manchester United) right footed shot from the centre of the box is blocked. Assisted by Paul Pogba.","59'","Manchester United","Stoke City","2","0",0,0,0,1,0,"blocked","Anthony Martial","Manchester United","right","the centre of the box",NA,"Paul Pogba",0,NA,NA,0,NA,0,0,NA,NA,NA,0,NA,NA,NA,0,NA,NA,0,NA,0,NA,NA,NA,0,NA,NA,0,0,NA,NA,NA,0,NA,NA,NA,NA,2,68,0,NA,NA,59
"69",480683,"Attempt saved. Anthony Martial (Manchester United) left footed shot from the centre of the box is saved in the bottom left corner.","59'","Manchester United","Stoke City","2","0",0,0,0,1,0,"saved","Anthony Martial","Manchester United","left","the centre of the box","the bottom left corner",NA,0,NA,NA,0,NA,0,0,NA,NA,NA,0,NA,NA,NA,0,NA,NA,0,NA,0,NA,NA,NA,0,NA,NA,0,0,NA,NA,NA,0,NA,NA,NA,NA,2,69,0,NA,NA,59
"70",480683,"Substitution, Stoke City. Ramadan Sobhi replaces Eric Maxim Choupo-Moting.","61'","Manchester United","Stoke City","2","0",0,0,0,0,0,NA,NA,NA,NA,NA,NA,NA,0,NA,NA,0,NA,0,0,NA,NA,NA,0,NA,NA,NA,0,NA,NA,0,NA,0,NA,NA,NA,0,NA,NA,1,0,"Stoke City","Ramadan Sobhi","Eric Maxim Choupo",0,NA,NA,NA,NA,2,70,0,NA,NA,61
"71",480683,"Foul by Jesse Lingard (Manchester United).","61'","Manchester United","Stoke City","2","0",0,0,0,0,0,NA,NA,NA,NA,NA,NA,NA,1,"Jesse Lingard","Manchester United",0,NA,0,0,NA,NA,NA,0,NA,NA,NA,0,NA,NA,0,NA,0,NA,NA,NA,0,NA,NA,0,0,NA,NA,NA,0,NA,NA,NA,NA,2,71,0,NA,NA,61
"72",480683,"Moritz Bauer (Stoke City) wins a free kick in the defensive half.","61'","Manchester United","Stoke City","2","0",0,0,0,0,0,NA,NA,NA,NA,NA,NA,NA,0,NA,NA,0,NA,0,0,NA,NA,NA,0,NA,NA,NA,0,NA,NA,0,NA,1,"Moritz Bauer","Stoke City","defensive half",0,NA,NA,0,0,NA,NA,NA,0,NA,NA,NA,NA,2,72,0,NA,NA,61
"73",480683,"Attempt missed. Juan Mata (Manchester United) left footed shot from the right side of the box is close, but misses to the left. Assisted by Jesse Lingard.","62'","Manchester United","Stoke City","2","0",0,0,0,1,0,"missed","Juan Mata","Manchester United","left","the right side of the box","close, but left","Jesse Lingard",0,NA,NA,0,NA,0,0,NA,NA,NA,0,NA,NA,NA,0,NA,NA,0,NA,0,NA,NA,NA,0,NA,NA,0,0,NA,NA,NA,0,NA,NA,NA,NA,2,73,0,NA,NA,62
"74",480683,"Darren Fletcher (Stoke City) wins a free kick in the defensive half.","63'","Manchester United","Stoke City","2","0",0,0,0,0,0,NA,NA,NA,NA,NA,NA,NA,0,NA,NA,0,NA,0,0,NA,NA,NA,0,NA,NA,NA,0,NA,NA,0,NA,1,"Darren Fletcher","Stoke City","defensive half",0,NA,NA,0,0,NA,NA,NA,0,NA,NA,NA,NA,2,74,0,NA,NA,63
"75",480683,"Foul by Jesse Lingard (Manchester United).","63'","Manchester United","Stoke City","2","0",0,0,0,0,0,NA,NA,NA,NA,NA,NA,NA,1,"Jesse Lingard","Manchester United",0,NA,0,0,NA,NA,NA,0,NA,NA,NA,0,NA,NA,0,NA,0,NA,NA,NA,0,NA,NA,0,0,NA,NA,NA,0,NA,NA,NA,NA,2,75,0,NA,NA,63
"76",480683,"Jesse Lingard (Manchester United) is shown the yellow card.","63'","Manchester United","Stoke City","2","0",0,0,0,0,0,NA,NA,NA,NA,NA,NA,NA,0,NA,NA,0,NA,0,0,NA,NA,NA,1,"yellow","Jesse Lingard","Manchester United",0,NA,NA,0,NA,0,NA,NA,NA,0,NA,NA,0,0,NA,NA,NA,0,NA,NA,NA,NA,2,76,0,NA,NA,63
"77",480683,"Attempt missed. Juan Mata (Manchester United) left footed shot from the centre of the box is just a bit too high. Assisted by Jesse Lingard.","65'","Manchester United","Stoke City","2","0",0,0,0,1,0,"missed","Juan Mata","Manchester United","left","the centre of the box","just a bit too high","Jesse Lingard",0,NA,NA,0,NA,0,0,NA,NA,NA,0,NA,NA,NA,0,NA,NA,0,NA,0,NA,NA,NA,0,NA,NA,0,0,NA,NA,NA,0,NA,NA,NA,NA,2,77,0,NA,NA,65
"78",480683,"Attempt saved. Romelu Lukaku (Manchester United) right footed shot from the right side of the box is saved in the centre of the goal. Assisted by Jesse Lingard.","66'","Manchester United","Stoke City","2","0",0,0,0,1,0,"saved","Romelu Lukaku","Manchester United","right","the right side of the box","the centre of the goal","Jesse Lingard",0,NA,NA,0,NA,0,0,NA,NA,NA,0,NA,NA,NA,0,NA,NA,0,NA,0,NA,NA,NA,0,NA,NA,0,0,NA,NA,NA,0,NA,NA,NA,NA,2,78,0,NA,NA,66
"79",480683,"Attempt blocked. Jesse Lingard (Manchester United) right footed shot from the centre of the box is blocked.","66'","Manchester United","Stoke City","2","0",0,0,0,1,0,"blocked","Jesse Lingard","Manchester United","right","the centre of the box",NA,NA,0,NA,NA,0,NA,0,0,NA,NA,NA,0,NA,NA,NA,0,NA,NA,0,NA,0,NA,NA,NA,0,NA,NA,0,0,NA,NA,NA,0,NA,NA,NA,NA,2,79,0,NA,NA,66
"80",480683,"Offside, Manchester United. Jesse Lingard tries a through ball, but Juan Mata is caught offside.","66'","Manchester United","Stoke City","2","0",0,0,0,0,0,NA,NA,NA,NA,NA,NA,NA,0,NA,NA,0,NA,0,1,"Manchester United","Juan Mata","Jesse Lingard",0,NA,NA,NA,0,NA,NA,0,NA,0,NA,NA,NA,0,NA,NA,0,0,NA,NA,NA,0,NA,NA,NA,NA,2,80,0,NA,NA,66
"81",480683,"Foul by Bruno Martins Indi (Stoke City).","67'","Manchester United","Stoke City","2","0",0,0,0,0,0,NA,NA,NA,NA,NA,NA,NA,1,"Bruno Martins Indi","Stoke City",0,NA,0,0,NA,NA,NA,0,NA,NA,NA,0,NA,NA,0,NA,0,NA,NA,NA,0,NA,NA,0,0,NA,NA,NA,0,NA,NA,NA,NA,2,81,0,NA,NA,67
"82",480683,"Romelu Lukaku (Manchester United) wins a free kick in the attacking half.","67'","Manchester United","Stoke City","2","0",0,0,0,0,0,NA,NA,NA,NA,NA,NA,NA,0,NA,NA,0,NA,0,0,NA,NA,NA,0,NA,NA,NA,0,NA,NA,0,NA,1,"Romelu Lukaku","Manchester United","attacking half",0,NA,NA,0,0,NA,NA,NA,0,NA,NA,NA,NA,2,82,0,NA,NA,67
"83",480683,"Romelu Lukaku (Manchester United) is shown the yellow card.","67'","Manchester United","Stoke City","2","0",0,0,0,0,0,NA,NA,NA,NA,NA,NA,NA,0,NA,NA,0,NA,0,0,NA,NA,NA,1,"yellow","Romelu Lukaku","Manchester United",0,NA,NA,0,NA,0,NA,NA,NA,0,NA,NA,0,0,NA,NA,NA,0,NA,NA,NA,NA,2,83,0,NA,NA,67
"84",480683,"Foul by Stephen Ireland (Stoke City).","68'","Manchester United","Stoke City","2","0",0,0,0,0,0,NA,NA,NA,NA,NA,NA,NA,1,"Stephen Ireland","Stoke City",0,NA,0,0,NA,NA,NA,0,NA,NA,NA,0,NA,NA,0,NA,0,NA,NA,NA,0,NA,NA,0,0,NA,NA,NA,0,NA,NA,NA,NA,2,84,0,NA,NA,68
"85",480683,"Juan Mata (Manchester United) wins a free kick on the right wing.","68'","Manchester United","Stoke City","2","0",0,0,0,0,0,NA,NA,NA,NA,NA,NA,NA,0,NA,NA,0,NA,0,0,NA,NA,NA,0,NA,NA,NA,0,NA,NA,0,NA,1,"Juan Mata","Manchester United",NA,0,NA,NA,0,0,NA,NA,NA,0,NA,NA,NA,NA,2,85,0,NA,NA,68
"86",480683,"Stephen Ireland (Stoke City) is shown the yellow card for a bad foul.","68'","Manchester United","Stoke City","2","0",0,0,0,0,0,NA,NA,NA,NA,NA,NA,NA,0,NA,NA,0,NA,0,0,NA,NA,NA,1,"yellow","Stephen Ireland","Stoke City",0,NA,NA,0,NA,0,NA,NA,NA,0,NA,NA,0,0,NA,NA,NA,0,NA,NA,NA,NA,2,86,0,NA,NA,68
"87",480683,"Attempt missed. Luke Shaw (Manchester United) left footed shot from outside the box misses to the left. Assisted by Nemanja Matic following a set piece situation.","68'","Manchester United","Stoke City","2","0",0,0,0,1,0,"missed","Luke Shaw","Manchester United","left","outside the box","left","Nemanja Matic following",0,NA,NA,1,NA,0,0,NA,NA,NA,0,NA,NA,NA,0,NA,NA,0,NA,0,NA,NA,NA,0,NA,NA,0,0,NA,NA,NA,0,NA,NA,NA,NA,2,87,0,NA,NA,68
"88",480683,"Attempt missed. Ramadan Sobhi (Stoke City) right footed shot from outside the box is high and wide to the right. Assisted by Stephen Ireland.","69'","Manchester United","Stoke City","2","0",0,0,0,1,0,"missed","Ramadan Sobhi","Stoke City","right","outside the box","high and wide to the right","Stephen Ireland",0,NA,NA,0,NA,0,0,NA,NA,NA,0,NA,NA,NA,0,NA,NA,0,NA,0,NA,NA,NA,0,NA,NA,0,0,NA,NA,NA,0,NA,NA,NA,NA,2,88,0,NA,NA,69
"89",480683,"Substitution, Stoke City. Mame Biram Diouf replaces Peter Crouch.","70'","Manchester United","Stoke City","2","0",0,0,0,0,0,NA,NA,NA,NA,NA,NA,NA,0,NA,NA,0,NA,0,0,NA,NA,NA,0,NA,NA,NA,0,NA,NA,0,NA,0,NA,NA,NA,0,NA,NA,1,0,"Stoke City","Mame Biram Diouf","Peter Crouch",0,NA,NA,NA,NA,2,89,0,NA,NA,70
"90",480683,"Goal!  Manchester United 3, Stoke City 0. Romelu Lukaku (Manchester United) left footed shot from the centre of the box to the bottom left corner. Assisted by Anthony Martial.","72'","Manchester United","Stoke City","3","0",0,0,0,1,0,"goal","Romelu Lukaku","Manchester United","left","the centre of the box","bottom left corner","Anthony Martial",0,NA,NA,0,NA,0,0,NA,NA,NA,0,NA,NA,NA,0,NA,NA,0,NA,0,NA,NA,NA,0,NA,NA,0,0,NA,NA,NA,0,NA,NA,NA,NA,2,90,0,NA,NA,72
"91",480683,"Offside, Manchester United. Juan Mata tries a through ball, but Romelu Lukaku is caught offside.","79'","Manchester United","Stoke City","3","0",0,0,0,0,0,NA,NA,NA,NA,NA,NA,NA,0,NA,NA,0,NA,0,1,"Manchester United","Romelu Lukaku","Juan Mata",0,NA,NA,NA,0,NA,NA,0,NA,0,NA,NA,NA,0,NA,NA,0,0,NA,NA,NA,0,NA,NA,NA,NA,2,91,0,NA,NA,79
"92",480683,"Substitution, Manchester United. Marouane Fellaini replaces Jesse Lingard.","80'","Manchester United","Stoke City","3","0",0,0,0,0,0,NA,NA,NA,NA,NA,NA,NA,0,NA,NA,0,NA,0,0,NA,NA,NA,0,NA,NA,NA,0,NA,NA,0,NA,0,NA,NA,NA,0,NA,NA,1,0,"Manchester United","Marouane Fellaini","Jesse Lingard",0,NA,NA,NA,NA,2,92,0,NA,NA,80
"93",480683,"Substitution, Manchester United. Marcus Rashford replaces Anthony Martial.","80'","Manchester United","Stoke City","3","0",0,0,0,0,0,NA,NA,NA,NA,NA,NA,NA,0,NA,NA,0,NA,0,0,NA,NA,NA,0,NA,NA,NA,0,NA,NA,0,NA,0,NA,NA,NA,0,NA,NA,1,0,"Manchester United","Marcus Rashford","Anthony Martial",0,NA,NA,NA,NA,2,93,0,NA,NA,80
"94",480683,"Corner,  Manchester United. Conceded by Kevin Wimmer.","81'","Manchester United","Stoke City","3","0",0,0,0,0,0,NA,NA,NA,NA,NA,NA,NA,0,NA,NA,0,NA,0,0,NA,NA,NA,0,NA,NA,NA,0,NA,NA,0,NA,0,NA,NA,NA,1,"Manchester United","Kevin Wimmer",0,0,NA,NA,NA,0,NA,NA,NA,NA,2,94,0,NA,NA,81
"95",480683,"Substitution, Manchester United. Scott McTominay replaces Juan Mata.","83'","Manchester United","Stoke City","3","0",0,0,0,0,0,NA,NA,NA,NA,NA,NA,NA,0,NA,NA,0,NA,0,0,NA,NA,NA,0,NA,NA,NA,0,NA,NA,0,NA,0,NA,NA,NA,0,NA,NA,1,0,"Manchester United","Scott McTominay","Juan Mata",0,NA,NA,NA,NA,2,95,0,NA,NA,83
"96",480683,"Attempt saved. Marcus Rashford (Manchester United) right footed shot from the right side of the six yard box is saved in the centre of the goal. Assisted by Antonio Valencia.","84'","Manchester United","Stoke City","3","0",0,0,0,1,0,"saved","Marcus Rashford","Manchester United","right","the right side of the six yard box","the centre of the goal","Antonio Valencia",0,NA,NA,0,NA,0,0,NA,NA,NA,0,NA,NA,NA,0,NA,NA,0,NA,0,NA,NA,NA,0,NA,NA,0,0,NA,NA,NA,0,NA,NA,NA,NA,2,96,0,NA,NA,84
"97",480683,"Attempt saved. Mame Biram Diouf (Stoke City) left footed shot from the centre of the box is saved in the centre of the goal. Assisted by Xherdan Shaqiri.","86'","Manchester United","Stoke City","3","0",0,0,0,1,0,"saved","Mame Biram Diouf","Stoke City","left","the centre of the box","the centre of the goal","Xherdan Shaqiri",0,NA,NA,0,NA,0,0,NA,NA,NA,0,NA,NA,NA,0,NA,NA,0,NA,0,NA,NA,NA,0,NA,NA,0,0,NA,NA,NA,0,NA,NA,NA,NA,2,97,0,NA,NA,86
"98",480683,"Attempt missed. Mame Biram Diouf (Stoke City) left footed shot from the centre of the box is close, but misses to the left.","86'","Manchester United","Stoke City","3","0",0,0,0,1,0,"missed","Mame Biram Diouf","Stoke City","left","the centre of the box","close, but left",NA,0,NA,NA,0,NA,0,0,NA,NA,NA,0,NA,NA,NA,0,NA,NA,0,NA,0,NA,NA,NA,0,NA,NA,0,0,NA,NA,NA,0,NA,NA,NA,NA,2,98,0,NA,NA,86
"99",480683,"Corner,  Manchester United. Conceded by Kurt Zouma.","89'","Manchester United","Stoke City","3","0",0,0,0,0,0,NA,NA,NA,NA,NA,NA,NA,0,NA,NA,0,NA,0,0,NA,NA,NA,0,NA,NA,NA,0,NA,NA,0,NA,0,NA,NA,NA,1,"Manchester United","Kurt Zouma",0,0,NA,NA,NA,0,NA,NA,NA,NA,2,99,0,NA,NA,89
"100",480683,"Attempt saved. Marcus Rashford (Manchester United) right footed shot from the left side of the box is saved in the centre of the goal. Assisted by Nemanja Matic.","90'","Manchester United","Stoke City","3","0",0,0,0,1,0,"saved","Marcus Rashford","Manchester United","right","the left side of the box","the centre of the goal","Nemanja Matic",0,NA,NA,0,NA,0,0,NA,NA,NA,0,NA,NA,NA,0,NA,NA,0,NA,0,NA,NA,NA,0,NA,NA,0,0,NA,NA,NA,0,NA,NA,NA,NA,2,100,0,NA,NA,90
"101",480683,"Foul by Bruno Martins Indi (Stoke City).","90'+2'","Manchester United","Stoke City","3","0",0,0,0,0,0,NA,NA,NA,NA,NA,NA,NA,1,"Bruno Martins Indi","Stoke City",0,NA,0,0,NA,NA,NA,0,NA,NA,NA,0,NA,NA,0,NA,0,NA,NA,NA,0,NA,NA,0,0,NA,NA,NA,0,NA,NA,NA,NA,2,101,1,NA,NA,92
"102",480683,"Scott McTominay (Manchester United) wins a free kick in the attacking half.","90'+2'","Manchester United","Stoke City","3","0",0,0,0,0,0,NA,NA,NA,NA,NA,NA,NA,0,NA,NA,0,NA,0,0,NA,NA,NA,0,NA,NA,NA,0,NA,NA,0,NA,1,"Scott McTominay","Manchester United","attacking half",0,NA,NA,0,0,NA,NA,NA,0,NA,NA,NA,NA,2,102,1,NA,NA,92
"103",480683,"Attempt missed. Paul Pogba (Manchester United) right footed shot from outside the box is too high from a direct free kick.","90'+3'","Manchester United","Stoke City","3","0",0,0,0,1,0,"missed","Paul Pogba","Manchester United","right","outside the box","too high",NA,0,NA,NA,0,NA,0,0,NA,NA,NA,0,NA,NA,NA,0,NA,NA,0,NA,0,NA,NA,NA,0,NA,NA,0,0,NA,NA,NA,0,NA,NA,NA,NA,2,103,1,NA,NA,93
"104",480683,"Second Half ends, Manchester United 3, Stoke City 0.","90'+3'","Manchester United","Stoke City","3","0",1,0,0,0,0,NA,NA,NA,NA,NA,NA,NA,0,NA,NA,0,NA,0,0,NA,NA,NA,0,NA,NA,NA,0,NA,NA,0,NA,0,NA,NA,NA,0,NA,NA,0,0,NA,NA,NA,0,NA,NA,NA,NA,2,104,1,NA,NA,93
"105",480683,"Match ends, Manchester United 3, Stoke City 0.","90'+3'","Manchester United","Stoke City","3","0",0,1,0,0,0,NA,NA,NA,NA,NA,NA,NA,0,NA,NA,0,NA,0,0,NA,NA,NA,0,NA,NA,NA,0,NA,NA,0,NA,0,NA,NA,NA,0,NA,NA,0,0,NA,NA,NA,0,NA,NA,NA,NA,2,105,1,NA,NA,93
