480796;05-11-2017;First Half begins.;-;Manchester City;Arsenal;0;0;0;0;1;0;0;NA;NA;NA;NA;NA;NA;NA;0;NA;NA;0;NA;0;0;NA;NA;NA;0;NA;NA;NA;0;NA;NA;0;NA;0;NA;NA;NA;0;NA;NA;0;0;NA;NA;NA;0;NA;NA;NA;NA;1;1;0;NA;NA;NA
480796;05-11-2017;Lineups are announced and players are warming up.;-;Manchester City;Arsenal;0;0;0;0;0;0;0;NA;NA;NA;NA;NA;NA;NA;0;NA;NA;0;NA;0;0;NA;NA;NA;0;NA;NA;NA;0;NA;NA;0;NA;0;NA;NA;NA;0;NA;NA;0;0;NA;NA;NA;0;NA;NA;NA;NA;1;2;0;NA;NA;NA
480796;05-11-2017;Corner,  Arsenal. Conceded by Kyle Walker.;1';Manchester City;Arsenal;0;0;0;0;0;0;0;NA;NA;NA;NA;NA;NA;NA;0;NA;NA;0;NA;0;0;NA;NA;NA;0;NA;NA;NA;0;NA;NA;0;NA;0;NA;NA;NA;1;Arsenal;Kyle Walker;0;0;NA;NA;NA;0;NA;NA;NA;NA;1;3;0;NA;NA;1
480796;05-11-2017;Attempt missed. Sergio AgÃ¼ero (Manchester City) right footed shot from the right side of the box is too high. Assisted by Kevin De Bruyne following a fast break.;2';Manchester City;Arsenal;0;0;0;0;0;1;0;missed;Sergio AgÃ¼ero;Manchester City;right;the right side of the box;too high;Kevin De Bruyne;0;NA;NA;0;NA;0;0;NA;NA;NA;0;NA;NA;NA;0;NA;NA;0;NA;0;NA;NA;NA;0;NA;NA;0;0;NA;NA;NA;0;NA;NA;NA;NA;1;4;0;NA;NA;2
480796;05-11-2017;Alexis SÃ¡nchez (Arsenal) wins a free kick in the attacking half.;4';Manchester City;Arsenal;0;0;0;0;0;0;0;NA;NA;NA;NA;NA;NA;NA;0;NA;NA;0;NA;0;0;NA;NA;NA;0;NA;NA;NA;0;NA;NA;0;NA;1;Alexis SÃ¡nchez;Arsenal;attacking half;0;NA;NA;0;0;NA;NA;NA;0;NA;NA;NA;NA;1;5;0;NA;NA;4
480796;05-11-2017;Foul by Fernandinho (Manchester City).;4';Manchester City;Arsenal;0;0;0;0;0;0;0;NA;NA;NA;NA;NA;NA;NA;1;Fernandinho;Manchester City;0;NA;0;0;NA;NA;NA;0;NA;NA;NA;0;NA;NA;0;NA;0;NA;NA;NA;0;NA;NA;0;0;NA;NA;NA;0;NA;NA;NA;NA;1;6;0;NA;NA;4
480796;05-11-2017;Attempt missed. Alex Iwobi (Arsenal) right footed shot from outside the box is high and wide to the left following a set piece situation.;5';Manchester City;Arsenal;0;0;0;0;0;1;0;missed;Alex Iwobi;Arsenal;right;outside the box;high and wide to the left;NA;0;NA;NA;1;NA;0;0;NA;NA;NA;0;NA;NA;NA;0;NA;NA;0;NA;0;NA;NA;NA;0;NA;NA;0;0;NA;NA;NA;0;NA;NA;NA;NA;1;7;0;NA;NA;5
480796;05-11-2017;Foul by Sead Kolasinac (Arsenal).;5';Manchester City;Arsenal;0;0;0;0;0;0;0;NA;NA;NA;NA;NA;NA;NA;1;Sead Kolasinac;Arsenal;0;NA;0;0;NA;NA;NA;0;NA;NA;NA;0;NA;NA;0;NA;0;NA;NA;NA;0;NA;NA;0;0;NA;NA;NA;0;NA;NA;NA;NA;1;8;0;NA;NA;5
480796;05-11-2017;Kyle Walker (Manchester City) wins a free kick in the defensive half.;5';Manchester City;Arsenal;0;0;0;0;0;0;0;NA;NA;NA;NA;NA;NA;NA;0;NA;NA;0;NA;0;0;NA;NA;NA;0;NA;NA;NA;0;NA;NA;0;NA;1;Kyle Walker;Manchester City;defensive half;0;NA;NA;0;0;NA;NA;NA;0;NA;NA;NA;NA;1;9;0;NA;NA;5
480796;05-11-2017;Alexis SÃ¡nchez (Arsenal) wins a free kick in the attacking half.;6';Manchester City;Arsenal;0;0;0;0;0;0;0;NA;NA;NA;NA;NA;NA;NA;0;NA;NA;0;NA;0;0;NA;NA;NA;0;NA;NA;NA;0;NA;NA;0;NA;1;Alexis SÃ¡nchez;Arsenal;attacking half;0;NA;NA;0;0;NA;NA;NA;0;NA;NA;NA;NA;1;10;0;NA;NA;6
480796;05-11-2017;Foul by Fernandinho (Manchester City).;6';Manchester City;Arsenal;0;0;0;0;0;0;0;NA;NA;NA;NA;NA;NA;NA;1;Fernandinho;Manchester City;0;NA;0;0;NA;NA;NA;0;NA;NA;NA;0;NA;NA;0;NA;0;NA;NA;NA;0;NA;NA;0;0;NA;NA;NA;0;NA;NA;NA;NA;1;11;0;NA;NA;6
480796;05-11-2017;Corner,  Arsenal. Conceded by NicolÃ¡s Otamendi.;7';Manchester City;Arsenal;0;0;0;0;0;0;0;NA;NA;NA;NA;NA;NA;NA;0;NA;NA;0;NA;0;0;NA;NA;NA;0;NA;NA;NA;0;NA;NA;0;NA;0;NA;NA;NA;1;Arsenal;NicolÃ¡s Otamendi;0;0;NA;NA;NA;0;NA;NA;NA;NA;1;12;0;NA;NA;7
480796;05-11-2017;Corner,  Arsenal. Conceded by Fernandinho.;7';Manchester City;Arsenal;0;0;0;0;0;0;0;NA;NA;NA;NA;NA;NA;NA;0;NA;NA;0;NA;0;0;NA;NA;NA;0;NA;NA;NA;0;NA;NA;0;NA;0;NA;NA;NA;1;Arsenal;Fernandinho;0;0;NA;NA;NA;0;NA;NA;NA;NA;1;13;0;NA;NA;7
480796;05-11-2017;Foul by Sead Kolasinac (Arsenal).;8';Manchester City;Arsenal;0;0;0;0;0;0;0;NA;NA;NA;NA;NA;NA;NA;1;Sead Kolasinac;Arsenal;0;NA;0;0;NA;NA;NA;0;NA;NA;NA;0;NA;NA;0;NA;0;NA;NA;NA;0;NA;NA;0;0;NA;NA;NA;0;NA;NA;NA;NA;1;14;0;NA;NA;8
480796;05-11-2017;Sergio AgÃ¼ero (Manchester City) wins a free kick in the defensive half.;8';Manchester City;Arsenal;0;0;0;0;0;0;0;NA;NA;NA;NA;NA;NA;NA;0;NA;NA;0;NA;0;0;NA;NA;NA;0;NA;NA;NA;0;NA;NA;0;NA;1;Sergio AgÃ¼ero;Manchester City;defensive half;0;NA;NA;0;0;NA;NA;NA;0;NA;NA;NA;NA;1;15;0;NA;NA;8
480796;05-11-2017;Alexis SÃ¡nchez (Arsenal) wins a free kick in the attacking half.;9';Manchester City;Arsenal;0;0;0;0;0;0;0;NA;NA;NA;NA;NA;NA;NA;0;NA;NA;0;NA;0;0;NA;NA;NA;0;NA;NA;NA;0;NA;NA;0;NA;1;Alexis SÃ¡nchez;Arsenal;attacking half;0;NA;NA;0;0;NA;NA;NA;0;NA;NA;NA;NA;1;16;0;NA;NA;9
480796;05-11-2017;Foul by John Stones (Manchester City).;9';Manchester City;Arsenal;0;0;0;0;0;0;0;NA;NA;NA;NA;NA;NA;NA;1;John Stones;Manchester City;0;NA;0;0;NA;NA;NA;0;NA;NA;NA;0;NA;NA;0;NA;0;NA;NA;NA;0;NA;NA;0;0;NA;NA;NA;0;NA;NA;NA;NA;1;17;0;NA;NA;9
480796;05-11-2017;Attempt missed. Alexis SÃ¡nchez (Arsenal) right footed shot from outside the box misses to the left from a direct free kick.;9';Manchester City;Arsenal;0;0;0;0;0;1;0;missed;Alexis SÃ¡nchez;Arsenal;right;outside the box;left;NA;0;NA;NA;0;NA;0;0;NA;NA;NA;0;NA;NA;NA;0;NA;NA;0;NA;0;NA;NA;NA;0;NA;NA;0;0;NA;NA;NA;0;NA;NA;NA;NA;1;18;0;NA;NA;9
480796;05-11-2017;Attempt missed. Mesut Ã–zil (Arsenal) left footed shot from the right side of the box misses to the left. Assisted by Alexis SÃ¡nchez.;10';Manchester City;Arsenal;0;0;0;0;0;1;0;missed;Mesut Ã–zil;Arsenal;left;the right side of the box;left;Alexis SÃ¡nchez;0;NA;NA;0;NA;0;0;NA;NA;NA;0;NA;NA;NA;0;NA;NA;0;NA;0;NA;NA;NA;0;NA;NA;0;0;NA;NA;NA;0;NA;NA;NA;NA;1;19;0;NA;NA;10
480796;05-11-2017;Offside, Arsenal. Aaron Ramsey tries a through ball, but Alexis SÃ¡nchez is caught offside.;14';Manchester City;Arsenal;0;0;0;0;0;0;0;NA;NA;NA;NA;NA;NA;NA;0;NA;NA;0;NA;0;1;Arsenal;Alexis SÃ¡nchez;Aaron Ramsey;0;NA;NA;NA;0;NA;NA;0;NA;0;NA;NA;NA;0;NA;NA;0;0;NA;NA;NA;0;NA;NA;NA;NA;1;20;0;NA;NA;14
480796;05-11-2017;Offside, Manchester City. David Silva tries a through ball, but Raheem Sterling is caught offside.;15';Manchester City;Arsenal;0;0;0;0;0;0;0;NA;NA;NA;NA;NA;NA;NA;0;NA;NA;0;NA;0;1;Manchester City;Raheem Sterling;David Silva;0;NA;NA;NA;0;NA;NA;0;NA;0;NA;NA;NA;0;NA;NA;0;0;NA;NA;NA;0;NA;NA;NA;NA;1;21;0;NA;NA;15
480796;05-11-2017;Attempt saved. Kevin De Bruyne (Manchester City) right footed shot from outside the box is saved in the bottom left corner.;18';Manchester City;Arsenal;0;0;0;0;0;1;0;saved;Kevin De Bruyne;Manchester City;right;outside the box;the bottom left corner;NA;0;NA;NA;0;NA;0;0;NA;NA;NA;0;NA;NA;NA;0;NA;NA;0;NA;0;NA;NA;NA;0;NA;NA;0;0;NA;NA;NA;0;NA;NA;NA;NA;1;22;0;NA;NA;18
480796;05-11-2017;Goal!  Manchester City 1, Arsenal 0. Kevin De Bruyne (Manchester City) left footed shot from the left side of the box to the bottom right corner. Assisted by Fernandinho.;19';Manchester City;Arsenal;1;0;0;0;0;1;0;goal;Kevin De Bruyne;Manchester City;left;the left side of the box;bottom right corner;Fernandinho;0;NA;NA;0;NA;0;0;NA;NA;NA;0;NA;NA;NA;0;NA;NA;0;NA;0;NA;NA;NA;0;NA;NA;0;0;NA;NA;NA;0;NA;NA;NA;NA;1;23;0;NA;NA;19
480796;05-11-2017;Corner,  Manchester City. Conceded by HÃ©ctor BellerÃ­n.;22';Manchester City;Arsenal;1;0;0;0;0;0;0;NA;NA;NA;NA;NA;NA;NA;0;NA;NA;0;NA;0;0;NA;NA;NA;0;NA;NA;NA;0;NA;NA;0;NA;0;NA;NA;NA;1;Manchester City;HÃ©ctor BellerÃ­n;0;0;NA;NA;NA;0;NA;NA;NA;NA;1;24;0;NA;NA;22
480796;05-11-2017;Corner,  Manchester City. Conceded by Nacho Monreal.;28';Manchester City;Arsenal;1;0;0;0;0;0;0;NA;NA;NA;NA;NA;NA;NA;0;NA;NA;0;NA;0;0;NA;NA;NA;0;NA;NA;NA;0;NA;NA;0;NA;0;NA;NA;NA;1;Manchester City;Nacho Monreal;0;0;NA;NA;NA;0;NA;NA;NA;NA;1;25;0;NA;NA;28
480796;05-11-2017;Attempt blocked. Fabian Delph (Manchester City) left footed shot from outside the box is blocked.;28';Manchester City;Arsenal;1;0;0;0;0;1;0;blocked;Fabian Delph;Manchester City;left;outside the box;NA;NA;0;NA;NA;0;NA;0;0;NA;NA;NA;0;NA;NA;NA;0;NA;NA;0;NA;0;NA;NA;NA;0;NA;NA;0;0;NA;NA;NA;0;NA;NA;NA;NA;1;26;0;NA;NA;28
480796;05-11-2017;Offside, Arsenal. Petr Cech tries a through ball, but Alexis SÃ¡nchez is caught offside.;30';Manchester City;Arsenal;1;0;0;0;0;0;0;NA;NA;NA;NA;NA;NA;NA;0;NA;NA;0;NA;0;1;Arsenal;Alexis SÃ¡nchez;Petr Cech;0;NA;NA;NA;0;NA;NA;0;NA;0;NA;NA;NA;0;NA;NA;0;0;NA;NA;NA;0;NA;NA;NA;NA;1;27;0;NA;NA;30
480796;05-11-2017;Fabian Delph (Manchester City) wins a free kick on the left wing.;31';Manchester City;Arsenal;1;0;0;0;0;0;0;NA;NA;NA;NA;NA;NA;NA;0;NA;NA;0;NA;0;0;NA;NA;NA;0;NA;NA;NA;0;NA;NA;0;NA;1;Fabian Delph;Manchester City;NA;0;NA;NA;0;0;NA;NA;NA;0;NA;NA;NA;NA;1;28;0;NA;NA;31
480796;05-11-2017;Foul by HÃ©ctor BellerÃ­n (Arsenal).;31';Manchester City;Arsenal;1;0;0;0;0;0;0;NA;NA;NA;NA;NA;NA;NA;1;HÃ©ctor BellerÃ­n;Arsenal;0;NA;0;0;NA;NA;NA;0;NA;NA;NA;0;NA;NA;0;NA;0;NA;NA;NA;0;NA;NA;0;0;NA;NA;NA;0;NA;NA;NA;NA;1;29;0;NA;NA;31
480796;05-11-2017;Foul by Fernandinho (Manchester City).;33';Manchester City;Arsenal;1;0;0;0;0;0;0;NA;NA;NA;NA;NA;NA;NA;1;Fernandinho;Manchester City;0;NA;0;0;NA;NA;NA;0;NA;NA;NA;0;NA;NA;0;NA;0;NA;NA;NA;0;NA;NA;0;0;NA;NA;NA;0;NA;NA;NA;NA;1;30;0;NA;NA;33
480796;05-11-2017;Mesut Ã–zil (Arsenal) wins a free kick in the defensive half.;33';Manchester City;Arsenal;1;0;0;0;0;0;0;NA;NA;NA;NA;NA;NA;NA;0;NA;NA;0;NA;0;0;NA;NA;NA;0;NA;NA;NA;0;NA;NA;0;NA;1;Mesut Ã–zil;Arsenal;defensive half;0;NA;NA;0;0;NA;NA;NA;0;NA;NA;NA;NA;1;31;0;NA;NA;33
480796;05-11-2017;Delay in match Aaron Ramsey (Arsenal) because of an injury.;36';Manchester City;Arsenal;1;0;0;0;0;0;0;NA;NA;NA;NA;NA;NA;NA;0;NA;NA;0;NA;0;0;NA;NA;NA;0;NA;NA;NA;0;NA;NA;1;Arsenal;0;NA;NA;NA;0;NA;NA;0;0;NA;NA;NA;0;NA;NA;NA;NA;1;32;0;NA;NA;36
480796;05-11-2017;Delay over. They are ready to continue.;36';Manchester City;Arsenal;1;0;0;0;0;0;0;NA;NA;NA;NA;NA;NA;NA;0;NA;NA;0;NA;0;0;NA;NA;NA;0;NA;NA;NA;0;NA;NA;0;NA;0;NA;NA;NA;0;NA;NA;0;0;NA;NA;NA;0;NA;NA;NA;NA;1;33;0;NA;NA;36
480796;05-11-2017;Foul by Alexis SÃ¡nchez (Arsenal).;39';Manchester City;Arsenal;1;0;0;0;0;0;0;NA;NA;NA;NA;NA;NA;NA;1;Alexis SÃ¡nchez;Arsenal;0;NA;0;0;NA;NA;NA;0;NA;NA;NA;0;NA;NA;0;NA;0;NA;NA;NA;0;NA;NA;0;0;NA;NA;NA;0;NA;NA;NA;NA;1;34;0;NA;NA;39
480796;05-11-2017;Raheem Sterling (Manchester City) wins a free kick in the defensive half.;39';Manchester City;Arsenal;1;0;0;0;0;0;0;NA;NA;NA;NA;NA;NA;NA;0;NA;NA;0;NA;0;0;NA;NA;NA;0;NA;NA;NA;0;NA;NA;0;NA;1;Raheem Sterling;Manchester City;defensive half;0;NA;NA;0;0;NA;NA;NA;0;NA;NA;NA;NA;1;35;0;NA;NA;39
480796;05-11-2017;Corner,  Arsenal. Conceded by John Stones.;41';Manchester City;Arsenal;1;0;0;0;0;0;0;NA;NA;NA;NA;NA;NA;NA;0;NA;NA;0;NA;0;0;NA;NA;NA;0;NA;NA;NA;0;NA;NA;0;NA;0;NA;NA;NA;1;Arsenal;John Stones;0;0;NA;NA;NA;0;NA;NA;NA;NA;1;36;0;NA;NA;41
480796;05-11-2017;Aaron Ramsey (Arsenal) wins a free kick in the defensive half.;44';Manchester City;Arsenal;1;0;0;0;0;0;0;NA;NA;NA;NA;NA;NA;NA;0;NA;NA;0;NA;0;0;NA;NA;NA;0;NA;NA;NA;0;NA;NA;0;NA;1;Aaron Ramsey;Arsenal;defensive half;0;NA;NA;0;0;NA;NA;NA;0;NA;NA;NA;NA;1;37;0;NA;NA;44
480796;05-11-2017;Foul by David Silva (Manchester City).;44';Manchester City;Arsenal;1;0;0;0;0;0;0;NA;NA;NA;NA;NA;NA;NA;1;David Silva;Manchester City;0;NA;0;0;NA;NA;NA;0;NA;NA;NA;0;NA;NA;0;NA;0;NA;NA;NA;0;NA;NA;0;0;NA;NA;NA;0;NA;NA;NA;NA;1;38;0;NA;NA;44
480796;05-11-2017;Alex Iwobi (Arsenal) wins a free kick in the defensive half.;45';Manchester City;Arsenal;1;0;0;0;0;0;0;NA;NA;NA;NA;NA;NA;NA;0;NA;NA;0;NA;0;0;NA;NA;NA;0;NA;NA;NA;0;NA;NA;0;NA;1;Alex Iwobi;Arsenal;defensive half;0;NA;NA;0;0;NA;NA;NA;0;NA;NA;NA;NA;1;39;0;NA;NA;45
480796;05-11-2017;Foul by Kevin De Bruyne (Manchester City).;45';Manchester City;Arsenal;1;0;0;0;0;0;0;NA;NA;NA;NA;NA;NA;NA;1;Kevin De Bruyne;Manchester City;0;NA;0;0;NA;NA;NA;0;NA;NA;NA;0;NA;NA;0;NA;0;NA;NA;NA;0;NA;NA;0;0;NA;NA;NA;0;NA;NA;NA;NA;1;40;0;NA;NA;45
480796;05-11-2017;Attempt saved. Aaron Ramsey (Arsenal) right footed shot from the left side of the box is saved in the bottom left corner. Assisted by Alexis SÃ¡nchez.;45'+1';Manchester City;Arsenal;1;0;0;0;0;1;0;saved;Aaron Ramsey;Arsenal;right;the left side of the box;the bottom left corner;Alexis SÃ¡nchez;0;NA;NA;0;NA;0;0;NA;NA;NA;0;NA;NA;NA;0;NA;NA;0;NA;0;NA;NA;NA;0;NA;NA;0;0;NA;NA;NA;0;NA;NA;NA;NA;1;41;1;NA;NA;46
480796;05-11-2017;First Half ends, Manchester City 1, Arsenal 0.;45'+2';Manchester City;Arsenal;1;0;1;0;0;0;0;NA;NA;NA;NA;NA;NA;NA;0;NA;NA;0;NA;0;0;NA;NA;NA;0;NA;NA;NA;0;NA;NA;0;NA;0;NA;NA;NA;0;NA;NA;0;0;NA;NA;NA;0;NA;NA;NA;NA;1;42;1;NA;NA;47
480796;05-11-2017;Second Half begins Manchester City 1, Arsenal 0.;45';Manchester City;Arsenal;1;0;0;0;1;0;0;NA;NA;NA;NA;NA;NA;NA;0;NA;NA;0;NA;0;0;NA;NA;NA;0;NA;NA;NA;0;NA;NA;0;NA;0;NA;NA;NA;0;NA;NA;0;0;NA;NA;NA;0;NA;NA;NA;NA;2;43;0;NA;NA;45
480796;05-11-2017;Fernandinho (Manchester City) wins a free kick in the defensive half.;46';Manchester City;Arsenal;1;0;0;0;0;0;0;NA;NA;NA;NA;NA;NA;NA;0;NA;NA;0;NA;0;0;NA;NA;NA;0;NA;NA;NA;0;NA;NA;0;NA;1;Fernandinho;Manchester City;defensive half;0;NA;NA;0;0;NA;NA;NA;0;NA;NA;NA;NA;2;44;0;NA;NA;46
480796;05-11-2017;Foul by Aaron Ramsey (Arsenal).;46';Manchester City;Arsenal;1;0;0;0;0;0;0;NA;NA;NA;NA;NA;NA;NA;1;Aaron Ramsey;Arsenal;0;NA;0;0;NA;NA;NA;0;NA;NA;NA;0;NA;NA;0;NA;0;NA;NA;NA;0;NA;NA;0;0;NA;NA;NA;0;NA;NA;NA;NA;2;45;0;NA;NA;46
480796;05-11-2017;David Silva (Manchester City) wins a free kick in the attacking half.;48';Manchester City;Arsenal;1;0;0;0;0;0;0;NA;NA;NA;NA;NA;NA;NA;0;NA;NA;0;NA;0;0;NA;NA;NA;0;NA;NA;NA;0;NA;NA;0;NA;1;David Silva;Manchester City;attacking half;0;NA;NA;0;0;NA;NA;NA;0;NA;NA;NA;NA;2;46;0;NA;NA;48
480796;05-11-2017;Foul by Mesut Ã–zil (Arsenal).;48';Manchester City;Arsenal;1;0;0;0;0;0;0;NA;NA;NA;NA;NA;NA;NA;1;Mesut Ã–zil;Arsenal;0;NA;0;0;NA;NA;NA;0;NA;NA;NA;0;NA;NA;0;NA;0;NA;NA;NA;0;NA;NA;0;0;NA;NA;NA;0;NA;NA;NA;NA;2;47;0;NA;NA;48
480796;05-11-2017;Penalty Manchester City. Raheem Sterling draws a foul in the penalty area.;49';Manchester City;Arsenal;1;0;0;0;0;0;0;NA;NA;NA;NA;NA;NA;NA;0;NA;NA;0;NA;0;0;NA;NA;NA;0;NA;NA;NA;0;NA;NA;0;NA;0;NA;NA;NA;0;NA;NA;0;0;NA;NA;NA;1;Manchester City;Raheem Sterling;NA;NA;2;48;0;NA;NA;49
480796;05-11-2017;Penalty conceded by Nacho Monreal (Arsenal) after a foul in the penalty area.;49';Manchester City;Arsenal;1;0;0;0;0;0;0;NA;NA;NA;NA;NA;NA;NA;0;NA;NA;0;NA;0;0;NA;NA;NA;0;NA;NA;NA;0;NA;NA;0;NA;0;NA;NA;NA;0;NA;NA;0;0;NA;NA;NA;1;Arsenal;NA;Nacho Monreal;Arsenal;2;49;0;NA;NA;49
480796;05-11-2017;Nacho Monreal (Arsenal) is shown the yellow card for a bad foul.;49';Manchester City;Arsenal;1;0;0;0;0;0;0;NA;NA;NA;NA;NA;NA;NA;0;NA;NA;0;NA;0;0;NA;NA;NA;1;yellow;Nacho Monreal;Arsenal;0;NA;NA;0;NA;0;NA;NA;NA;0;NA;NA;0;0;NA;NA;NA;0;NA;NA;NA;NA;2;50;0;NA;NA;49
480796;05-11-2017;Goal!  Manchester City 2, Arsenal 0. Sergio AgÃ¼ero (Manchester City) converts the penalty with a right footed shot to the bottom right corner.;50';Manchester City;Arsenal;2;0;0;0;0;1;0;goal;Sergio AgÃ¼ero;Manchester City;right;NA;bottom right corner;NA;0;NA;NA;0;NA;0;0;NA;NA;NA;0;NA;NA;NA;0;NA;NA;0;NA;0;NA;NA;NA;0;NA;NA;0;0;NA;NA;NA;0;NA;NA;NA;NA;2;51;0;NA;NA;50
480796;05-11-2017;Foul by Kevin De Bruyne (Manchester City).;51';Manchester City;Arsenal;2;0;0;0;0;0;0;NA;NA;NA;NA;NA;NA;NA;1;Kevin De Bruyne;Manchester City;0;NA;0;0;NA;NA;NA;0;NA;NA;NA;0;NA;NA;0;NA;0;NA;NA;NA;0;NA;NA;0;0;NA;NA;NA;0;NA;NA;NA;NA;2;52;0;NA;NA;51
480796;05-11-2017;Mesut Ã–zil (Arsenal) wins a free kick in the attacking half.;51';Manchester City;Arsenal;2;0;0;0;0;0;0;NA;NA;NA;NA;NA;NA;NA;0;NA;NA;0;NA;0;0;NA;NA;NA;0;NA;NA;NA;0;NA;NA;0;NA;1;Mesut Ã–zil;Arsenal;attacking half;0;NA;NA;0;0;NA;NA;NA;0;NA;NA;NA;NA;2;53;0;NA;NA;51
480796;05-11-2017;Offside, Arsenal. Mesut Ã–zil tries a through ball, but Alexis SÃ¡nchez is caught offside.;53';Manchester City;Arsenal;2;0;0;0;0;0;0;NA;NA;NA;NA;NA;NA;NA;0;NA;NA;0;NA;0;1;Arsenal;Alexis SÃ¡nchez;Mesut Ã–zil;0;NA;NA;NA;0;NA;NA;0;NA;0;NA;NA;NA;0;NA;NA;0;0;NA;NA;NA;0;NA;NA;NA;NA;2;54;0;NA;NA;53
480796;05-11-2017;Attempt saved. Alex Iwobi (Arsenal) right footed shot from outside the box is saved in the centre of the goal. Assisted by Aaron Ramsey.;55';Manchester City;Arsenal;2;0;0;0;0;1;0;saved;Alex Iwobi;Arsenal;right;outside the box;the centre of the goal;Aaron Ramsey;0;NA;NA;0;NA;0;0;NA;NA;NA;0;NA;NA;NA;0;NA;NA;0;NA;0;NA;NA;NA;0;NA;NA;0;0;NA;NA;NA;0;NA;NA;NA;NA;2;55;0;NA;NA;55
480796;05-11-2017;Ederson (Manchester City) wins a free kick in the defensive half.;55';Manchester City;Arsenal;2;0;0;0;0;0;0;NA;NA;NA;NA;NA;NA;NA;0;NA;NA;0;NA;0;0;NA;NA;NA;0;NA;NA;NA;0;NA;NA;0;NA;1;Ederson;Manchester City;defensive half;0;NA;NA;0;0;NA;NA;NA;0;NA;NA;NA;NA;2;56;0;NA;NA;55
480796;05-11-2017;Foul by Aaron Ramsey (Arsenal).;55';Manchester City;Arsenal;2;0;0;0;0;0;0;NA;NA;NA;NA;NA;NA;NA;1;Aaron Ramsey;Arsenal;0;NA;0;0;NA;NA;NA;0;NA;NA;NA;0;NA;NA;0;NA;0;NA;NA;NA;0;NA;NA;0;0;NA;NA;NA;0;NA;NA;NA;NA;2;57;0;NA;NA;55
480796;05-11-2017;Alexis SÃ¡nchez (Arsenal) wins a free kick in the defensive half.;56';Manchester City;Arsenal;2;0;0;0;0;0;0;NA;NA;NA;NA;NA;NA;NA;0;NA;NA;0;NA;0;0;NA;NA;NA;0;NA;NA;NA;0;NA;NA;0;NA;1;Alexis SÃ¡nchez;Arsenal;defensive half;0;NA;NA;0;0;NA;NA;NA;0;NA;NA;NA;NA;2;58;0;NA;NA;56
480796;05-11-2017;Foul by Leroy SanÃ© (Manchester City).;56';Manchester City;Arsenal;2;0;0;0;0;0;0;NA;NA;NA;NA;NA;NA;NA;1;Leroy SanÃ©;Manchester City;0;NA;0;0;NA;NA;NA;0;NA;NA;NA;0;NA;NA;0;NA;0;NA;NA;NA;0;NA;NA;0;0;NA;NA;NA;0;NA;NA;NA;NA;2;59;0;NA;NA;56
480796;05-11-2017;Substitution, Arsenal. Alexandre Lacazette replaces Francis Coquelin.;56';Manchester City;Arsenal;2;0;0;0;0;0;0;NA;NA;NA;NA;NA;NA;NA;0;NA;NA;0;NA;0;0;NA;NA;NA;0;NA;NA;NA;0;NA;NA;0;NA;0;NA;NA;NA;0;NA;NA;1;0;Arsenal;Alexandre Lacazette;Francis Coquelin;0;NA;NA;NA;NA;2;60;0;NA;NA;56
480796;05-11-2017;Foul by John Stones (Manchester City).;58';Manchester City;Arsenal;2;0;0;0;0;0;0;NA;NA;NA;NA;NA;NA;NA;1;John Stones;Manchester City;0;NA;0;0;NA;NA;NA;0;NA;NA;NA;0;NA;NA;0;NA;0;NA;NA;NA;0;NA;NA;0;0;NA;NA;NA;0;NA;NA;NA;NA;2;61;0;NA;NA;58
480796;05-11-2017;Granit Xhaka (Arsenal) wins a free kick on the left wing.;58';Manchester City;Arsenal;2;0;0;0;0;0;0;NA;NA;NA;NA;NA;NA;NA;0;NA;NA;0;NA;0;0;NA;NA;NA;0;NA;NA;NA;0;NA;NA;0;NA;1;Granit Xhaka;Arsenal;NA;0;NA;NA;0;0;NA;NA;NA;0;NA;NA;NA;NA;2;62;0;NA;NA;58
480796;05-11-2017;David Silva (Manchester City) wins a free kick in the defensive half.;59';Manchester City;Arsenal;2;0;0;0;0;0;0;NA;NA;NA;NA;NA;NA;NA;0;NA;NA;0;NA;0;0;NA;NA;NA;0;NA;NA;NA;0;NA;NA;0;NA;1;David Silva;Manchester City;defensive half;0;NA;NA;0;0;NA;NA;NA;0;NA;NA;NA;NA;2;63;0;NA;NA;59
480796;05-11-2017;Foul by Alexandre Lacazette (Arsenal).;59';Manchester City;Arsenal;2;0;0;0;0;0;0;NA;NA;NA;NA;NA;NA;NA;1;Alexandre Lacazette;Arsenal;0;NA;0;0;NA;NA;NA;0;NA;NA;NA;0;NA;NA;0;NA;0;NA;NA;NA;0;NA;NA;0;0;NA;NA;NA;0;NA;NA;NA;NA;2;64;0;NA;NA;59
480796;05-11-2017;Alexandre Lacazette (Arsenal) is shown the yellow card for a bad foul.;59';Manchester City;Arsenal;2;0;0;0;0;0;0;NA;NA;NA;NA;NA;NA;NA;0;NA;NA;0;NA;0;0;NA;NA;NA;1;yellow;Alexandre Lacazette;Arsenal;0;NA;NA;0;NA;0;NA;NA;NA;0;NA;NA;0;0;NA;NA;NA;0;NA;NA;NA;NA;2;65;0;NA;NA;59
480796;05-11-2017;Alexis SÃ¡nchez (Arsenal) wins a free kick in the defensive half.;61';Manchester City;Arsenal;2;0;0;0;0;0;0;NA;NA;NA;NA;NA;NA;NA;0;NA;NA;0;NA;0;0;NA;NA;NA;0;NA;NA;NA;0;NA;NA;0;NA;1;Alexis SÃ¡nchez;Arsenal;defensive half;0;NA;NA;0;0;NA;NA;NA;0;NA;NA;NA;NA;2;66;0;NA;NA;61
480796;05-11-2017;Foul by Raheem Sterling (Manchester City).;61';Manchester City;Arsenal;2;0;0;0;0;0;0;NA;NA;NA;NA;NA;NA;NA;1;Raheem Sterling;Manchester City;0;NA;0;0;NA;NA;NA;0;NA;NA;NA;0;NA;NA;0;NA;0;NA;NA;NA;0;NA;NA;0;0;NA;NA;NA;0;NA;NA;NA;NA;2;67;0;NA;NA;61
480796;05-11-2017;Offside, Manchester City. Sergio AgÃ¼ero tries a through ball, but Raheem Sterling is caught offside.;62';Manchester City;Arsenal;2;0;0;0;0;0;0;NA;NA;NA;NA;NA;NA;NA;0;NA;NA;0;NA;0;1;Manchester City;Raheem Sterling;Sergio AgÃ¼ero;0;NA;NA;NA;0;NA;NA;0;NA;0;NA;NA;NA;0;NA;NA;0;0;NA;NA;NA;0;NA;NA;NA;NA;2;68;0;NA;NA;62
480796;05-11-2017;Substitution, Manchester City. Gabriel Jesus replaces Sergio AgÃ¼ero.;62';Manchester City;Arsenal;2;0;0;0;0;0;0;NA;NA;NA;NA;NA;NA;NA;0;NA;NA;0;NA;0;0;NA;NA;NA;0;NA;NA;NA;0;NA;NA;0;NA;0;NA;NA;NA;0;NA;NA;1;0;Manchester City;Gabriel Jesus;Sergio AgÃ¼ero;0;NA;NA;NA;NA;2;69;0;NA;NA;62
480796;05-11-2017;Goal!  Manchester City 2, Arsenal 1. Alexandre Lacazette (Arsenal) right footed shot from the right side of the box to the bottom left corner. Assisted by Aaron Ramsey.;65';Manchester City;Arsenal;2;1;0;0;0;1;0;goal;Alexandre Lacazette;Arsenal;right;the right side of the box;bottom left corner;Aaron Ramsey;0;NA;NA;0;NA;0;0;NA;NA;NA;0;NA;NA;NA;0;NA;NA;0;NA;0;NA;NA;NA;0;NA;NA;0;0;NA;NA;NA;0;NA;NA;NA;NA;2;70;0;NA;NA;65
480796;05-11-2017;Corner,  Arsenal. Conceded by John Stones.;66';Manchester City;Arsenal;2;1;0;0;0;0;0;NA;NA;NA;NA;NA;NA;NA;0;NA;NA;0;NA;0;0;NA;NA;NA;0;NA;NA;NA;0;NA;NA;0;NA;0;NA;NA;NA;1;Arsenal;John Stones;0;0;NA;NA;NA;0;NA;NA;NA;NA;2;71;0;NA;NA;66
480796;05-11-2017;Foul by Laurent Koscielny (Arsenal).;67';Manchester City;Arsenal;2;1;0;0;0;0;0;NA;NA;NA;NA;NA;NA;NA;1;Laurent Koscielny;Arsenal;0;NA;0;0;NA;NA;NA;0;NA;NA;NA;0;NA;NA;0;NA;0;NA;NA;NA;0;NA;NA;0;0;NA;NA;NA;0;NA;NA;NA;NA;2;72;0;NA;NA;67
480796;05-11-2017;Kevin De Bruyne (Manchester City) wins a free kick in the attacking half.;67';Manchester City;Arsenal;2;1;0;0;0;0;0;NA;NA;NA;NA;NA;NA;NA;0;NA;NA;0;NA;0;0;NA;NA;NA;0;NA;NA;NA;0;NA;NA;0;NA;1;Kevin De Bruyne;Manchester City;attacking half;0;NA;NA;0;0;NA;NA;NA;0;NA;NA;NA;NA;2;73;0;NA;NA;67
480796;05-11-2017;Laurent Koscielny (Arsenal) is shown the yellow card for a bad foul.;67';Manchester City;Arsenal;2;1;0;0;0;0;0;NA;NA;NA;NA;NA;NA;NA;0;NA;NA;0;NA;0;0;NA;NA;NA;1;yellow;Laurent Koscielny;Arsenal;0;NA;NA;0;NA;0;NA;NA;NA;0;NA;NA;0;0;NA;NA;NA;0;NA;NA;NA;NA;2;74;0;NA;NA;67
480796;05-11-2017;Attempt blocked. Leroy SanÃ© (Manchester City) left footed shot from the left side of the box is blocked. Assisted by Raheem Sterling with a cross.;68';Manchester City;Arsenal;2;1;0;0;0;1;0;blocked;Leroy SanÃ©;Manchester City;left;the left side of the box;NA;Raheem Sterling;0;NA;NA;0;cross;0;0;NA;NA;NA;0;NA;NA;NA;0;NA;NA;0;NA;0;NA;NA;NA;0;NA;NA;0;0;NA;NA;NA;0;NA;NA;NA;NA;2;75;0;NA;NA;68
480796;05-11-2017;Corner,  Manchester City. Conceded by HÃ©ctor BellerÃ­n.;68';Manchester City;Arsenal;2;1;0;0;0;0;0;NA;NA;NA;NA;NA;NA;NA;0;NA;NA;0;NA;0;0;NA;NA;NA;0;NA;NA;NA;0;NA;NA;0;NA;0;NA;NA;NA;1;Manchester City;HÃ©ctor BellerÃ­n;0;0;NA;NA;NA;0;NA;NA;NA;NA;2;76;0;NA;NA;68
480796;05-11-2017;Attempt saved. Gabriel Jesus (Manchester City) right footed shot from the right side of the six yard box is saved in the centre of the goal.;68';Manchester City;Arsenal;2;1;0;0;0;1;0;saved;Gabriel Jesus;Manchester City;right;the right side of the six yard box;the centre of the goal;NA;0;NA;NA;0;NA;0;0;NA;NA;NA;0;NA;NA;NA;0;NA;NA;0;NA;0;NA;NA;NA;0;NA;NA;0;0;NA;NA;NA;0;NA;NA;NA;NA;2;77;0;NA;NA;68
480796;05-11-2017;Corner,  Manchester City. Conceded by Petr Cech.;68';Manchester City;Arsenal;2;1;0;0;0;0;0;NA;NA;NA;NA;NA;NA;NA;0;NA;NA;0;NA;0;0;NA;NA;NA;0;NA;NA;NA;0;NA;NA;0;NA;0;NA;NA;NA;1;Manchester City;Petr Cech;0;0;NA;NA;NA;0;NA;NA;NA;NA;2;78;0;NA;NA;68
480796;05-11-2017;Corner,  Manchester City. Conceded by Petr Cech.;69';Manchester City;Arsenal;2;1;0;0;0;0;0;NA;NA;NA;NA;NA;NA;NA;0;NA;NA;0;NA;0;0;NA;NA;NA;0;NA;NA;NA;0;NA;NA;0;NA;0;NA;NA;NA;1;Manchester City;Petr Cech;0;0;NA;NA;NA;0;NA;NA;NA;NA;2;79;0;NA;NA;69
480796;05-11-2017;Attempt missed. John Stones (Manchester City) header from the centre of the box is too high. Assisted by Kevin De Bruyne with a cross following a corner.;69';Manchester City;Arsenal;2;1;0;0;0;1;0;missed;John Stones;Manchester City;header;the centre of the box;too high;Kevin De Bruyne;0;NA;NA;0;cross;1;0;NA;NA;NA;0;NA;NA;NA;0;NA;NA;0;NA;0;NA;NA;NA;0;NA;NA;0;0;NA;NA;NA;0;NA;NA;NA;NA;2;80;0;NA;NA;69
480796;05-11-2017;NicolÃ¡s Otamendi (Manchester City) is shown the yellow card for a bad foul.;73';Manchester City;Arsenal;2;1;0;0;0;0;0;NA;NA;NA;NA;NA;NA;NA;0;NA;NA;0;NA;0;0;NA;NA;NA;1;yellow;NicolÃ¡s Otamendi;Manchester City;0;NA;NA;0;NA;0;NA;NA;NA;0;NA;NA;0;0;NA;NA;NA;0;NA;NA;NA;NA;2;81;0;NA;NA;73
480796;05-11-2017;Goal!  Manchester City 3, Arsenal 1. Gabriel Jesus (Manchester City) right footed shot from very close range to the centre of the goal. Assisted by David Silva.;74';Manchester City;Arsenal;3;1;0;0;0;1;0;goal;Gabriel Jesus;Manchester City;right;right shot very close range;centre of the goal;David Silva;0;NA;NA;0;NA;0;0;NA;NA;NA;0;NA;NA;NA;0;NA;NA;0;NA;0;NA;NA;NA;0;NA;NA;0;0;NA;NA;NA;0;NA;NA;NA;NA;2;82;0;NA;NA;74
480796;05-11-2017;Granit Xhaka (Arsenal) is shown the yellow card.;75';Manchester City;Arsenal;3;1;0;0;0;0;0;NA;NA;NA;NA;NA;NA;NA;0;NA;NA;0;NA;0;0;NA;NA;NA;1;yellow;Granit Xhaka;Arsenal;0;NA;NA;0;NA;0;NA;NA;NA;0;NA;NA;0;0;NA;NA;NA;0;NA;NA;NA;NA;2;83;0;NA;NA;75
480796;05-11-2017;David Silva (Manchester City) wins a free kick in the defensive half.;76';Manchester City;Arsenal;3;1;0;0;0;0;0;NA;NA;NA;NA;NA;NA;NA;0;NA;NA;0;NA;0;0;NA;NA;NA;0;NA;NA;NA;0;NA;NA;0;NA;1;David Silva;Manchester City;defensive half;0;NA;NA;0;0;NA;NA;NA;0;NA;NA;NA;NA;2;84;0;NA;NA;76
480796;05-11-2017;Foul by Alexis SÃ¡nchez (Arsenal).;76';Manchester City;Arsenal;3;1;0;0;0;0;0;NA;NA;NA;NA;NA;NA;NA;1;Alexis SÃ¡nchez;Arsenal;0;NA;0;0;NA;NA;NA;0;NA;NA;NA;0;NA;NA;0;NA;0;NA;NA;NA;0;NA;NA;0;0;NA;NA;NA;0;NA;NA;NA;NA;2;85;0;NA;NA;76
480796;05-11-2017;Alexis SÃ¡nchez (Arsenal) is shown the yellow card for a bad foul.;77';Manchester City;Arsenal;3;1;0;0;0;0;0;NA;NA;NA;NA;NA;NA;NA;0;NA;NA;0;NA;0;0;NA;NA;NA;1;yellow;Alexis SÃ¡nchez;Arsenal;0;NA;NA;0;NA;0;NA;NA;NA;0;NA;NA;0;0;NA;NA;NA;0;NA;NA;NA;NA;2;86;0;NA;NA;77
480796;05-11-2017;Substitution, Manchester City. Ilkay GÃ¼ndogan replaces Raheem Sterling.;78';Manchester City;Arsenal;3;1;0;0;0;0;0;NA;NA;NA;NA;NA;NA;NA;0;NA;NA;0;NA;0;0;NA;NA;NA;0;NA;NA;NA;0;NA;NA;0;NA;0;NA;NA;NA;0;NA;NA;1;0;Manchester City;Ilkay GÃ¼ndogan;Raheem Sterling;0;NA;NA;NA;NA;2;87;0;NA;NA;78
480796;05-11-2017;Substitution, Arsenal. Jack Wilshere replaces Alex Iwobi.;78';Manchester City;Arsenal;3;1;0;0;0;0;0;NA;NA;NA;NA;NA;NA;NA;0;NA;NA;0;NA;0;0;NA;NA;NA;0;NA;NA;NA;0;NA;NA;0;NA;0;NA;NA;NA;0;NA;NA;1;0;Arsenal;Jack Wilshere;Alex Iwobi;0;NA;NA;NA;NA;2;88;0;NA;NA;78
480796;05-11-2017;Substitution, Arsenal. Olivier Giroud replaces Granit Xhaka.;78';Manchester City;Arsenal;3;1;0;0;0;0;0;NA;NA;NA;NA;NA;NA;NA;0;NA;NA;0;NA;0;0;NA;NA;NA;0;NA;NA;NA;0;NA;NA;0;NA;0;NA;NA;NA;0;NA;NA;1;0;Arsenal;Olivier Giroud;Granit Xhaka;0;NA;NA;NA;NA;2;89;0;NA;NA;78
480796;05-11-2017;Hand ball by Gabriel Jesus (Manchester City).;80';Manchester City;Arsenal;3;1;0;0;0;0;0;NA;NA;NA;NA;NA;NA;NA;0;NA;NA;0;NA;0;0;NA;NA;NA;0;NA;NA;NA;0;NA;NA;0;NA;0;NA;NA;NA;0;NA;NA;0;0;NA;NA;NA;0;NA;NA;NA;NA;2;90;0;NA;NA;80
480796;05-11-2017;Foul by Ilkay GÃ¼ndogan (Manchester City).;82';Manchester City;Arsenal;3;1;0;0;0;0;0;NA;NA;NA;NA;NA;NA;NA;1;Ilkay GÃ¼ndogan;Manchester City;0;NA;0;0;NA;NA;NA;0;NA;NA;NA;0;NA;NA;0;NA;0;NA;NA;NA;0;NA;NA;0;0;NA;NA;NA;0;NA;NA;NA;NA;2;91;0;NA;NA;82
480796;05-11-2017;Jack Wilshere (Arsenal) wins a free kick in the defensive half.;82';Manchester City;Arsenal;3;1;0;0;0;0;0;NA;NA;NA;NA;NA;NA;NA;0;NA;NA;0;NA;0;0;NA;NA;NA;0;NA;NA;NA;0;NA;NA;0;NA;1;Jack Wilshere;Arsenal;defensive half;0;NA;NA;0;0;NA;NA;NA;0;NA;NA;NA;NA;2;92;0;NA;NA;82
480796;05-11-2017;Fabian Delph (Manchester City) wins a free kick on the left wing.;84';Manchester City;Arsenal;3;1;0;0;0;0;0;NA;NA;NA;NA;NA;NA;NA;0;NA;NA;0;NA;0;0;NA;NA;NA;0;NA;NA;NA;0;NA;NA;0;NA;1;Fabian Delph;Manchester City;NA;0;NA;NA;0;0;NA;NA;NA;0;NA;NA;NA;NA;2;93;0;NA;NA;84
480796;05-11-2017;Foul by Alexandre Lacazette (Arsenal).;84';Manchester City;Arsenal;3;1;0;0;0;0;0;NA;NA;NA;NA;NA;NA;NA;1;Alexandre Lacazette;Arsenal;0;NA;0;0;NA;NA;NA;0;NA;NA;NA;0;NA;NA;0;NA;0;NA;NA;NA;0;NA;NA;0;0;NA;NA;NA;0;NA;NA;NA;NA;2;94;0;NA;NA;84
480796;05-11-2017;Foul by Kevin De Bruyne (Manchester City).;85';Manchester City;Arsenal;3;1;0;0;0;0;0;NA;NA;NA;NA;NA;NA;NA;1;Kevin De Bruyne;Manchester City;0;NA;0;0;NA;NA;NA;0;NA;NA;NA;0;NA;NA;0;NA;0;NA;NA;NA;0;NA;NA;0;0;NA;NA;NA;0;NA;NA;NA;NA;2;95;0;NA;NA;85
480796;05-11-2017;Nacho Monreal (Arsenal) wins a free kick in the defensive half.;85';Manchester City;Arsenal;3;1;0;0;0;0;0;NA;NA;NA;NA;NA;NA;NA;0;NA;NA;0;NA;0;0;NA;NA;NA;0;NA;NA;NA;0;NA;NA;0;NA;1;Nacho Monreal;Arsenal;defensive half;0;NA;NA;0;0;NA;NA;NA;0;NA;NA;NA;NA;2;96;0;NA;NA;85
480796;05-11-2017;Foul by Kevin De Bruyne (Manchester City).;86';Manchester City;Arsenal;3;1;0;0;0;0;0;NA;NA;NA;NA;NA;NA;NA;1;Kevin De Bruyne;Manchester City;0;NA;0;0;NA;NA;NA;0;NA;NA;NA;0;NA;NA;0;NA;0;NA;NA;NA;0;NA;NA;0;0;NA;NA;NA;0;NA;NA;NA;NA;2;97;0;NA;NA;86
480796;05-11-2017;Nacho Monreal (Arsenal) wins a free kick in the defensive half.;86';Manchester City;Arsenal;3;1;0;0;0;0;0;NA;NA;NA;NA;NA;NA;NA;0;NA;NA;0;NA;0;0;NA;NA;NA;0;NA;NA;NA;0;NA;NA;0;NA;1;Nacho Monreal;Arsenal;defensive half;0;NA;NA;0;0;NA;NA;NA;0;NA;NA;NA;NA;2;98;0;NA;NA;86
480796;05-11-2017;Substitution, Manchester City. Bernardo Silva replaces Leroy SanÃ©.;87';Manchester City;Arsenal;3;1;0;0;0;0;0;NA;NA;NA;NA;NA;NA;NA;0;NA;NA;0;NA;0;0;NA;NA;NA;0;NA;NA;NA;0;NA;NA;0;NA;0;NA;NA;NA;0;NA;NA;1;0;Manchester City;Bernardo Silva;Leroy SanÃ©;0;NA;NA;NA;NA;2;99;0;NA;NA;87
480796;05-11-2017;Fernandinho (Manchester City) wins a free kick in the attacking half.;90';Manchester City;Arsenal;3;1;0;0;0;0;0;NA;NA;NA;NA;NA;NA;NA;0;NA;NA;0;NA;0;0;NA;NA;NA;0;NA;NA;NA;0;NA;NA;0;NA;1;Fernandinho;Manchester City;attacking half;0;NA;NA;0;0;NA;NA;NA;0;NA;NA;NA;NA;2;100;0;NA;NA;90
480796;05-11-2017;Foul by Sead Kolasinac (Arsenal).;90';Manchester City;Arsenal;3;1;0;0;0;0;0;NA;NA;NA;NA;NA;NA;NA;1;Sead Kolasinac;Arsenal;0;NA;0;0;NA;NA;NA;0;NA;NA;NA;0;NA;NA;0;NA;0;NA;NA;NA;0;NA;NA;0;0;NA;NA;NA;0;NA;NA;NA;NA;2;101;0;NA;NA;90
480796;05-11-2017;David Silva (Manchester City) wins a free kick on the right wing.;90';Manchester City;Arsenal;3;1;0;0;0;0;0;NA;NA;NA;NA;NA;NA;NA;0;NA;NA;0;NA;0;0;NA;NA;NA;0;NA;NA;NA;0;NA;NA;0;NA;1;David Silva;Manchester City;NA;0;NA;NA;0;0;NA;NA;NA;0;NA;NA;NA;NA;2;102;0;NA;NA;90
480796;05-11-2017;Foul by Mesut Ã–zil (Arsenal).;90';Manchester City;Arsenal;3;1;0;0;0;0;0;NA;NA;NA;NA;NA;NA;NA;1;Mesut Ã–zil;Arsenal;0;NA;0;0;NA;NA;NA;0;NA;NA;NA;0;NA;NA;0;NA;0;NA;NA;NA;0;NA;NA;0;0;NA;NA;NA;0;NA;NA;NA;NA;2;103;0;NA;NA;90
480796;05-11-2017;Mesut Ã–zil (Arsenal) is shown the yellow card.;90'+1';Manchester City;Arsenal;3;1;0;0;0;0;0;NA;NA;NA;NA;NA;NA;NA;0;NA;NA;0;NA;0;0;NA;NA;NA;1;yellow;Mesut Ã–zil;Arsenal;0;NA;NA;0;NA;0;NA;NA;NA;0;NA;NA;0;0;NA;NA;NA;0;NA;NA;NA;NA;2;104;1;NA;NA;91
480796;05-11-2017;Foul by Jack Wilshere (Arsenal).;90'+1';Manchester City;Arsenal;3;1;0;0;0;0;0;NA;NA;NA;NA;NA;NA;NA;1;Jack Wilshere;Arsenal;0;NA;0;0;NA;NA;NA;0;NA;NA;NA;0;NA;NA;0;NA;0;NA;NA;NA;0;NA;NA;0;0;NA;NA;NA;0;NA;NA;NA;NA;2;105;1;NA;NA;91
480796;05-11-2017;Ilkay GÃ¼ndogan (Manchester City) wins a free kick in the defensive half.;90'+1';Manchester City;Arsenal;3;1;0;0;0;0;0;NA;NA;NA;NA;NA;NA;NA;0;NA;NA;0;NA;0;0;NA;NA;NA;0;NA;NA;NA;0;NA;NA;0;NA;1;Ilkay GÃ¼ndogan;Manchester City;defensive half;0;NA;NA;0;0;NA;NA;NA;0;NA;NA;NA;NA;2;106;1;NA;NA;91
480796;05-11-2017;Offside, Manchester City. Ederson tries a through ball, but Gabriel Jesus is caught offside.;90'+2';Manchester City;Arsenal;3;1;0;0;0;0;0;NA;NA;NA;NA;NA;NA;NA;0;NA;NA;0;NA;0;1;Manchester City;Gabriel Jesus;Ederson;0;NA;NA;NA;0;NA;NA;0;NA;0;NA;NA;NA;0;NA;NA;0;0;NA;NA;NA;0;NA;NA;NA;NA;2;107;1;NA;NA;92
480796;05-11-2017;Delay in match Fabian Delph (Manchester City) because of an injury.;90'+3';Manchester City;Arsenal;3;1;0;0;0;0;0;NA;NA;NA;NA;NA;NA;NA;0;NA;NA;0;NA;0;0;NA;NA;NA;0;NA;NA;NA;0;NA;NA;1;Manchester City;0;NA;NA;NA;0;NA;NA;0;0;NA;NA;NA;0;NA;NA;NA;NA;2;108;1;NA;NA;93
480796;05-11-2017;Delay over. They are ready to continue.;90'+4';Manchester City;Arsenal;3;1;0;0;0;0;0;NA;NA;NA;NA;NA;NA;NA;0;NA;NA;0;NA;0;0;NA;NA;NA;0;NA;NA;NA;0;NA;NA;0;NA;0;NA;NA;NA;0;NA;NA;0;0;NA;NA;NA;0;NA;NA;NA;NA;2;109;1;NA;NA;94
480796;05-11-2017;Foul by Gabriel Jesus (Manchester City).;90'+5';Manchester City;Arsenal;3;1;0;0;0;0;0;NA;NA;NA;NA;NA;NA;NA;1;Gabriel Jesus;Manchester City;0;NA;0;0;NA;NA;NA;0;NA;NA;NA;0;NA;NA;0;NA;0;NA;NA;NA;0;NA;NA;0;0;NA;NA;NA;0;NA;NA;NA;NA;2;110;1;NA;NA;95
480796;05-11-2017;Mesut Ã–zil (Arsenal) wins a free kick in the attacking half.;90'+5';Manchester City;Arsenal;3;1;0;0;0;0;0;NA;NA;NA;NA;NA;NA;NA;0;NA;NA;0;NA;0;0;NA;NA;NA;0;NA;NA;NA;0;NA;NA;0;NA;1;Mesut Ã–zil;Arsenal;attacking half;0;NA;NA;0;0;NA;NA;NA;0;NA;NA;NA;NA;2;111;1;NA;NA;95
480796;05-11-2017;Second Half ends, Manchester City 3, Arsenal 1.;90'+5';Manchester City;Arsenal;3;1;1;0;0;0;0;NA;NA;NA;NA;NA;NA;NA;0;NA;NA;0;NA;0;0;NA;NA;NA;0;NA;NA;NA;0;NA;NA;0;NA;0;NA;NA;NA;0;NA;NA;0;0;NA;NA;NA;0;NA;NA;NA;NA;2;112;1;NA;NA;95
480796;05-11-2017;Match ends, Manchester City 3, Arsenal 1.;90'+5';Manchester City;Arsenal;3;1;0;1;0;0;0;NA;NA;NA;NA;NA;NA;NA;0;NA;NA;0;NA;0;0;NA;NA;NA;0;NA;NA;NA;0;NA;NA;0;NA;0;NA;NA;NA;0;NA;NA;0;0;NA;NA;NA;0;NA;NA;NA;NA;2;113;1;NA;NA;95
