480709;26-12-2017;First Half begins.;-;West Bromwich Albion;Everton;0;0;0;0;1;0;0;NA;NA;NA;NA;NA;NA;NA;0;NA;NA;0;NA;0;0;NA;NA;NA;0;NA;NA;NA;0;NA;NA;0;NA;0;NA;NA;NA;0;NA;NA;0;0;NA;NA;NA;0;NA;NA;NA;NA;1;1;0;NA;NA;NA
480709;26-12-2017;Lineups are announced and players are warming up.;-;West Bromwich Albion;Everton;0;0;0;0;0;0;0;NA;NA;NA;NA;NA;NA;NA;0;NA;NA;0;NA;0;0;NA;NA;NA;0;NA;NA;NA;0;NA;NA;0;NA;0;NA;NA;NA;0;NA;NA;0;0;NA;NA;NA;0;NA;NA;NA;NA;1;2;0;NA;NA;NA
480709;26-12-2017;Chris Brunt (West Bromwich Albion) wins a free kick on the left wing.;1';West Bromwich Albion;Everton;0;0;0;0;0;0;0;NA;NA;NA;NA;NA;NA;NA;0;NA;NA;0;NA;0;0;NA;NA;NA;0;NA;NA;NA;0;NA;NA;0;NA;1;Chris Brunt;West Bromwich Albion;NA;0;NA;NA;0;0;NA;NA;NA;0;NA;NA;NA;NA;1;3;0;NA;NA;1
480709;26-12-2017;Foul by Tom Davies (Everton).;1';West Bromwich Albion;Everton;0;0;0;0;0;0;0;NA;NA;NA;NA;NA;NA;NA;1;Tom Davies;Everton;0;NA;0;0;NA;NA;NA;0;NA;NA;NA;0;NA;NA;0;NA;0;NA;NA;NA;0;NA;NA;0;0;NA;NA;NA;0;NA;NA;NA;NA;1;4;0;NA;NA;1
480709;26-12-2017;Corner,  West Bromwich Albion. Conceded by Cuco Martina.;10';West Bromwich Albion;Everton;0;0;0;0;0;0;0;NA;NA;NA;NA;NA;NA;NA;0;NA;NA;0;NA;0;0;NA;NA;NA;0;NA;NA;NA;0;NA;NA;0;NA;0;NA;NA;NA;1;West Bromwich Albion;Cuco Martina;0;0;NA;NA;NA;0;NA;NA;NA;NA;1;5;0;NA;NA;10
480709;26-12-2017;Attempt missed. Jay Rodriguez (West Bromwich Albion) right footed shot from outside the box misses to the left. Assisted by Jonny Evans following a corner.;11';West Bromwich Albion;Everton;0;0;0;0;0;1;0;missed;Jay Rodriguez;West Bromwich Albion;right;outside the box;left;Jonny Evans;0;NA;NA;0;NA;1;0;NA;NA;NA;0;NA;NA;NA;0;NA;NA;0;NA;0;NA;NA;NA;0;NA;NA;0;0;NA;NA;NA;0;NA;NA;NA;NA;1;6;0;NA;NA;11
480709;26-12-2017;Cuco Martina (Everton) wins a free kick on the left wing.;14';West Bromwich Albion;Everton;0;0;0;0;0;0;0;NA;NA;NA;NA;NA;NA;NA;0;NA;NA;0;NA;0;0;NA;NA;NA;0;NA;NA;NA;0;NA;NA;0;NA;1;Cuco Martina;Everton;NA;0;NA;NA;0;0;NA;NA;NA;0;NA;NA;NA;NA;1;7;0;NA;NA;14
480709;26-12-2017;Foul by Jay Rodriguez (West Bromwich Albion).;14';West Bromwich Albion;Everton;0;0;0;0;0;0;0;NA;NA;NA;NA;NA;NA;NA;1;Jay Rodriguez;West Bromwich Albion;0;NA;0;0;NA;NA;NA;0;NA;NA;NA;0;NA;NA;0;NA;0;NA;NA;NA;0;NA;NA;0;0;NA;NA;NA;0;NA;NA;NA;NA;1;8;0;NA;NA;14
480709;26-12-2017;Foul by Gareth Barry (West Bromwich Albion).;15';West Bromwich Albion;Everton;0;0;0;0;0;0;0;NA;NA;NA;NA;NA;NA;NA;1;Gareth Barry;West Bromwich Albion;0;NA;0;0;NA;NA;NA;0;NA;NA;NA;0;NA;NA;0;NA;0;NA;NA;NA;0;NA;NA;0;0;NA;NA;NA;0;NA;NA;NA;NA;1;9;0;NA;NA;15
480709;26-12-2017;Yannick Bolasie (Everton) wins a free kick on the left wing.;15';West Bromwich Albion;Everton;0;0;0;0;0;0;0;NA;NA;NA;NA;NA;NA;NA;0;NA;NA;0;NA;0;0;NA;NA;NA;0;NA;NA;NA;0;NA;NA;0;NA;1;Yannick Bolasie;Everton;NA;0;NA;NA;0;0;NA;NA;NA;0;NA;NA;NA;NA;1;10;0;NA;NA;15
480709;26-12-2017;Foul by Jay Rodriguez (West Bromwich Albion).;16';West Bromwich Albion;Everton;0;0;0;0;0;0;0;NA;NA;NA;NA;NA;NA;NA;1;Jay Rodriguez;West Bromwich Albion;0;NA;0;0;NA;NA;NA;0;NA;NA;NA;0;NA;NA;0;NA;0;NA;NA;NA;0;NA;NA;0;0;NA;NA;NA;0;NA;NA;NA;NA;1;11;0;NA;NA;16
480709;26-12-2017;Michael Keane (Everton) wins a free kick in the defensive half.;16';West Bromwich Albion;Everton;0;0;0;0;0;0;0;NA;NA;NA;NA;NA;NA;NA;0;NA;NA;0;NA;0;0;NA;NA;NA;0;NA;NA;NA;0;NA;NA;0;NA;1;Michael Keane;Everton;defensive half;0;NA;NA;0;0;NA;NA;NA;0;NA;NA;NA;NA;1;12;0;NA;NA;16
480709;26-12-2017;Corner,  West Bromwich Albion. Conceded by Mason Holgate.;18';West Bromwich Albion;Everton;0;0;0;0;0;0;0;NA;NA;NA;NA;NA;NA;NA;0;NA;NA;0;NA;0;0;NA;NA;NA;0;NA;NA;NA;0;NA;NA;0;NA;0;NA;NA;NA;1;West Bromwich Albion;Mason Holgate;0;0;NA;NA;NA;0;NA;NA;NA;NA;1;13;0;NA;NA;18
480709;26-12-2017;Attempt missed. Craig Dawson (West Bromwich Albion) header from very close range is too high. Assisted by Matt Phillips with a cross following a corner.;18';West Bromwich Albion;Everton;0;0;0;0;0;1;0;missed;Craig Dawson;West Bromwich Albion;header;very close range;too high;Matt Phillips;0;NA;NA;0;cross;1;0;NA;NA;NA;0;NA;NA;NA;0;NA;NA;0;NA;0;NA;NA;NA;0;NA;NA;0;0;NA;NA;NA;0;NA;NA;NA;NA;1;14;0;NA;NA;18
480709;26-12-2017;Corner,  Everton. Conceded by Matt Phillips.;20';West Bromwich Albion;Everton;0;0;0;0;0;0;0;NA;NA;NA;NA;NA;NA;NA;0;NA;NA;0;NA;0;0;NA;NA;NA;0;NA;NA;NA;0;NA;NA;0;NA;0;NA;NA;NA;1;Everton;Matt Phillips;0;0;NA;NA;NA;0;NA;NA;NA;NA;1;15;0;NA;NA;20
480709;26-12-2017;Foul by Jake Livermore (West Bromwich Albion).;21';West Bromwich Albion;Everton;0;0;0;0;0;0;0;NA;NA;NA;NA;NA;NA;NA;1;Jake Livermore;West Bromwich Albion;0;NA;0;0;NA;NA;NA;0;NA;NA;NA;0;NA;NA;0;NA;0;NA;NA;NA;0;NA;NA;0;0;NA;NA;NA;0;NA;NA;NA;NA;1;16;0;NA;NA;21
480709;26-12-2017;Morgan Schneiderlin (Everton) wins a free kick in the attacking half.;21';West Bromwich Albion;Everton;0;0;0;0;0;0;0;NA;NA;NA;NA;NA;NA;NA;0;NA;NA;0;NA;0;0;NA;NA;NA;0;NA;NA;NA;0;NA;NA;0;NA;1;Morgan Schneiderlin;Everton;attacking half;0;NA;NA;0;0;NA;NA;NA;0;NA;NA;NA;NA;1;17;0;NA;NA;21
480709;26-12-2017;Foul by Yannick Bolasie (Everton).;22';West Bromwich Albion;Everton;0;0;0;0;0;0;0;NA;NA;NA;NA;NA;NA;NA;1;Yannick Bolasie;Everton;0;NA;0;0;NA;NA;NA;0;NA;NA;NA;0;NA;NA;0;NA;0;NA;NA;NA;0;NA;NA;0;0;NA;NA;NA;0;NA;NA;NA;NA;1;18;0;NA;NA;22
480709;26-12-2017;Gareth Barry (West Bromwich Albion) wins a free kick in the defensive half.;22';West Bromwich Albion;Everton;0;0;0;0;0;0;0;NA;NA;NA;NA;NA;NA;NA;0;NA;NA;0;NA;0;0;NA;NA;NA;0;NA;NA;NA;0;NA;NA;0;NA;1;Gareth Barry;West Bromwich Albion;defensive half;0;NA;NA;0;0;NA;NA;NA;0;NA;NA;NA;NA;1;19;0;NA;NA;22
480709;26-12-2017;Attempt missed. SalomÃ³n RondÃ³n (West Bromwich Albion) header from the centre of the box misses to the right. Assisted by Kieran Gibbs with a cross.;23';West Bromwich Albion;Everton;0;0;0;0;0;1;0;missed;SalomÃ³n RondÃ³n;West Bromwich Albion;header;the centre of the box;right;Kieran Gibbs;0;NA;NA;0;cross;0;0;NA;NA;NA;0;NA;NA;NA;0;NA;NA;0;NA;0;NA;NA;NA;0;NA;NA;0;0;NA;NA;NA;0;NA;NA;NA;NA;1;20;0;NA;NA;23
480709;26-12-2017;Foul by Gareth Barry (West Bromwich Albion).;24';West Bromwich Albion;Everton;0;0;0;0;0;0;0;NA;NA;NA;NA;NA;NA;NA;1;Gareth Barry;West Bromwich Albion;0;NA;0;0;NA;NA;NA;0;NA;NA;NA;0;NA;NA;0;NA;0;NA;NA;NA;0;NA;NA;0;0;NA;NA;NA;0;NA;NA;NA;NA;1;21;0;NA;NA;24
480709;26-12-2017;Yannick Bolasie (Everton) wins a free kick in the defensive half.;24';West Bromwich Albion;Everton;0;0;0;0;0;0;0;NA;NA;NA;NA;NA;NA;NA;0;NA;NA;0;NA;0;0;NA;NA;NA;0;NA;NA;NA;0;NA;NA;0;NA;1;Yannick Bolasie;Everton;defensive half;0;NA;NA;0;0;NA;NA;NA;0;NA;NA;NA;NA;1;22;0;NA;NA;24
480709;26-12-2017;Attempt missed. Yannick Bolasie (Everton) right footed shot from outside the box is too high. Assisted by Cuco Martina.;26';West Bromwich Albion;Everton;0;0;0;0;0;1;0;missed;Yannick Bolasie;Everton;right;outside the box;too high;Cuco Martina;0;NA;NA;0;NA;0;0;NA;NA;NA;0;NA;NA;NA;0;NA;NA;0;NA;0;NA;NA;NA;0;NA;NA;0;0;NA;NA;NA;0;NA;NA;NA;NA;1;23;0;NA;NA;26
480709;26-12-2017;Foul by Morgan Schneiderlin (Everton).;27';West Bromwich Albion;Everton;0;0;0;0;0;0;0;NA;NA;NA;NA;NA;NA;NA;1;Morgan Schneiderlin;Everton;0;NA;0;0;NA;NA;NA;0;NA;NA;NA;0;NA;NA;0;NA;0;NA;NA;NA;0;NA;NA;0;0;NA;NA;NA;0;NA;NA;NA;NA;1;24;0;NA;NA;27
480709;26-12-2017;SalomÃ³n RondÃ³n (West Bromwich Albion) wins a free kick on the right wing.;27';West Bromwich Albion;Everton;0;0;0;0;0;0;0;NA;NA;NA;NA;NA;NA;NA;0;NA;NA;0;NA;0;0;NA;NA;NA;0;NA;NA;NA;0;NA;NA;0;NA;1;SalomÃ³n RondÃ³n;West Bromwich Albion;NA;0;NA;NA;0;0;NA;NA;NA;0;NA;NA;NA;NA;1;25;0;NA;NA;27
480709;26-12-2017;Attempt saved. Jonny Evans (West Bromwich Albion) header from the centre of the box is saved in the bottom left corner. Assisted by Chris Brunt.;27';West Bromwich Albion;Everton;0;0;0;0;0;1;0;saved;Jonny Evans;West Bromwich Albion;header;the centre of the box;the bottom left corner;Chris Brunt;0;NA;NA;0;NA;0;0;NA;NA;NA;0;NA;NA;NA;0;NA;NA;0;NA;0;NA;NA;NA;0;NA;NA;0;0;NA;NA;NA;0;NA;NA;NA;NA;1;26;0;NA;NA;27
480709;26-12-2017;Foul by Yannick Bolasie (Everton).;29';West Bromwich Albion;Everton;0;0;0;0;0;0;0;NA;NA;NA;NA;NA;NA;NA;1;Yannick Bolasie;Everton;0;NA;0;0;NA;NA;NA;0;NA;NA;NA;0;NA;NA;0;NA;0;NA;NA;NA;0;NA;NA;0;0;NA;NA;NA;0;NA;NA;NA;NA;1;27;0;NA;NA;29
480709;26-12-2017;Gareth Barry (West Bromwich Albion) wins a free kick in the defensive half.;29';West Bromwich Albion;Everton;0;0;0;0;0;0;0;NA;NA;NA;NA;NA;NA;NA;0;NA;NA;0;NA;0;0;NA;NA;NA;0;NA;NA;NA;0;NA;NA;0;NA;1;Gareth Barry;West Bromwich Albion;defensive half;0;NA;NA;0;0;NA;NA;NA;0;NA;NA;NA;NA;1;28;0;NA;NA;29
480709;26-12-2017;Corner,  West Bromwich Albion. Conceded by Michael Keane.;30';West Bromwich Albion;Everton;0;0;0;0;0;0;0;NA;NA;NA;NA;NA;NA;NA;0;NA;NA;0;NA;0;0;NA;NA;NA;0;NA;NA;NA;0;NA;NA;0;NA;0;NA;NA;NA;1;West Bromwich Albion;Michael Keane;0;0;NA;NA;NA;0;NA;NA;NA;NA;1;29;0;NA;NA;30
480709;26-12-2017;Foul by Cuco Martina (Everton).;36';West Bromwich Albion;Everton;0;0;0;0;0;0;0;NA;NA;NA;NA;NA;NA;NA;1;Cuco Martina;Everton;0;NA;0;0;NA;NA;NA;0;NA;NA;NA;0;NA;NA;0;NA;0;NA;NA;NA;0;NA;NA;0;0;NA;NA;NA;0;NA;NA;NA;NA;1;30;0;NA;NA;36
480709;26-12-2017;Matt Phillips (West Bromwich Albion) wins a free kick on the right wing.;36';West Bromwich Albion;Everton;0;0;0;0;0;0;0;NA;NA;NA;NA;NA;NA;NA;0;NA;NA;0;NA;0;0;NA;NA;NA;0;NA;NA;NA;0;NA;NA;0;NA;1;Matt Phillips;West Bromwich Albion;NA;0;NA;NA;0;0;NA;NA;NA;0;NA;NA;NA;NA;1;31;0;NA;NA;36
480709;26-12-2017;Attempt missed. Craig Dawson (West Bromwich Albion) header from the centre of the box is high and wide to the right. Assisted by Chris Brunt with a cross following a set piece situation.;37';West Bromwich Albion;Everton;0;0;0;0;0;1;0;missed;Craig Dawson;West Bromwich Albion;header;the centre of the box;high and wide to the right;Chris Brunt;0;NA;NA;1;cross;0;0;NA;NA;NA;0;NA;NA;NA;0;NA;NA;0;NA;0;NA;NA;NA;0;NA;NA;0;0;NA;NA;NA;0;NA;NA;NA;NA;1;32;0;NA;NA;37
480709;26-12-2017;Foul by Chris Brunt (West Bromwich Albion).;38';West Bromwich Albion;Everton;0;0;0;0;0;0;0;NA;NA;NA;NA;NA;NA;NA;1;Chris Brunt;West Bromwich Albion;0;NA;0;0;NA;NA;NA;0;NA;NA;NA;0;NA;NA;0;NA;0;NA;NA;NA;0;NA;NA;0;0;NA;NA;NA;0;NA;NA;NA;NA;1;33;0;NA;NA;38
480709;26-12-2017;Mason Holgate (Everton) wins a free kick in the defensive half.;38';West Bromwich Albion;Everton;0;0;0;0;0;0;0;NA;NA;NA;NA;NA;NA;NA;0;NA;NA;0;NA;0;0;NA;NA;NA;0;NA;NA;NA;0;NA;NA;0;NA;1;Mason Holgate;Everton;defensive half;0;NA;NA;0;0;NA;NA;NA;0;NA;NA;NA;NA;1;34;0;NA;NA;38
480709;26-12-2017;Ahmed Hegazi (West Bromwich Albion) wins a free kick in the defensive half.;39';West Bromwich Albion;Everton;0;0;0;0;0;0;0;NA;NA;NA;NA;NA;NA;NA;0;NA;NA;0;NA;0;0;NA;NA;NA;0;NA;NA;NA;0;NA;NA;0;NA;1;Ahmed Hegazi;West Bromwich Albion;defensive half;0;NA;NA;0;0;NA;NA;NA;0;NA;NA;NA;NA;1;35;0;NA;NA;39
480709;26-12-2017;Foul by Dominic Calvert-Lewin (Everton).;39';West Bromwich Albion;Everton;0;0;0;0;0;0;0;NA;NA;NA;NA;NA;NA;NA;1;Dominic Calvert-Lewin;Everton;0;NA;0;0;NA;NA;NA;0;NA;NA;NA;0;NA;NA;0;NA;0;NA;NA;NA;0;NA;NA;0;0;NA;NA;NA;0;NA;NA;NA;NA;1;36;0;NA;NA;39
480709;26-12-2017;Attempt saved. Chris Brunt (West Bromwich Albion) left footed shot from outside the box is saved in the bottom left corner.;42';West Bromwich Albion;Everton;0;0;0;0;0;1;0;saved;Chris Brunt;West Bromwich Albion;left;outside the box;the bottom left corner;NA;0;NA;NA;0;NA;0;0;NA;NA;NA;0;NA;NA;NA;0;NA;NA;0;NA;0;NA;NA;NA;0;NA;NA;0;0;NA;NA;NA;0;NA;NA;NA;NA;1;37;0;NA;NA;42
480709;26-12-2017;Foul by Yannick Bolasie (Everton).;43';West Bromwich Albion;Everton;0;0;0;0;0;0;0;NA;NA;NA;NA;NA;NA;NA;1;Yannick Bolasie;Everton;0;NA;0;0;NA;NA;NA;0;NA;NA;NA;0;NA;NA;0;NA;0;NA;NA;NA;0;NA;NA;0;0;NA;NA;NA;0;NA;NA;NA;NA;1;38;0;NA;NA;43
480709;26-12-2017;Matt Phillips (West Bromwich Albion) wins a free kick on the right wing.;43';West Bromwich Albion;Everton;0;0;0;0;0;0;0;NA;NA;NA;NA;NA;NA;NA;0;NA;NA;0;NA;0;0;NA;NA;NA;0;NA;NA;NA;0;NA;NA;0;NA;1;Matt Phillips;West Bromwich Albion;NA;0;NA;NA;0;0;NA;NA;NA;0;NA;NA;NA;NA;1;39;0;NA;NA;43
480709;26-12-2017;Attempt missed. Gareth Barry (West Bromwich Albion) with an attempt from the left side of the six yard box is just a bit too high. Assisted by Chris Brunt with a cross following a set piece situation.;44';West Bromwich Albion;Everton;0;0;0;0;0;1;0;missed;Gareth Barry;West Bromwich Albion;NA;the left side of the six yard box;just a bit too high;Chris Brunt;0;NA;NA;1;cross;0;0;NA;NA;NA;0;NA;NA;NA;0;NA;NA;0;NA;0;NA;NA;NA;0;NA;NA;0;0;NA;NA;NA;0;NA;NA;NA;NA;1;40;0;NA;NA;44
480709;26-12-2017;First Half ends, West Bromwich Albion 0, Everton 0.;45'+1';West Bromwich Albion;Everton;0;0;1;0;0;0;0;NA;NA;NA;NA;NA;NA;NA;0;NA;NA;0;NA;0;0;NA;NA;NA;0;NA;NA;NA;0;NA;NA;0;NA;0;NA;NA;NA;0;NA;NA;0;0;NA;NA;NA;0;NA;NA;NA;NA;1;41;1;NA;NA;46
480709;26-12-2017;Second Half begins West Bromwich Albion 0, Everton 0.;45';West Bromwich Albion;Everton;0;0;0;0;1;0;0;NA;NA;NA;NA;NA;NA;NA;0;NA;NA;0;NA;0;0;NA;NA;NA;0;NA;NA;NA;0;NA;NA;0;NA;0;NA;NA;NA;0;NA;NA;0;0;NA;NA;NA;0;NA;NA;NA;NA;2;42;0;NA;NA;45
480709;26-12-2017;Foul by Jake Livermore (West Bromwich Albion).;48';West Bromwich Albion;Everton;0;0;0;0;0;0;0;NA;NA;NA;NA;NA;NA;NA;1;Jake Livermore;West Bromwich Albion;0;NA;0;0;NA;NA;NA;0;NA;NA;NA;0;NA;NA;0;NA;0;NA;NA;NA;0;NA;NA;0;0;NA;NA;NA;0;NA;NA;NA;NA;2;43;0;NA;NA;48
480709;26-12-2017;Tom Davies (Everton) wins a free kick in the attacking half.;48';West Bromwich Albion;Everton;0;0;0;0;0;0;0;NA;NA;NA;NA;NA;NA;NA;0;NA;NA;0;NA;0;0;NA;NA;NA;0;NA;NA;NA;0;NA;NA;0;NA;1;Tom Davies;Everton;attacking half;0;NA;NA;0;0;NA;NA;NA;0;NA;NA;NA;NA;2;44;0;NA;NA;48
480709;26-12-2017;Attempt blocked. Gareth Barry (West Bromwich Albion) left footed shot from outside the box is blocked. Assisted by Jake Livermore.;49';West Bromwich Albion;Everton;0;0;0;0;0;1;0;blocked;Gareth Barry;West Bromwich Albion;left;outside the box;NA;Jake Livermore;0;NA;NA;0;NA;0;0;NA;NA;NA;0;NA;NA;NA;0;NA;NA;0;NA;0;NA;NA;NA;0;NA;NA;0;0;NA;NA;NA;0;NA;NA;NA;NA;2;45;0;NA;NA;49
480709;26-12-2017;Attempt missed. SalomÃ³n RondÃ³n (West Bromwich Albion) left footed shot from the left side of the box is high and wide to the left. Assisted by Chris Brunt.;49';West Bromwich Albion;Everton;0;0;0;0;0;1;0;missed;SalomÃ³n RondÃ³n;West Bromwich Albion;left;the left side of the box;high and wide to the left;Chris Brunt;0;NA;NA;0;NA;0;0;NA;NA;NA;0;NA;NA;NA;0;NA;NA;0;NA;0;NA;NA;NA;0;NA;NA;0;0;NA;NA;NA;0;NA;NA;NA;NA;2;46;0;NA;NA;49
480709;26-12-2017;Corner,  Everton. Conceded by Chris Brunt.;50';West Bromwich Albion;Everton;0;0;0;0;0;0;0;NA;NA;NA;NA;NA;NA;NA;0;NA;NA;0;NA;0;0;NA;NA;NA;0;NA;NA;NA;0;NA;NA;0;NA;0;NA;NA;NA;1;Everton;Chris Brunt;0;0;NA;NA;NA;0;NA;NA;NA;NA;2;47;0;NA;NA;50
480709;26-12-2017;Attempt saved. Ashley Williams (Everton) header from the centre of the box is saved in the top left corner. Assisted by Gylfi Sigurdsson with a cross.;51';West Bromwich Albion;Everton;0;0;0;0;0;1;0;saved;Ashley Williams;Everton;header;the centre of the box;the top left corner;Gylfi Sigurdsson;0;NA;NA;0;cross;0;0;NA;NA;NA;0;NA;NA;NA;0;NA;NA;0;NA;0;NA;NA;NA;0;NA;NA;0;0;NA;NA;NA;0;NA;NA;NA;NA;2;48;0;NA;NA;51
480709;26-12-2017;Delay in match SalomÃ³n RondÃ³n (West Bromwich Albion) because of an injury.;51';West Bromwich Albion;Everton;0;0;0;0;0;0;0;NA;NA;NA;NA;NA;NA;NA;0;NA;NA;0;NA;0;0;NA;NA;NA;0;NA;NA;NA;0;NA;NA;1;West Bromwich Albion;0;NA;NA;NA;0;NA;NA;0;0;NA;NA;NA;0;NA;NA;NA;NA;2;49;0;NA;NA;51
480709;26-12-2017;Delay over. They are ready to continue.;53';West Bromwich Albion;Everton;0;0;0;0;0;0;0;NA;NA;NA;NA;NA;NA;NA;0;NA;NA;0;NA;0;0;NA;NA;NA;0;NA;NA;NA;0;NA;NA;0;NA;0;NA;NA;NA;0;NA;NA;0;0;NA;NA;NA;0;NA;NA;NA;NA;2;50;0;NA;NA;53
480709;26-12-2017;Substitution, West Bromwich Albion. Hal Robson-Kanu replaces SalomÃ³n RondÃ³n because of an injury.;53';West Bromwich Albion;Everton;0;0;0;0;0;0;0;NA;NA;NA;NA;NA;NA;NA;0;NA;NA;0;NA;0;0;NA;NA;NA;0;NA;NA;NA;0;NA;NA;0;NA;0;NA;NA;NA;0;NA;NA;1;1;West Bromwich Albion;Hal Robson-Kanu;SalomÃ³n RondÃ³n;0;NA;NA;NA;NA;2;51;0;NA;NA;53
480709;26-12-2017;Foul by Ashley Williams (Everton).;56';West Bromwich Albion;Everton;0;0;0;0;0;0;0;NA;NA;NA;NA;NA;NA;NA;1;Ashley Williams;Everton;0;NA;0;0;NA;NA;NA;0;NA;NA;NA;0;NA;NA;0;NA;0;NA;NA;NA;0;NA;NA;0;0;NA;NA;NA;0;NA;NA;NA;NA;2;52;0;NA;NA;56
480709;26-12-2017;Hal Robson-Kanu (West Bromwich Albion) wins a free kick in the defensive half.;56';West Bromwich Albion;Everton;0;0;0;0;0;0;0;NA;NA;NA;NA;NA;NA;NA;0;NA;NA;0;NA;0;0;NA;NA;NA;0;NA;NA;NA;0;NA;NA;0;NA;1;Hal Robson-Kanu;West Bromwich Albion;defensive half;0;NA;NA;0;0;NA;NA;NA;0;NA;NA;NA;NA;2;53;0;NA;NA;56
480709;26-12-2017;Offside, Everton. Tom Davies tries a through ball, but Yannick Bolasie is caught offside.;57';West Bromwich Albion;Everton;0;0;0;0;0;0;0;NA;NA;NA;NA;NA;NA;NA;0;NA;NA;0;NA;0;1;Everton;Yannick Bolasie;Tom Davies;0;NA;NA;NA;0;NA;NA;0;NA;0;NA;NA;NA;0;NA;NA;0;0;NA;NA;NA;0;NA;NA;NA;NA;2;54;0;NA;NA;57
480709;26-12-2017;Attempt blocked. Chris Brunt (West Bromwich Albion) left footed shot from the left side of the box is blocked.;58';West Bromwich Albion;Everton;0;0;0;0;0;1;0;blocked;Chris Brunt;West Bromwich Albion;left;the left side of the box;NA;NA;0;NA;NA;0;NA;0;0;NA;NA;NA;0;NA;NA;NA;0;NA;NA;0;NA;0;NA;NA;NA;0;NA;NA;0;0;NA;NA;NA;0;NA;NA;NA;NA;2;55;0;NA;NA;58
480709;26-12-2017;Foul by Tom Davies (Everton).;60';West Bromwich Albion;Everton;0;0;0;0;0;0;0;NA;NA;NA;NA;NA;NA;NA;1;Tom Davies;Everton;0;NA;0;0;NA;NA;NA;0;NA;NA;NA;0;NA;NA;0;NA;0;NA;NA;NA;0;NA;NA;0;0;NA;NA;NA;0;NA;NA;NA;NA;2;56;0;NA;NA;60
480709;26-12-2017;Gareth Barry (West Bromwich Albion) wins a free kick in the defensive half.;60';West Bromwich Albion;Everton;0;0;0;0;0;0;0;NA;NA;NA;NA;NA;NA;NA;0;NA;NA;0;NA;0;0;NA;NA;NA;0;NA;NA;NA;0;NA;NA;0;NA;1;Gareth Barry;West Bromwich Albion;defensive half;0;NA;NA;0;0;NA;NA;NA;0;NA;NA;NA;NA;2;57;0;NA;NA;60
480709;26-12-2017;Dominic Calvert-Lewin (Everton) wins a free kick in the defensive half.;60';West Bromwich Albion;Everton;0;0;0;0;0;0;0;NA;NA;NA;NA;NA;NA;NA;0;NA;NA;0;NA;0;0;NA;NA;NA;0;NA;NA;NA;0;NA;NA;0;NA;1;Dominic Calvert-Lewin;Everton;defensive half;0;NA;NA;0;0;NA;NA;NA;0;NA;NA;NA;NA;2;58;0;NA;NA;60
480709;26-12-2017;Foul by Jonny Evans (West Bromwich Albion).;60';West Bromwich Albion;Everton;0;0;0;0;0;0;0;NA;NA;NA;NA;NA;NA;NA;1;Jonny Evans;West Bromwich Albion;0;NA;0;0;NA;NA;NA;0;NA;NA;NA;0;NA;NA;0;NA;0;NA;NA;NA;0;NA;NA;0;0;NA;NA;NA;0;NA;NA;NA;NA;2;59;0;NA;NA;60
480709;26-12-2017;Substitution, Everton. Aaron Lennon replaces Yannick Bolasie.;61';West Bromwich Albion;Everton;0;0;0;0;0;0;0;NA;NA;NA;NA;NA;NA;NA;0;NA;NA;0;NA;0;0;NA;NA;NA;0;NA;NA;NA;0;NA;NA;0;NA;0;NA;NA;NA;0;NA;NA;1;0;Everton;Aaron Lennon;Yannick Bolasie;0;NA;NA;NA;NA;2;60;0;NA;NA;61
480709;26-12-2017;Substitution, Everton. Oumar Niasse replaces Dominic Calvert-Lewin.;61';West Bromwich Albion;Everton;0;0;0;0;0;0;0;NA;NA;NA;NA;NA;NA;NA;0;NA;NA;0;NA;0;0;NA;NA;NA;0;NA;NA;NA;0;NA;NA;0;NA;0;NA;NA;NA;0;NA;NA;1;0;Everton;Oumar Niasse;Dominic Calvert-Lewin;0;NA;NA;NA;NA;2;61;0;NA;NA;61
480709;26-12-2017;Attempt missed. Jay Rodriguez (West Bromwich Albion) header from the centre of the box misses to the left. Assisted by Craig Dawson with a cross.;64';West Bromwich Albion;Everton;0;0;0;0;0;1;0;missed;Jay Rodriguez;West Bromwich Albion;header;the centre of the box;left;Craig Dawson;0;NA;NA;0;cross;0;0;NA;NA;NA;0;NA;NA;NA;0;NA;NA;0;NA;0;NA;NA;NA;0;NA;NA;0;0;NA;NA;NA;0;NA;NA;NA;NA;2;62;0;NA;NA;64
480709;26-12-2017;Foul by Cuco Martina (Everton).;66';West Bromwich Albion;Everton;0;0;0;0;0;0;0;NA;NA;NA;NA;NA;NA;NA;1;Cuco Martina;Everton;0;NA;0;0;NA;NA;NA;0;NA;NA;NA;0;NA;NA;0;NA;0;NA;NA;NA;0;NA;NA;0;0;NA;NA;NA;0;NA;NA;NA;NA;2;63;0;NA;NA;66
480709;26-12-2017;Matt Phillips (West Bromwich Albion) wins a free kick in the defensive half.;66';West Bromwich Albion;Everton;0;0;0;0;0;0;0;NA;NA;NA;NA;NA;NA;NA;0;NA;NA;0;NA;0;0;NA;NA;NA;0;NA;NA;NA;0;NA;NA;0;NA;1;Matt Phillips;West Bromwich Albion;defensive half;0;NA;NA;0;0;NA;NA;NA;0;NA;NA;NA;NA;2;64;0;NA;NA;66
480709;26-12-2017;Aaron Lennon (Everton) wins a free kick on the right wing.;67';West Bromwich Albion;Everton;0;0;0;0;0;0;0;NA;NA;NA;NA;NA;NA;NA;0;NA;NA;0;NA;0;0;NA;NA;NA;0;NA;NA;NA;0;NA;NA;0;NA;1;Aaron Lennon;Everton;NA;0;NA;NA;0;0;NA;NA;NA;0;NA;NA;NA;NA;2;65;0;NA;NA;67
480709;26-12-2017;Foul by Jonny Evans (West Bromwich Albion).;67';West Bromwich Albion;Everton;0;0;0;0;0;0;0;NA;NA;NA;NA;NA;NA;NA;1;Jonny Evans;West Bromwich Albion;0;NA;0;0;NA;NA;NA;0;NA;NA;NA;0;NA;NA;0;NA;0;NA;NA;NA;0;NA;NA;0;0;NA;NA;NA;0;NA;NA;NA;NA;2;66;0;NA;NA;67
480709;26-12-2017;Cuco Martina (Everton) wins a free kick on the left wing.;68';West Bromwich Albion;Everton;0;0;0;0;0;0;0;NA;NA;NA;NA;NA;NA;NA;0;NA;NA;0;NA;0;0;NA;NA;NA;0;NA;NA;NA;0;NA;NA;0;NA;1;Cuco Martina;Everton;NA;0;NA;NA;0;0;NA;NA;NA;0;NA;NA;NA;NA;2;67;0;NA;NA;68
480709;26-12-2017;Foul by Craig Dawson (West Bromwich Albion).;68';West Bromwich Albion;Everton;0;0;0;0;0;0;0;NA;NA;NA;NA;NA;NA;NA;1;Craig Dawson;West Bromwich Albion;0;NA;0;0;NA;NA;NA;0;NA;NA;NA;0;NA;NA;0;NA;0;NA;NA;NA;0;NA;NA;0;0;NA;NA;NA;0;NA;NA;NA;NA;2;68;0;NA;NA;68
480709;26-12-2017;Craig Dawson (West Bromwich Albion) is shown the yellow card for a bad foul.;68';West Bromwich Albion;Everton;0;0;0;0;0;0;0;NA;NA;NA;NA;NA;NA;NA;0;NA;NA;0;NA;0;0;NA;NA;NA;1;yellow;Craig Dawson;West Bromwich Albion;0;NA;NA;0;NA;0;NA;NA;NA;0;NA;NA;0;0;NA;NA;NA;0;NA;NA;NA;NA;2;69;0;NA;NA;68
480709;26-12-2017;Attempt missed. Tom Davies (Everton) left footed shot from outside the box is high and wide to the left following a set piece situation.;69';West Bromwich Albion;Everton;0;0;0;0;0;1;0;missed;Tom Davies;Everton;left;outside the box;high and wide to the left;NA;0;NA;NA;1;NA;0;0;NA;NA;NA;0;NA;NA;NA;0;NA;NA;0;NA;0;NA;NA;NA;0;NA;NA;0;0;NA;NA;NA;0;NA;NA;NA;NA;2;70;0;NA;NA;69
480709;26-12-2017;Substitution, West Bromwich Albion. Grzegorz Krychowiak replaces Jake Livermore.;69';West Bromwich Albion;Everton;0;0;0;0;0;0;0;NA;NA;NA;NA;NA;NA;NA;0;NA;NA;0;NA;0;0;NA;NA;NA;0;NA;NA;NA;0;NA;NA;0;NA;0;NA;NA;NA;0;NA;NA;1;0;West Bromwich Albion;Grzegorz Krychowiak;Jake Livermore;0;NA;NA;NA;NA;2;71;0;NA;NA;69
480709;26-12-2017;Foul by Craig Dawson (West Bromwich Albion).;70';West Bromwich Albion;Everton;0;0;0;0;0;0;0;NA;NA;NA;NA;NA;NA;NA;1;Craig Dawson;West Bromwich Albion;0;NA;0;0;NA;NA;NA;0;NA;NA;NA;0;NA;NA;0;NA;0;NA;NA;NA;0;NA;NA;0;0;NA;NA;NA;0;NA;NA;NA;NA;2;72;0;NA;NA;70
480709;26-12-2017;Gylfi Sigurdsson (Everton) wins a free kick on the left wing.;70';West Bromwich Albion;Everton;0;0;0;0;0;0;0;NA;NA;NA;NA;NA;NA;NA;0;NA;NA;0;NA;0;0;NA;NA;NA;0;NA;NA;NA;0;NA;NA;0;NA;1;Gylfi Sigurdsson;Everton;NA;0;NA;NA;0;0;NA;NA;NA;0;NA;NA;NA;NA;2;73;0;NA;NA;70
480709;26-12-2017;Attempt missed. Gylfi Sigurdsson (Everton) right footed shot from the centre of the box misses to the left. Assisted by Oumar Niasse.;73';West Bromwich Albion;Everton;0;0;0;0;0;1;0;missed;Gylfi Sigurdsson;Everton;right;the centre of the box;left;Oumar Niasse;0;NA;NA;0;NA;0;0;NA;NA;NA;0;NA;NA;NA;0;NA;NA;0;NA;0;NA;NA;NA;0;NA;NA;0;0;NA;NA;NA;0;NA;NA;NA;NA;2;74;0;NA;NA;73
480709;26-12-2017;Attempt missed. Gylfi Sigurdsson (Everton) left footed shot from the centre of the box misses to the left.;73';West Bromwich Albion;Everton;0;0;0;0;0;1;0;missed;Gylfi Sigurdsson;Everton;left;the centre of the box;left;NA;0;NA;NA;0;NA;0;0;NA;NA;NA;0;NA;NA;NA;0;NA;NA;0;NA;0;NA;NA;NA;0;NA;NA;0;0;NA;NA;NA;0;NA;NA;NA;NA;2;75;0;NA;NA;73
480709;26-12-2017;Corner,  West Bromwich Albion. Conceded by Ashley Williams.;74';West Bromwich Albion;Everton;0;0;0;0;0;0;0;NA;NA;NA;NA;NA;NA;NA;0;NA;NA;0;NA;0;0;NA;NA;NA;0;NA;NA;NA;0;NA;NA;0;NA;0;NA;NA;NA;1;West Bromwich Albion;Ashley Williams;0;0;NA;NA;NA;0;NA;NA;NA;NA;2;76;0;NA;NA;74
480709;26-12-2017;Corner,  West Bromwich Albion. Conceded by Ashley Williams.;74';West Bromwich Albion;Everton;0;0;0;0;0;0;0;NA;NA;NA;NA;NA;NA;NA;0;NA;NA;0;NA;0;0;NA;NA;NA;0;NA;NA;NA;0;NA;NA;0;NA;0;NA;NA;NA;1;West Bromwich Albion;Ashley Williams;0;0;NA;NA;NA;0;NA;NA;NA;NA;2;77;0;NA;NA;74
480709;26-12-2017;Attempt blocked. Craig Dawson (West Bromwich Albion) header from the centre of the box is blocked. Assisted by Chris Brunt with a cross.;75';West Bromwich Albion;Everton;0;0;0;0;0;1;0;blocked;Craig Dawson;West Bromwich Albion;header;the centre of the box;NA;Chris Brunt;0;NA;NA;0;cross;0;0;NA;NA;NA;0;NA;NA;NA;0;NA;NA;0;NA;0;NA;NA;NA;0;NA;NA;0;0;NA;NA;NA;0;NA;NA;NA;NA;2;78;0;NA;NA;75
480709;26-12-2017;Corner,  West Bromwich Albion. Conceded by Mason Holgate.;75';West Bromwich Albion;Everton;0;0;0;0;0;0;0;NA;NA;NA;NA;NA;NA;NA;0;NA;NA;0;NA;0;0;NA;NA;NA;0;NA;NA;NA;0;NA;NA;0;NA;0;NA;NA;NA;1;West Bromwich Albion;Mason Holgate;0;0;NA;NA;NA;0;NA;NA;NA;NA;2;79;0;NA;NA;75
480709;26-12-2017;Corner,  West Bromwich Albion. Conceded by Mason Holgate.;75';West Bromwich Albion;Everton;0;0;0;0;0;0;0;NA;NA;NA;NA;NA;NA;NA;0;NA;NA;0;NA;0;0;NA;NA;NA;0;NA;NA;NA;0;NA;NA;0;NA;0;NA;NA;NA;1;West Bromwich Albion;Mason Holgate;0;0;NA;NA;NA;0;NA;NA;NA;NA;2;80;0;NA;NA;75
480709;26-12-2017;Foul by Craig Dawson (West Bromwich Albion).;76';West Bromwich Albion;Everton;0;0;0;0;0;0;0;NA;NA;NA;NA;NA;NA;NA;1;Craig Dawson;West Bromwich Albion;0;NA;0;0;NA;NA;NA;0;NA;NA;NA;0;NA;NA;0;NA;0;NA;NA;NA;0;NA;NA;0;0;NA;NA;NA;0;NA;NA;NA;NA;2;81;0;NA;NA;76
480709;26-12-2017;Jordan Pickford (Everton) wins a free kick in the defensive half.;76';West Bromwich Albion;Everton;0;0;0;0;0;0;0;NA;NA;NA;NA;NA;NA;NA;0;NA;NA;0;NA;0;0;NA;NA;NA;0;NA;NA;NA;0;NA;NA;0;NA;1;Jordan Pickford;Everton;defensive half;0;NA;NA;0;0;NA;NA;NA;0;NA;NA;NA;NA;2;82;0;NA;NA;76
480709;26-12-2017;Corner,  West Bromwich Albion. Conceded by Ashley Williams.;78';West Bromwich Albion;Everton;0;0;0;0;0;0;0;NA;NA;NA;NA;NA;NA;NA;0;NA;NA;0;NA;0;0;NA;NA;NA;0;NA;NA;NA;0;NA;NA;0;NA;0;NA;NA;NA;1;West Bromwich Albion;Ashley Williams;0;0;NA;NA;NA;0;NA;NA;NA;NA;2;83;0;NA;NA;78
480709;26-12-2017;Attempt saved. Hal Robson-Kanu (West Bromwich Albion) header from the centre of the box is saved in the centre of the goal. Assisted by Gareth Barry with a cross.;78';West Bromwich Albion;Everton;0;0;0;0;0;1;0;saved;Hal Robson-Kanu;West Bromwich Albion;header;the centre of the box;the centre of the goal;Gareth Barry;0;NA;NA;0;cross;0;0;NA;NA;NA;0;NA;NA;NA;0;NA;NA;0;NA;0;NA;NA;NA;0;NA;NA;0;0;NA;NA;NA;0;NA;NA;NA;NA;2;84;0;NA;NA;78
480709;26-12-2017;Foul by Gareth Barry (West Bromwich Albion).;79';West Bromwich Albion;Everton;0;0;0;0;0;0;0;NA;NA;NA;NA;NA;NA;NA;1;Gareth Barry;West Bromwich Albion;0;NA;0;0;NA;NA;NA;0;NA;NA;NA;0;NA;NA;0;NA;0;NA;NA;NA;0;NA;NA;0;0;NA;NA;NA;0;NA;NA;NA;NA;2;85;0;NA;NA;79
480709;26-12-2017;Oumar Niasse (Everton) wins a free kick in the attacking half.;79';West Bromwich Albion;Everton;0;0;0;0;0;0;0;NA;NA;NA;NA;NA;NA;NA;0;NA;NA;0;NA;0;0;NA;NA;NA;0;NA;NA;NA;0;NA;NA;0;NA;1;Oumar Niasse;Everton;attacking half;0;NA;NA;0;0;NA;NA;NA;0;NA;NA;NA;NA;2;86;0;NA;NA;79
480709;26-12-2017;Gareth Barry (West Bromwich Albion) is shown the yellow card for a bad foul.;79';West Bromwich Albion;Everton;0;0;0;0;0;0;0;NA;NA;NA;NA;NA;NA;NA;0;NA;NA;0;NA;0;0;NA;NA;NA;1;yellow;Gareth Barry;West Bromwich Albion;0;NA;NA;0;NA;0;NA;NA;NA;0;NA;NA;0;0;NA;NA;NA;0;NA;NA;NA;NA;2;87;0;NA;NA;79
480709;26-12-2017;Foul by Jay Rodriguez (West Bromwich Albion).;80';West Bromwich Albion;Everton;0;0;0;0;0;0;0;NA;NA;NA;NA;NA;NA;NA;1;Jay Rodriguez;West Bromwich Albion;0;NA;0;0;NA;NA;NA;0;NA;NA;NA;0;NA;NA;0;NA;0;NA;NA;NA;0;NA;NA;0;0;NA;NA;NA;0;NA;NA;NA;NA;2;88;0;NA;NA;80
480709;26-12-2017;Tom Davies (Everton) wins a free kick in the defensive half.;80';West Bromwich Albion;Everton;0;0;0;0;0;0;0;NA;NA;NA;NA;NA;NA;NA;0;NA;NA;0;NA;0;0;NA;NA;NA;0;NA;NA;NA;0;NA;NA;0;NA;1;Tom Davies;Everton;defensive half;0;NA;NA;0;0;NA;NA;NA;0;NA;NA;NA;NA;2;89;0;NA;NA;80
480709;26-12-2017;Attempt blocked. Jay Rodriguez (West Bromwich Albion) header from the centre of the box is blocked. Assisted by Chris Brunt with a headed pass.;82';West Bromwich Albion;Everton;0;0;0;0;0;1;0;blocked;Jay Rodriguez;West Bromwich Albion;header;the centre of the box;NA;Chris Brunt;0;NA;NA;0;NA;0;0;NA;NA;NA;0;NA;NA;NA;0;NA;NA;0;NA;0;NA;NA;NA;0;NA;NA;0;0;NA;NA;NA;0;NA;NA;NA;NA;2;90;0;NA;NA;82
480709;26-12-2017;Foul by Ashley Williams (Everton).;82';West Bromwich Albion;Everton;0;0;0;0;0;0;0;NA;NA;NA;NA;NA;NA;NA;1;Ashley Williams;Everton;0;NA;0;0;NA;NA;NA;0;NA;NA;NA;0;NA;NA;0;NA;0;NA;NA;NA;0;NA;NA;0;0;NA;NA;NA;0;NA;NA;NA;NA;2;91;0;NA;NA;82
480709;26-12-2017;Gareth Barry (West Bromwich Albion) wins a free kick in the attacking half.;82';West Bromwich Albion;Everton;0;0;0;0;0;0;0;NA;NA;NA;NA;NA;NA;NA;0;NA;NA;0;NA;0;0;NA;NA;NA;0;NA;NA;NA;0;NA;NA;0;NA;1;Gareth Barry;West Bromwich Albion;attacking half;0;NA;NA;0;0;NA;NA;NA;0;NA;NA;NA;NA;2;92;0;NA;NA;82
480709;26-12-2017;Attempt missed. Matt Phillips (West Bromwich Albion) right footed shot from outside the box is too high from a direct free kick.;83';West Bromwich Albion;Everton;0;0;0;0;0;1;0;missed;Matt Phillips;West Bromwich Albion;right;outside the box;too high;NA;0;NA;NA;0;NA;0;0;NA;NA;NA;0;NA;NA;NA;0;NA;NA;0;NA;0;NA;NA;NA;0;NA;NA;0;0;NA;NA;NA;0;NA;NA;NA;NA;2;93;0;NA;NA;83
480709;26-12-2017;Attempt missed. Kieran Gibbs (West Bromwich Albion) left footed shot from the centre of the box misses to the right.;85';West Bromwich Albion;Everton;0;0;0;0;0;1;0;missed;Kieran Gibbs;West Bromwich Albion;left;the centre of the box;right;NA;0;NA;NA;0;NA;0;0;NA;NA;NA;0;NA;NA;NA;0;NA;NA;0;NA;0;NA;NA;NA;0;NA;NA;0;0;NA;NA;NA;0;NA;NA;NA;NA;2;94;0;NA;NA;85
480709;26-12-2017;Offside, West Bromwich Albion. Kieran Gibbs tries a through ball, but Matt Phillips is caught offside.;85';West Bromwich Albion;Everton;0;0;0;0;0;0;0;NA;NA;NA;NA;NA;NA;NA;0;NA;NA;0;NA;0;1;West Bromwich Albion;Matt Phillips;Kieran Gibbs;0;NA;NA;NA;0;NA;NA;0;NA;0;NA;NA;NA;0;NA;NA;0;0;NA;NA;NA;0;NA;NA;NA;NA;2;95;0;NA;NA;85
480709;26-12-2017;Corner,  West Bromwich Albion. Conceded by Jonjoe Kenny.;87';West Bromwich Albion;Everton;0;0;0;0;0;0;0;NA;NA;NA;NA;NA;NA;NA;0;NA;NA;0;NA;0;0;NA;NA;NA;0;NA;NA;NA;0;NA;NA;0;NA;0;NA;NA;NA;1;West Bromwich Albion;Jonjoe Kenny;0;0;NA;NA;NA;0;NA;NA;NA;NA;2;96;0;NA;NA;87
480709;26-12-2017;Substitution, Everton. Beni Baningime replaces Tom Davies.;88';West Bromwich Albion;Everton;0;0;0;0;0;0;0;NA;NA;NA;NA;NA;NA;NA;0;NA;NA;0;NA;0;0;NA;NA;NA;0;NA;NA;NA;0;NA;NA;0;NA;0;NA;NA;NA;0;NA;NA;1;0;Everton;Beni Baningime;Tom Davies;0;NA;NA;NA;NA;2;97;0;NA;NA;88
480709;26-12-2017;Substitution, West Bromwich Albion. James McClean replaces Matt Phillips.;88';West Bromwich Albion;Everton;0;0;0;0;0;0;0;NA;NA;NA;NA;NA;NA;NA;0;NA;NA;0;NA;0;0;NA;NA;NA;0;NA;NA;NA;0;NA;NA;0;NA;0;NA;NA;NA;0;NA;NA;1;0;West Bromwich Albion;James McClean;Matt Phillips;0;NA;NA;NA;NA;2;98;0;NA;NA;88
480709;26-12-2017;Attempt saved. Oumar Niasse (Everton) left footed shot from the left side of the box is saved in the bottom right corner.;89';West Bromwich Albion;Everton;0;0;0;0;0;1;0;saved;Oumar Niasse;Everton;left;the left side of the box;the bottom right corner;NA;0;NA;NA;0;NA;0;0;NA;NA;NA;0;NA;NA;NA;0;NA;NA;0;NA;0;NA;NA;NA;0;NA;NA;0;0;NA;NA;NA;0;NA;NA;NA;NA;2;99;0;NA;NA;89
480709;26-12-2017;Attempt saved. Oumar Niasse (Everton) right footed shot from a difficult angle on the left is saved in the bottom left corner.;89';West Bromwich Albion;Everton;0;0;0;0;0;1;0;saved;Oumar Niasse;Everton;right;NA;the bottom left corner;NA;0;NA;NA;0;NA;0;0;NA;NA;NA;0;NA;NA;NA;0;NA;NA;0;NA;0;NA;NA;NA;0;NA;NA;0;0;NA;NA;NA;0;NA;NA;NA;NA;2;100;0;NA;NA;89
480709;26-12-2017;Foul by Aaron Lennon (Everton).;90';West Bromwich Albion;Everton;0;0;0;0;0;0;0;NA;NA;NA;NA;NA;NA;NA;1;Aaron Lennon;Everton;0;NA;0;0;NA;NA;NA;0;NA;NA;NA;0;NA;NA;0;NA;0;NA;NA;NA;0;NA;NA;0;0;NA;NA;NA;0;NA;NA;NA;NA;2;101;0;NA;NA;90
480709;26-12-2017;Gareth Barry (West Bromwich Albion) wins a free kick in the defensive half.;90';West Bromwich Albion;Everton;0;0;0;0;0;0;0;NA;NA;NA;NA;NA;NA;NA;0;NA;NA;0;NA;0;0;NA;NA;NA;0;NA;NA;NA;0;NA;NA;0;NA;1;Gareth Barry;West Bromwich Albion;defensive half;0;NA;NA;0;0;NA;NA;NA;0;NA;NA;NA;NA;2;102;0;NA;NA;90
480709;26-12-2017;Attempt missed. Chris Brunt (West Bromwich Albion) left footed shot from outside the box is high and wide to the left. Assisted by James McClean.;90'+1';West Bromwich Albion;Everton;0;0;0;0;0;1;0;missed;Chris Brunt;West Bromwich Albion;left;outside the box;high and wide to the left;James McClean;0;NA;NA;0;NA;0;0;NA;NA;NA;0;NA;NA;NA;0;NA;NA;0;NA;0;NA;NA;NA;0;NA;NA;0;0;NA;NA;NA;0;NA;NA;NA;NA;2;103;1;NA;NA;91
480709;26-12-2017;Foul by Mason Holgate (Everton).;90'+3';West Bromwich Albion;Everton;0;0;0;0;0;0;0;NA;NA;NA;NA;NA;NA;NA;1;Mason Holgate;Everton;0;NA;0;0;NA;NA;NA;0;NA;NA;NA;0;NA;NA;0;NA;0;NA;NA;NA;0;NA;NA;0;0;NA;NA;NA;0;NA;NA;NA;NA;2;104;1;NA;NA;93
480709;26-12-2017;Hal Robson-Kanu (West Bromwich Albion) wins a free kick in the defensive half.;90'+3';West Bromwich Albion;Everton;0;0;0;0;0;0;0;NA;NA;NA;NA;NA;NA;NA;0;NA;NA;0;NA;0;0;NA;NA;NA;0;NA;NA;NA;0;NA;NA;0;NA;1;Hal Robson-Kanu;West Bromwich Albion;defensive half;0;NA;NA;0;0;NA;NA;NA;0;NA;NA;NA;NA;2;105;1;NA;NA;93
480709;26-12-2017;Corner,  West Bromwich Albion. Conceded by Mason Holgate.;90'+3';West Bromwich Albion;Everton;0;0;0;0;0;0;0;NA;NA;NA;NA;NA;NA;NA;0;NA;NA;0;NA;0;0;NA;NA;NA;0;NA;NA;NA;0;NA;NA;0;NA;0;NA;NA;NA;1;West Bromwich Albion;Mason Holgate;0;0;NA;NA;NA;0;NA;NA;NA;NA;2;106;1;NA;NA;93
480709;26-12-2017;Second Half ends, West Bromwich Albion 0, Everton 0.;90'+4';West Bromwich Albion;Everton;0;0;1;0;0;0;0;NA;NA;NA;NA;NA;NA;NA;0;NA;NA;0;NA;0;0;NA;NA;NA;0;NA;NA;NA;0;NA;NA;0;NA;0;NA;NA;NA;0;NA;NA;0;0;NA;NA;NA;0;NA;NA;NA;NA;2;107;1;NA;NA;94
480709;26-12-2017;Match ends, West Bromwich Albion 0, Everton 0.;90'+4';West Bromwich Albion;Everton;0;0;0;1;0;0;0;NA;NA;NA;NA;NA;NA;NA;0;NA;NA;0;NA;0;0;NA;NA;NA;0;NA;NA;NA;0;NA;NA;0;NA;0;NA;NA;NA;0;NA;NA;0;0;NA;NA;NA;0;NA;NA;NA;NA;2;108;1;NA;NA;94
