480746;10-12-2017;First Half begins.;-;Southampton;Arsenal;0;0;0;0;1;0;0;NA;NA;NA;NA;NA;NA;NA;0;NA;NA;0;NA;0;0;NA;NA;NA;0;NA;NA;NA;0;NA;NA;0;NA;0;NA;NA;NA;0;NA;NA;0;0;NA;NA;NA;0;NA;NA;NA;NA;1;1;0;NA;NA;NA
480746;10-12-2017;Lineups are announced and players are warming up.;-;Southampton;Arsenal;0;0;0;0;0;0;0;NA;NA;NA;NA;NA;NA;NA;0;NA;NA;0;NA;0;0;NA;NA;NA;0;NA;NA;NA;0;NA;NA;0;NA;0;NA;NA;NA;0;NA;NA;0;0;NA;NA;NA;0;NA;NA;NA;NA;1;2;0;NA;NA;NA
480746;10-12-2017;Offside, Southampton. James Ward-Prowse tries a through ball, but Dusan Tadic is caught offside.;1';Southampton;Arsenal;0;0;0;0;0;0;0;NA;NA;NA;NA;NA;NA;NA;0;NA;NA;0;NA;0;1;Southampton;Dusan Tadic;James Ward-Prowse;0;NA;NA;NA;0;NA;NA;0;NA;0;NA;NA;NA;0;NA;NA;0;0;NA;NA;NA;0;NA;NA;NA;NA;1;3;0;NA;NA;1
480746;10-12-2017;Goal!  Southampton 1, Arsenal 0. Charlie Austin (Southampton) right footed shot from the centre of the box to the centre of the goal. Assisted by Dusan Tadic.;3';Southampton;Arsenal;1;0;0;0;0;1;0;goal;Charlie Austin;Southampton;right;the centre of the box;centre of the goal;Dusan Tadic;0;NA;NA;0;NA;0;0;NA;NA;NA;0;NA;NA;NA;0;NA;NA;0;NA;0;NA;NA;NA;0;NA;NA;0;0;NA;NA;NA;0;NA;NA;NA;NA;1;4;0;NA;NA;3
480746;10-12-2017;Foul by Aaron Ramsey (Arsenal).;4';Southampton;Arsenal;1;0;0;0;0;0;0;NA;NA;NA;NA;NA;NA;NA;1;Aaron Ramsey;Arsenal;0;NA;0;0;NA;NA;NA;0;NA;NA;NA;0;NA;NA;0;NA;0;NA;NA;NA;0;NA;NA;0;0;NA;NA;NA;0;NA;NA;NA;NA;1;5;0;NA;NA;4
480746;10-12-2017;Pierre-Emile Højbjerg (Southampton) wins a free kick in the defensive half.;4';Southampton;Arsenal;1;0;0;0;0;0;0;NA;NA;NA;NA;NA;NA;NA;0;NA;NA;0;NA;0;0;NA;NA;NA;0;NA;NA;NA;0;NA;NA;0;NA;1;NA;Southampton;defensive half;0;NA;NA;0;0;NA;NA;NA;0;NA;NA;NA;NA;1;6;0;NA;NA;4
480746;10-12-2017;Attempt saved. Charlie Austin (Southampton) right footed shot from the right side of the box is saved in the bottom left corner. Assisted by Dusan Tadic with a through ball.;5';Southampton;Arsenal;1;0;0;0;0;1;0;saved;Charlie Austin;Southampton;right;the right side of the box;the bottom left corner;Dusan Tadic;0;NA;NA;0;through;0;0;NA;NA;NA;0;NA;NA;NA;0;NA;NA;0;NA;0;NA;NA;NA;0;NA;NA;0;0;NA;NA;NA;0;NA;NA;NA;NA;1;7;0;NA;NA;5
480746;10-12-2017;Offside, Southampton. Nathan Redmond tries a through ball, but Charlie Austin is caught offside.;6';Southampton;Arsenal;1;0;0;0;0;0;0;NA;NA;NA;NA;NA;NA;NA;0;NA;NA;0;NA;0;1;Southampton;Charlie Austin;Nathan Redmond;0;NA;NA;NA;0;NA;NA;0;NA;0;NA;NA;NA;0;NA;NA;0;0;NA;NA;NA;0;NA;NA;NA;NA;1;8;0;NA;NA;6
480746;10-12-2017;Offside, Southampton. Ryan Bertrand tries a through ball, but Charlie Austin is caught offside.;8';Southampton;Arsenal;1;0;0;0;0;0;0;NA;NA;NA;NA;NA;NA;NA;0;NA;NA;0;NA;0;1;Southampton;Charlie Austin;Ryan Bertrand;0;NA;NA;NA;0;NA;NA;0;NA;0;NA;NA;NA;0;NA;NA;0;0;NA;NA;NA;0;NA;NA;NA;NA;1;9;0;NA;NA;8
480746;10-12-2017;Alexandre Lacazette (Arsenal) wins a free kick in the attacking half.;8';Southampton;Arsenal;1;0;0;0;0;0;0;NA;NA;NA;NA;NA;NA;NA;0;NA;NA;0;NA;0;0;NA;NA;NA;0;NA;NA;NA;0;NA;NA;0;NA;1;Alexandre Lacazette;Arsenal;attacking half;0;NA;NA;0;0;NA;NA;NA;0;NA;NA;NA;NA;1;10;0;NA;NA;8
480746;10-12-2017;Foul by Virgil van Dijk (Southampton).;8';Southampton;Arsenal;1;0;0;0;0;0;0;NA;NA;NA;NA;NA;NA;NA;1;Virgil van Dijk;Southampton;0;NA;0;0;NA;NA;NA;0;NA;NA;NA;0;NA;NA;0;NA;0;NA;NA;NA;0;NA;NA;0;0;NA;NA;NA;0;NA;NA;NA;NA;1;11;0;NA;NA;8
480746;10-12-2017;Alexis Sánchez (Arsenal) wins a free kick in the attacking half.;9';Southampton;Arsenal;1;0;0;0;0;0;0;NA;NA;NA;NA;NA;NA;NA;0;NA;NA;0;NA;0;0;NA;NA;NA;0;NA;NA;NA;0;NA;NA;0;NA;1;Alexis Sánchez;Arsenal;attacking half;0;NA;NA;0;0;NA;NA;NA;0;NA;NA;NA;NA;1;12;0;NA;NA;9
480746;10-12-2017;Foul by Dusan Tadic (Southampton).;9';Southampton;Arsenal;1;0;0;0;0;0;0;NA;NA;NA;NA;NA;NA;NA;1;Dusan Tadic;Southampton;0;NA;0;0;NA;NA;NA;0;NA;NA;NA;0;NA;NA;0;NA;0;NA;NA;NA;0;NA;NA;0;0;NA;NA;NA;0;NA;NA;NA;NA;1;13;0;NA;NA;9
480746;10-12-2017;Alexis Sánchez (Arsenal) wins a free kick in the defensive half.;12';Southampton;Arsenal;1;0;0;0;0;0;0;NA;NA;NA;NA;NA;NA;NA;0;NA;NA;0;NA;0;0;NA;NA;NA;0;NA;NA;NA;0;NA;NA;0;NA;1;Alexis Sánchez;Arsenal;defensive half;0;NA;NA;0;0;NA;NA;NA;0;NA;NA;NA;NA;1;14;0;NA;NA;12
480746;10-12-2017;Foul by Jack Stephens (Southampton).;12';Southampton;Arsenal;1;0;0;0;0;0;0;NA;NA;NA;NA;NA;NA;NA;1;Jack Stephens;Southampton;0;NA;0;0;NA;NA;NA;0;NA;NA;NA;0;NA;NA;0;NA;0;NA;NA;NA;0;NA;NA;0;0;NA;NA;NA;0;NA;NA;NA;NA;1;15;0;NA;NA;12
480746;10-12-2017;Aaron Ramsey (Arsenal) wins a free kick in the attacking half.;16';Southampton;Arsenal;1;0;0;0;0;0;0;NA;NA;NA;NA;NA;NA;NA;0;NA;NA;0;NA;0;0;NA;NA;NA;0;NA;NA;NA;0;NA;NA;0;NA;1;Aaron Ramsey;Arsenal;attacking half;0;NA;NA;0;0;NA;NA;NA;0;NA;NA;NA;NA;1;16;0;NA;NA;16
480746;10-12-2017;Foul by Dusan Tadic (Southampton).;16';Southampton;Arsenal;1;0;0;0;0;0;0;NA;NA;NA;NA;NA;NA;NA;1;Dusan Tadic;Southampton;0;NA;0;0;NA;NA;NA;0;NA;NA;NA;0;NA;NA;0;NA;0;NA;NA;NA;0;NA;NA;0;0;NA;NA;NA;0;NA;NA;NA;NA;1;17;0;NA;NA;16
480746;10-12-2017;Attempt saved. Alexandre Lacazette (Arsenal) right footed shot from the centre of the box is saved in the centre of the goal. Assisted by Granit Xhaka with a headed pass.;16';Southampton;Arsenal;1;0;0;0;0;1;0;saved;Alexandre Lacazette;Arsenal;right;the centre of the box;the centre of the goal;Granit Xhaka;0;NA;NA;0;NA;0;0;NA;NA;NA;0;NA;NA;NA;0;NA;NA;0;NA;0;NA;NA;NA;0;NA;NA;0;0;NA;NA;NA;0;NA;NA;NA;NA;1;18;0;NA;NA;16
480746;10-12-2017;Corner,  Southampton. Conceded by Laurent Koscielny.;17';Southampton;Arsenal;1;0;0;0;0;0;0;NA;NA;NA;NA;NA;NA;NA;0;NA;NA;0;NA;0;0;NA;NA;NA;0;NA;NA;NA;0;NA;NA;0;NA;0;NA;NA;NA;1;Southampton;Laurent Koscielny;0;0;NA;NA;NA;0;NA;NA;NA;NA;1;19;0;NA;NA;17
480746;10-12-2017;Corner,  Arsenal. Conceded by Pierre-Emile Højbjerg.;17';Southampton;Arsenal;1;0;0;0;0;0;0;NA;NA;NA;NA;NA;NA;NA;0;NA;NA;0;NA;0;0;NA;NA;NA;0;NA;NA;NA;0;NA;NA;0;NA;0;NA;NA;NA;1;Arsenal;Pierre-Emile;0;0;NA;NA;NA;0;NA;NA;NA;NA;1;20;0;NA;NA;17
480746;10-12-2017;Hand ball by Granit Xhaka (Arsenal).;21';Southampton;Arsenal;1;0;0;0;0;0;0;NA;NA;NA;NA;NA;NA;NA;0;NA;NA;0;NA;0;0;NA;NA;NA;0;NA;NA;NA;0;NA;NA;0;NA;0;NA;NA;NA;0;NA;NA;0;0;NA;NA;NA;0;NA;NA;NA;NA;1;21;0;NA;NA;21
480746;10-12-2017;Hand ball by Jack Stephens (Southampton).;21';Southampton;Arsenal;1;0;0;0;0;0;0;NA;NA;NA;NA;NA;NA;NA;0;NA;NA;0;NA;0;0;NA;NA;NA;0;NA;NA;NA;0;NA;NA;0;NA;0;NA;NA;NA;0;NA;NA;0;0;NA;NA;NA;0;NA;NA;NA;NA;1;22;0;NA;NA;21
480746;10-12-2017;Attempt saved. Aaron Ramsey (Arsenal) right footed shot from the left side of the box is saved in the bottom left corner. Assisted by Alexis Sánchez.;23';Southampton;Arsenal;1;0;0;0;0;1;0;saved;Aaron Ramsey;Arsenal;right;the left side of the box;the bottom left corner;Alexis Sánchez;0;NA;NA;0;NA;0;0;NA;NA;NA;0;NA;NA;NA;0;NA;NA;0;NA;0;NA;NA;NA;0;NA;NA;0;0;NA;NA;NA;0;NA;NA;NA;NA;1;23;0;NA;NA;23
480746;10-12-2017;Foul by Granit Xhaka (Arsenal).;26';Southampton;Arsenal;1;0;0;0;0;0;0;NA;NA;NA;NA;NA;NA;NA;1;Granit Xhaka;Arsenal;0;NA;0;0;NA;NA;NA;0;NA;NA;NA;0;NA;NA;0;NA;0;NA;NA;NA;0;NA;NA;0;0;NA;NA;NA;0;NA;NA;NA;NA;1;24;0;NA;NA;26
480746;10-12-2017;Ryan Bertrand (Southampton) wins a free kick on the left wing.;26';Southampton;Arsenal;1;0;0;0;0;0;0;NA;NA;NA;NA;NA;NA;NA;0;NA;NA;0;NA;0;0;NA;NA;NA;0;NA;NA;NA;0;NA;NA;0;NA;1;Ryan Bertrand;Southampton;NA;0;NA;NA;0;0;NA;NA;NA;0;NA;NA;NA;NA;1;25;0;NA;NA;26
480746;10-12-2017;Corner,  Southampton. Conceded by Petr Cech.;27';Southampton;Arsenal;1;0;0;0;0;0;0;NA;NA;NA;NA;NA;NA;NA;0;NA;NA;0;NA;0;0;NA;NA;NA;0;NA;NA;NA;0;NA;NA;0;NA;0;NA;NA;NA;1;Southampton;Petr Cech;0;0;NA;NA;NA;0;NA;NA;NA;NA;1;26;0;NA;NA;27
480746;10-12-2017;Corner,  Southampton. Conceded by Granit Xhaka.;28';Southampton;Arsenal;1;0;0;0;0;0;0;NA;NA;NA;NA;NA;NA;NA;0;NA;NA;0;NA;0;0;NA;NA;NA;0;NA;NA;NA;0;NA;NA;0;NA;0;NA;NA;NA;1;Southampton;Granit Xhaka;0;0;NA;NA;NA;0;NA;NA;NA;NA;1;27;0;NA;NA;28
480746;10-12-2017;Foul by Pierre-Emile Højbjerg (Southampton).;29';Southampton;Arsenal;1;0;0;0;0;0;0;NA;NA;NA;NA;NA;NA;NA;1;Emile Højbjerg;Southampton;0;NA;0;0;NA;NA;NA;0;NA;NA;NA;0;NA;NA;0;NA;0;NA;NA;NA;0;NA;NA;0;0;NA;NA;NA;0;NA;NA;NA;NA;1;28;0;NA;NA;29
480746;10-12-2017;Mesut Özil (Arsenal) wins a free kick in the attacking half.;29';Southampton;Arsenal;1;0;0;0;0;0;0;NA;NA;NA;NA;NA;NA;NA;0;NA;NA;0;NA;0;0;NA;NA;NA;0;NA;NA;NA;0;NA;NA;0;NA;1;Mesut Özil;Arsenal;attacking half;0;NA;NA;0;0;NA;NA;NA;0;NA;NA;NA;NA;1;29;0;NA;NA;29
480746;10-12-2017;Corner,  Arsenal. Conceded by Virgil van Dijk.;32';Southampton;Arsenal;1;0;0;0;0;0;0;NA;NA;NA;NA;NA;NA;NA;0;NA;NA;0;NA;0;0;NA;NA;NA;0;NA;NA;NA;0;NA;NA;0;NA;0;NA;NA;NA;1;Arsenal;Virgil van Dijk;0;0;NA;NA;NA;0;NA;NA;NA;NA;1;30;0;NA;NA;32
480746;10-12-2017;Attempt blocked. Mesut Özil (Arsenal) left footed shot from outside the box is blocked. Assisted by Granit Xhaka.;32';Southampton;Arsenal;1;0;0;0;0;1;0;blocked;Mesut Özil;Arsenal;left;outside the box;NA;Granit Xhaka;0;NA;NA;0;NA;0;0;NA;NA;NA;0;NA;NA;NA;0;NA;NA;0;NA;0;NA;NA;NA;0;NA;NA;0;0;NA;NA;NA;0;NA;NA;NA;NA;1;31;0;NA;NA;32
480746;10-12-2017;Attempt saved. Aaron Ramsey (Arsenal) right footed shot from the centre of the box is saved in the bottom right corner. Assisted by Alexis Sánchez.;32';Southampton;Arsenal;1;0;0;0;0;1;0;saved;Aaron Ramsey;Arsenal;right;the centre of the box;the bottom right corner;Alexis Sánchez;0;NA;NA;0;NA;0;0;NA;NA;NA;0;NA;NA;NA;0;NA;NA;0;NA;0;NA;NA;NA;0;NA;NA;0;0;NA;NA;NA;0;NA;NA;NA;NA;1;32;0;NA;NA;32
480746;10-12-2017;Foul by Alexandre Lacazette (Arsenal).;33';Southampton;Arsenal;1;0;0;0;0;0;0;NA;NA;NA;NA;NA;NA;NA;1;Alexandre Lacazette;Arsenal;0;NA;0;0;NA;NA;NA;0;NA;NA;NA;0;NA;NA;0;NA;0;NA;NA;NA;0;NA;NA;0;0;NA;NA;NA;0;NA;NA;NA;NA;1;33;0;NA;NA;33
480746;10-12-2017;Pierre-Emile Højbjerg (Southampton) wins a free kick in the defensive half.;33';Southampton;Arsenal;1;0;0;0;0;0;0;NA;NA;NA;NA;NA;NA;NA;0;NA;NA;0;NA;0;0;NA;NA;NA;0;NA;NA;NA;0;NA;NA;0;NA;1;NA;Southampton;defensive half;0;NA;NA;0;0;NA;NA;NA;0;NA;NA;NA;NA;1;34;0;NA;NA;33
480746;10-12-2017;Attempt missed. Alexandre Lacazette (Arsenal) right footed shot from the centre of the box is high and wide to the right. Assisted by Héctor Bellerín.;41';Southampton;Arsenal;1;0;0;0;0;1;0;missed;Alexandre Lacazette;Arsenal;right;the centre of the box;high and wide to the right;Héctor Bellerín;0;NA;NA;0;NA;0;0;NA;NA;NA;0;NA;NA;NA;0;NA;NA;0;NA;0;NA;NA;NA;0;NA;NA;0;0;NA;NA;NA;0;NA;NA;NA;NA;1;35;0;NA;NA;41
480746;10-12-2017;Dusan Tadic (Southampton) wins a free kick in the attacking half.;45';Southampton;Arsenal;1;0;0;0;0;0;0;NA;NA;NA;NA;NA;NA;NA;0;NA;NA;0;NA;0;0;NA;NA;NA;0;NA;NA;NA;0;NA;NA;0;NA;1;Dusan Tadic;Southampton;attacking half;0;NA;NA;0;0;NA;NA;NA;0;NA;NA;NA;NA;1;36;0;NA;NA;45
480746;10-12-2017;Foul by Alexis Sánchez (Arsenal).;45';Southampton;Arsenal;1;0;0;0;0;0;0;NA;NA;NA;NA;NA;NA;NA;1;Alexis Sánchez;Arsenal;0;NA;0;0;NA;NA;NA;0;NA;NA;NA;0;NA;NA;0;NA;0;NA;NA;NA;0;NA;NA;0;0;NA;NA;NA;0;NA;NA;NA;NA;1;37;0;NA;NA;45
480746;10-12-2017;Foul by Dusan Tadic (Southampton).;45'+1';Southampton;Arsenal;1;0;0;0;0;0;0;NA;NA;NA;NA;NA;NA;NA;1;Dusan Tadic;Southampton;0;NA;0;0;NA;NA;NA;0;NA;NA;NA;0;NA;NA;0;NA;0;NA;NA;NA;0;NA;NA;0;0;NA;NA;NA;0;NA;NA;NA;NA;1;38;1;NA;NA;46
480746;10-12-2017;Per Mertesacker (Arsenal) wins a free kick in the attacking half.;45'+1';Southampton;Arsenal;1;0;0;0;0;0;0;NA;NA;NA;NA;NA;NA;NA;0;NA;NA;0;NA;0;0;NA;NA;NA;0;NA;NA;NA;0;NA;NA;0;NA;1;Per Mertesacker;Arsenal;attacking half;0;NA;NA;0;0;NA;NA;NA;0;NA;NA;NA;NA;1;39;1;NA;NA;46
480746;10-12-2017;First Half ends, Southampton 1, Arsenal 0.;45'+2';Southampton;Arsenal;1;0;1;0;0;0;0;NA;NA;NA;NA;NA;NA;NA;0;NA;NA;0;NA;0;0;NA;NA;NA;0;NA;NA;NA;0;NA;NA;0;NA;0;NA;NA;NA;0;NA;NA;0;0;NA;NA;NA;0;NA;NA;NA;NA;1;40;1;NA;NA;47
480746;10-12-2017;Second Half begins Southampton 1, Arsenal 0.;45';Southampton;Arsenal;1;0;0;0;1;0;0;NA;NA;NA;NA;NA;NA;NA;0;NA;NA;0;NA;0;0;NA;NA;NA;0;NA;NA;NA;0;NA;NA;0;NA;0;NA;NA;NA;0;NA;NA;0;0;NA;NA;NA;0;NA;NA;NA;NA;2;41;0;NA;NA;45
480746;10-12-2017;Attempt saved. Nathan Redmond (Southampton) right footed shot from outside the box is saved in the centre of the goal. Assisted by Dusan Tadic.;53';Southampton;Arsenal;1;0;0;0;0;1;0;saved;Nathan Redmond;Southampton;right;outside the box;the centre of the goal;Dusan Tadic;0;NA;NA;0;NA;0;0;NA;NA;NA;0;NA;NA;NA;0;NA;NA;0;NA;0;NA;NA;NA;0;NA;NA;0;0;NA;NA;NA;0;NA;NA;NA;NA;2;42;0;NA;NA;53
480746;10-12-2017;Attempt missed. Aaron Ramsey (Arsenal) right footed shot from outside the box misses to the left. Assisted by Alexandre Lacazette.;53';Southampton;Arsenal;1;0;0;0;0;1;0;missed;Aaron Ramsey;Arsenal;right;outside the box;left;Alexandre Lacazette;0;NA;NA;0;NA;0;0;NA;NA;NA;0;NA;NA;NA;0;NA;NA;0;NA;0;NA;NA;NA;0;NA;NA;0;0;NA;NA;NA;0;NA;NA;NA;NA;2;43;0;NA;NA;53
480746;10-12-2017;Corner,  Arsenal. Conceded by Jack Stephens.;58';Southampton;Arsenal;1;0;0;0;0;0;0;NA;NA;NA;NA;NA;NA;NA;0;NA;NA;0;NA;0;0;NA;NA;NA;0;NA;NA;NA;0;NA;NA;0;NA;0;NA;NA;NA;1;Arsenal;Jack Stephens;0;0;NA;NA;NA;0;NA;NA;NA;NA;2;44;0;NA;NA;58
480746;10-12-2017;Attempt missed. Granit Xhaka (Arsenal) left footed shot from outside the box is close, but misses to the left following a corner.;58';Southampton;Arsenal;1;0;0;0;0;1;0;missed;Granit Xhaka;Arsenal;left;outside the box;close, but left;NA;0;NA;NA;0;NA;1;0;NA;NA;NA;0;NA;NA;NA;0;NA;NA;0;NA;0;NA;NA;NA;0;NA;NA;0;0;NA;NA;NA;0;NA;NA;NA;NA;2;45;0;NA;NA;58
480746;10-12-2017;Oriol Romeu (Southampton) hits the bar with a right footed shot from outside the box. Assisted by Ryan Bertrand.;62';Southampton;Arsenal;1;0;0;0;0;0;0;NA;NA;NA;NA;NA;NA;Ryan Bertrand;0;NA;NA;0;NA;0;0;NA;NA;NA;0;NA;NA;NA;0;NA;NA;0;NA;0;NA;NA;NA;0;NA;NA;0;0;NA;NA;NA;0;NA;NA;NA;NA;2;46;0;NA;NA;62
480746;10-12-2017;Dusan Tadic (Southampton) wins a free kick in the attacking half.;63';Southampton;Arsenal;1;0;0;0;0;0;0;NA;NA;NA;NA;NA;NA;NA;0;NA;NA;0;NA;0;0;NA;NA;NA;0;NA;NA;NA;0;NA;NA;0;NA;1;Dusan Tadic;Southampton;attacking half;0;NA;NA;0;0;NA;NA;NA;0;NA;NA;NA;NA;2;47;0;NA;NA;63
480746;10-12-2017;Foul by Nacho Monreal (Arsenal).;63';Southampton;Arsenal;1;0;0;0;0;0;0;NA;NA;NA;NA;NA;NA;NA;1;Nacho Monreal;Arsenal;0;NA;0;0;NA;NA;NA;0;NA;NA;NA;0;NA;NA;0;NA;0;NA;NA;NA;0;NA;NA;0;0;NA;NA;NA;0;NA;NA;NA;NA;2;48;0;NA;NA;63
480746;10-12-2017;Substitution, Arsenal. Danny Welbeck replaces Per Mertesacker.;64';Southampton;Arsenal;1;0;0;0;0;0;0;NA;NA;NA;NA;NA;NA;NA;0;NA;NA;0;NA;0;0;NA;NA;NA;0;NA;NA;NA;0;NA;NA;0;NA;0;NA;NA;NA;0;NA;NA;1;0;Arsenal;Danny Welbeck;Per Mertesacker;0;NA;NA;NA;NA;2;49;0;NA;NA;64
480746;10-12-2017;Attempt missed. Ryan Bertrand (Southampton) left footed shot from the centre of the box misses to the right. Assisted by Dusan Tadic.;66';Southampton;Arsenal;1;0;0;0;0;1;0;missed;Ryan Bertrand;Southampton;left;the centre of the box;right;Dusan Tadic;0;NA;NA;0;NA;0;0;NA;NA;NA;0;NA;NA;NA;0;NA;NA;0;NA;0;NA;NA;NA;0;NA;NA;0;0;NA;NA;NA;0;NA;NA;NA;NA;2;50;0;NA;NA;66
480746;10-12-2017;Corner,  Arsenal. Conceded by Ryan Bertrand.;68';Southampton;Arsenal;1;0;0;0;0;0;0;NA;NA;NA;NA;NA;NA;NA;0;NA;NA;0;NA;0;0;NA;NA;NA;0;NA;NA;NA;0;NA;NA;0;NA;0;NA;NA;NA;1;Arsenal;Ryan Bertrand;0;0;NA;NA;NA;0;NA;NA;NA;NA;2;51;0;NA;NA;68
480746;10-12-2017;Attempt missed. Nacho Monreal (Arsenal) left footed shot from outside the box is close, but misses to the left following a corner.;68';Southampton;Arsenal;1;0;0;0;0;1;0;missed;Nacho Monreal;Arsenal;left;outside the box;close, but left;NA;0;NA;NA;0;NA;1;0;NA;NA;NA;0;NA;NA;NA;0;NA;NA;0;NA;0;NA;NA;NA;0;NA;NA;0;0;NA;NA;NA;0;NA;NA;NA;NA;2;52;0;NA;NA;68
480746;10-12-2017;Substitution, Arsenal. Jack Wilshere replaces Granit Xhaka.;69';Southampton;Arsenal;1;0;0;0;0;0;0;NA;NA;NA;NA;NA;NA;NA;0;NA;NA;0;NA;0;0;NA;NA;NA;0;NA;NA;NA;0;NA;NA;0;NA;0;NA;NA;NA;0;NA;NA;1;0;Arsenal;Jack Wilshere;Granit Xhaka;0;NA;NA;NA;NA;2;53;0;NA;NA;69
480746;10-12-2017;Offside, Arsenal. Jack Wilshere tries a through ball, but Mesut Özil is caught offside.;70';Southampton;Arsenal;1;0;0;0;0;0;0;NA;NA;NA;NA;NA;NA;NA;0;NA;NA;0;NA;0;1;Arsenal;Mesut Özil;Jack Wilshere;0;NA;NA;NA;0;NA;NA;0;NA;0;NA;NA;NA;0;NA;NA;0;0;NA;NA;NA;0;NA;NA;NA;NA;2;54;0;NA;NA;70
480746;10-12-2017;Aaron Ramsey (Arsenal) wins a free kick in the defensive half.;71';Southampton;Arsenal;1;0;0;0;0;0;0;NA;NA;NA;NA;NA;NA;NA;0;NA;NA;0;NA;0;0;NA;NA;NA;0;NA;NA;NA;0;NA;NA;0;NA;1;Aaron Ramsey;Arsenal;defensive half;0;NA;NA;0;0;NA;NA;NA;0;NA;NA;NA;NA;2;55;0;NA;NA;71
480746;10-12-2017;Foul by Dusan Tadic (Southampton).;71';Southampton;Arsenal;1;0;0;0;0;0;0;NA;NA;NA;NA;NA;NA;NA;1;Dusan Tadic;Southampton;0;NA;0;0;NA;NA;NA;0;NA;NA;NA;0;NA;NA;0;NA;0;NA;NA;NA;0;NA;NA;0;0;NA;NA;NA;0;NA;NA;NA;NA;2;56;0;NA;NA;71
480746;10-12-2017;Foul by Dusan Tadic (Southampton).;71';Southampton;Arsenal;1;0;0;0;0;0;0;NA;NA;NA;NA;NA;NA;NA;1;Dusan Tadic;Southampton;0;NA;0;0;NA;NA;NA;0;NA;NA;NA;0;NA;NA;0;NA;0;NA;NA;NA;0;NA;NA;0;0;NA;NA;NA;0;NA;NA;NA;NA;2;57;0;NA;NA;71
480746;10-12-2017;Jack Wilshere (Arsenal) wins a free kick in the defensive half.;71';Southampton;Arsenal;1;0;0;0;0;0;0;NA;NA;NA;NA;NA;NA;NA;0;NA;NA;0;NA;0;0;NA;NA;NA;0;NA;NA;NA;0;NA;NA;0;NA;1;Jack Wilshere;Arsenal;defensive half;0;NA;NA;0;0;NA;NA;NA;0;NA;NA;NA;NA;2;58;0;NA;NA;71
480746;10-12-2017;Substitution, Arsenal. Olivier Giroud replaces Alexandre Lacazette.;72';Southampton;Arsenal;1;0;0;0;0;0;0;NA;NA;NA;NA;NA;NA;NA;0;NA;NA;0;NA;0;0;NA;NA;NA;0;NA;NA;NA;0;NA;NA;0;NA;0;NA;NA;NA;0;NA;NA;1;0;Arsenal;Olivier Giroud;Alexandre Lacazette;0;NA;NA;NA;NA;2;59;0;NA;NA;72
480746;10-12-2017;Substitution, Southampton. Sofiane Boufal replaces Nathan Redmond.;74';Southampton;Arsenal;1;0;0;0;0;0;0;NA;NA;NA;NA;NA;NA;NA;0;NA;NA;0;NA;0;0;NA;NA;NA;0;NA;NA;NA;0;NA;NA;0;NA;0;NA;NA;NA;0;NA;NA;1;0;Southampton;Sofiane Boufal;Nathan Redmond;0;NA;NA;NA;NA;2;60;0;NA;NA;74
480746;10-12-2017;Foul by Danny Welbeck (Arsenal).;75';Southampton;Arsenal;1;0;0;0;0;0;0;NA;NA;NA;NA;NA;NA;NA;1;Danny Welbeck;Arsenal;0;NA;0;0;NA;NA;NA;0;NA;NA;NA;0;NA;NA;0;NA;0;NA;NA;NA;0;NA;NA;0;0;NA;NA;NA;0;NA;NA;NA;NA;2;61;0;NA;NA;75
480746;10-12-2017;Virgil van Dijk (Southampton) wins a free kick on the left wing.;75';Southampton;Arsenal;1;0;0;0;0;0;0;NA;NA;NA;NA;NA;NA;NA;0;NA;NA;0;NA;0;0;NA;NA;NA;0;NA;NA;NA;0;NA;NA;0;NA;1;Virgil van Dijk;Southampton;NA;0;NA;NA;0;0;NA;NA;NA;0;NA;NA;NA;NA;2;62;0;NA;NA;75
480746;10-12-2017;Charlie Austin (Southampton) wins a free kick in the defensive half.;77';Southampton;Arsenal;1;0;0;0;0;0;0;NA;NA;NA;NA;NA;NA;NA;0;NA;NA;0;NA;0;0;NA;NA;NA;0;NA;NA;NA;0;NA;NA;0;NA;1;Charlie Austin;Southampton;defensive half;0;NA;NA;0;0;NA;NA;NA;0;NA;NA;NA;NA;2;63;0;NA;NA;77
480746;10-12-2017;Foul by Héctor Bellerín (Arsenal).;77';Southampton;Arsenal;1;0;0;0;0;0;0;NA;NA;NA;NA;NA;NA;NA;1;Héctor Bellerín;Arsenal;0;NA;0;0;NA;NA;NA;0;NA;NA;NA;0;NA;NA;0;NA;0;NA;NA;NA;0;NA;NA;0;0;NA;NA;NA;0;NA;NA;NA;NA;2;64;0;NA;NA;77
480746;10-12-2017;Foul by Héctor Bellerín (Arsenal).;78';Southampton;Arsenal;1;0;0;0;0;0;0;NA;NA;NA;NA;NA;NA;NA;1;Héctor Bellerín;Arsenal;0;NA;0;0;NA;NA;NA;0;NA;NA;NA;0;NA;NA;0;NA;0;NA;NA;NA;0;NA;NA;0;0;NA;NA;NA;0;NA;NA;NA;NA;2;65;0;NA;NA;78
480746;10-12-2017;Sofiane Boufal (Southampton) wins a free kick in the attacking half.;78';Southampton;Arsenal;1;0;0;0;0;0;0;NA;NA;NA;NA;NA;NA;NA;0;NA;NA;0;NA;0;0;NA;NA;NA;0;NA;NA;NA;0;NA;NA;0;NA;1;Sofiane Boufal;Southampton;attacking half;0;NA;NA;0;0;NA;NA;NA;0;NA;NA;NA;NA;2;66;0;NA;NA;78
480746;10-12-2017;Héctor Bellerín (Arsenal) is shown the yellow card for a bad foul.;78';Southampton;Arsenal;1;0;0;0;0;0;0;NA;NA;NA;NA;NA;NA;NA;0;NA;NA;0;NA;0;0;NA;NA;NA;1;yellow;Héctor Bellerín;Arsenal;0;NA;NA;0;NA;0;NA;NA;NA;0;NA;NA;0;0;NA;NA;NA;0;NA;NA;NA;NA;2;67;0;NA;NA;78
480746;10-12-2017;Corner,  Arsenal. Conceded by Ryan Bertrand.;80';Southampton;Arsenal;1;0;0;0;0;0;0;NA;NA;NA;NA;NA;NA;NA;0;NA;NA;0;NA;0;0;NA;NA;NA;0;NA;NA;NA;0;NA;NA;0;NA;0;NA;NA;NA;1;Arsenal;Ryan Bertrand;0;0;NA;NA;NA;0;NA;NA;NA;NA;2;68;0;NA;NA;80
480746;10-12-2017;Jack Stephens (Southampton) is shown the yellow card.;82';Southampton;Arsenal;1;0;0;0;0;0;0;NA;NA;NA;NA;NA;NA;NA;0;NA;NA;0;NA;0;0;NA;NA;NA;1;yellow;Jack Stephens;Southampton;0;NA;NA;0;NA;0;NA;NA;NA;0;NA;NA;0;0;NA;NA;NA;0;NA;NA;NA;NA;2;69;0;NA;NA;82
480746;10-12-2017;Offside, Southampton. Sofiane Boufal tries a through ball, but Charlie Austin is caught offside.;82';Southampton;Arsenal;1;0;0;0;0;0;0;NA;NA;NA;NA;NA;NA;NA;0;NA;NA;0;NA;0;1;Southampton;Charlie Austin;Sofiane Boufal;0;NA;NA;NA;0;NA;NA;0;NA;0;NA;NA;NA;0;NA;NA;0;0;NA;NA;NA;0;NA;NA;NA;NA;2;70;0;NA;NA;82
480746;10-12-2017;Foul by Oriol Romeu (Southampton).;83';Southampton;Arsenal;1;0;0;0;0;0;0;NA;NA;NA;NA;NA;NA;NA;1;Oriol Romeu;Southampton;0;NA;0;0;NA;NA;NA;0;NA;NA;NA;0;NA;NA;0;NA;0;NA;NA;NA;0;NA;NA;0;0;NA;NA;NA;0;NA;NA;NA;NA;2;71;0;NA;NA;83
480746;10-12-2017;Jack Wilshere (Arsenal) wins a free kick in the attacking half.;83';Southampton;Arsenal;1;0;0;0;0;0;0;NA;NA;NA;NA;NA;NA;NA;0;NA;NA;0;NA;0;0;NA;NA;NA;0;NA;NA;NA;0;NA;NA;0;NA;1;Jack Wilshere;Arsenal;attacking half;0;NA;NA;0;0;NA;NA;NA;0;NA;NA;NA;NA;2;72;0;NA;NA;83
480746;10-12-2017;Oriol Romeu (Southampton) is shown the yellow card for a bad foul.;84';Southampton;Arsenal;1;0;0;0;0;0;0;NA;NA;NA;NA;NA;NA;NA;0;NA;NA;0;NA;0;0;NA;NA;NA;1;yellow;Oriol Romeu;Southampton;0;NA;NA;0;NA;0;NA;NA;NA;0;NA;NA;0;0;NA;NA;NA;0;NA;NA;NA;NA;2;73;0;NA;NA;84
480746;10-12-2017;Attempt saved. Alexis Sánchez (Arsenal) right footed shot from outside the box is saved in the top left corner.;84';Southampton;Arsenal;1;0;0;0;0;1;0;saved;Alexis Sánchez;Arsenal;right;outside the box;the top left corner;NA;0;NA;NA;0;NA;0;0;NA;NA;NA;0;NA;NA;NA;0;NA;NA;0;NA;0;NA;NA;NA;0;NA;NA;0;0;NA;NA;NA;0;NA;NA;NA;NA;2;74;0;NA;NA;84
480746;10-12-2017;Substitution, Southampton. Manolo Gabbiadini replaces Charlie Austin.;86';Southampton;Arsenal;1;0;0;0;0;0;0;NA;NA;NA;NA;NA;NA;NA;0;NA;NA;0;NA;0;0;NA;NA;NA;0;NA;NA;NA;0;NA;NA;0;NA;0;NA;NA;NA;0;NA;NA;1;0;Southampton;Manolo Gabbiadini;Charlie Austin;0;NA;NA;NA;NA;2;75;0;NA;NA;86
480746;10-12-2017;Goal!  Southampton 1, Arsenal 1. Olivier Giroud (Arsenal) header from the centre of the box to the bottom right corner. Assisted by Alexis Sánchez with a cross.;88';Southampton;Arsenal;1;1;0;0;0;1;0;goal;Olivier Giroud;Arsenal;header;the centre of the box;bottom right corner;Alexis Sánchez;0;NA;NA;0;cross;0;0;NA;NA;NA;0;NA;NA;NA;0;NA;NA;0;NA;0;NA;NA;NA;0;NA;NA;0;0;NA;NA;NA;0;NA;NA;NA;NA;2;76;0;NA;NA;88
480746;10-12-2017;Substitution, Southampton. Steven Davis replaces Dusan Tadic.;88';Southampton;Arsenal;1;1;0;0;0;0;0;NA;NA;NA;NA;NA;NA;NA;0;NA;NA;0;NA;0;0;NA;NA;NA;0;NA;NA;NA;0;NA;NA;0;NA;0;NA;NA;NA;0;NA;NA;1;0;Southampton;Steven Davis;Dusan Tadic;0;NA;NA;NA;NA;2;77;0;NA;NA;88
480746;10-12-2017;Foul by Manolo Gabbiadini (Southampton).;89';Southampton;Arsenal;1;1;0;0;0;0;0;NA;NA;NA;NA;NA;NA;NA;1;Manolo Gabbiadini;Southampton;0;NA;0;0;NA;NA;NA;0;NA;NA;NA;0;NA;NA;0;NA;0;NA;NA;NA;0;NA;NA;0;0;NA;NA;NA;0;NA;NA;NA;NA;2;78;0;NA;NA;89
480746;10-12-2017;Laurent Koscielny (Arsenal) wins a free kick in the defensive half.;89';Southampton;Arsenal;1;1;0;0;0;0;0;NA;NA;NA;NA;NA;NA;NA;0;NA;NA;0;NA;0;0;NA;NA;NA;0;NA;NA;NA;0;NA;NA;0;NA;1;Laurent Koscielny;Arsenal;defensive half;0;NA;NA;0;0;NA;NA;NA;0;NA;NA;NA;NA;2;79;0;NA;NA;89
480746;10-12-2017;Foul by Jack Wilshere (Arsenal).;89';Southampton;Arsenal;1;1;0;0;0;0;0;NA;NA;NA;NA;NA;NA;NA;1;Jack Wilshere;Arsenal;0;NA;0;0;NA;NA;NA;0;NA;NA;NA;0;NA;NA;0;NA;0;NA;NA;NA;0;NA;NA;0;0;NA;NA;NA;0;NA;NA;NA;NA;2;80;0;NA;NA;89
480746;10-12-2017;Manolo Gabbiadini (Southampton) wins a free kick in the defensive half.;89';Southampton;Arsenal;1;1;0;0;0;0;0;NA;NA;NA;NA;NA;NA;NA;0;NA;NA;0;NA;0;0;NA;NA;NA;0;NA;NA;NA;0;NA;NA;0;NA;1;Manolo Gabbiadini;Southampton;defensive half;0;NA;NA;0;0;NA;NA;NA;0;NA;NA;NA;NA;2;81;0;NA;NA;89
480746;10-12-2017;Jack Wilshere (Arsenal) is shown the yellow card for a bad foul.;90';Southampton;Arsenal;1;1;0;0;0;0;0;NA;NA;NA;NA;NA;NA;NA;0;NA;NA;0;NA;0;0;NA;NA;NA;1;yellow;Jack Wilshere;Arsenal;0;NA;NA;0;NA;0;NA;NA;NA;0;NA;NA;0;0;NA;NA;NA;0;NA;NA;NA;NA;2;82;0;NA;NA;90
480746;10-12-2017;Attempt blocked. Pierre-Emile Højbjerg (Southampton) right footed shot from outside the box is blocked. Assisted by Sofiane Boufal.;90'+2';Southampton;Arsenal;1;1;0;0;0;1;0;blocked;NA;Southampton;right;outside the box;NA;Sofiane Boufal;0;NA;NA;0;NA;0;0;NA;NA;NA;0;NA;NA;NA;0;NA;NA;0;NA;0;NA;NA;NA;0;NA;NA;0;0;NA;NA;NA;0;NA;NA;NA;NA;2;83;1;NA;NA;92
480746;10-12-2017;Corner,  Southampton. Conceded by Mesut Özil.;90'+3';Southampton;Arsenal;1;1;0;0;0;0;0;NA;NA;NA;NA;NA;NA;NA;0;NA;NA;0;NA;0;0;NA;NA;NA;0;NA;NA;NA;0;NA;NA;0;NA;0;NA;NA;NA;1;Southampton;Mesut Özil;0;0;NA;NA;NA;0;NA;NA;NA;NA;2;84;1;NA;NA;93
480746;10-12-2017;Foul by Pierre-Emile Højbjerg (Southampton).;90'+3';Southampton;Arsenal;1;1;0;0;0;0;0;NA;NA;NA;NA;NA;NA;NA;1;Emile Højbjerg;Southampton;0;NA;0;0;NA;NA;NA;0;NA;NA;NA;0;NA;NA;0;NA;0;NA;NA;NA;0;NA;NA;0;0;NA;NA;NA;0;NA;NA;NA;NA;2;85;1;NA;NA;93
480746;10-12-2017;Sead Kolasinac (Arsenal) wins a free kick in the defensive half.;90'+3';Southampton;Arsenal;1;1;0;0;0;0;0;NA;NA;NA;NA;NA;NA;NA;0;NA;NA;0;NA;0;0;NA;NA;NA;0;NA;NA;NA;0;NA;NA;0;NA;1;Sead Kolasinac;Arsenal;defensive half;0;NA;NA;0;0;NA;NA;NA;0;NA;NA;NA;NA;2;86;1;NA;NA;93
480746;10-12-2017;Attempt saved. Aaron Ramsey (Arsenal) left footed shot from the centre of the box is saved in the bottom right corner. Assisted by Sead Kolasinac with a cross.;90'+4';Southampton;Arsenal;1;1;0;0;0;1;0;saved;Aaron Ramsey;Arsenal;left;the centre of the box;the bottom right corner;Sead Kolasinac;0;NA;NA;0;cross;0;0;NA;NA;NA;0;NA;NA;NA;0;NA;NA;0;NA;0;NA;NA;NA;0;NA;NA;0;0;NA;NA;NA;0;NA;NA;NA;NA;2;87;1;NA;NA;94
480746;10-12-2017;Second Half ends, Southampton 1, Arsenal 1.;90'+5';Southampton;Arsenal;1;1;1;0;0;0;0;NA;NA;NA;NA;NA;NA;NA;0;NA;NA;0;NA;0;0;NA;NA;NA;0;NA;NA;NA;0;NA;NA;0;NA;0;NA;NA;NA;0;NA;NA;0;0;NA;NA;NA;0;NA;NA;NA;NA;2;88;1;NA;NA;95
480746;10-12-2017;Match ends, Southampton 1, Arsenal 1.;90'+5';Southampton;Arsenal;1;1;0;1;0;0;0;NA;NA;NA;NA;NA;NA;NA;0;NA;NA;0;NA;0;0;NA;NA;NA;0;NA;NA;NA;0;NA;NA;0;NA;0;NA;NA;NA;0;NA;NA;0;0;NA;NA;NA;0;NA;NA;NA;NA;2;89;1;NA;NA;95
