480720;22-12-2017;First Half begins.;-;Arsenal;Liverpool;0;0;0;0;1;0;0;NA;NA;NA;NA;NA;NA;NA;0;NA;NA;0;NA;0;0;NA;NA;NA;0;NA;NA;NA;0;NA;NA;0;NA;0;NA;NA;NA;0;NA;NA;0;0;NA;NA;NA;0;NA;NA;NA;NA;1;1;0;NA;NA;NA
480720;22-12-2017;Lineups are announced and players are warming up.;-;Arsenal;Liverpool;0;0;0;0;0;0;0;NA;NA;NA;NA;NA;NA;NA;0;NA;NA;0;NA;0;0;NA;NA;NA;0;NA;NA;NA;0;NA;NA;0;NA;0;NA;NA;NA;0;NA;NA;0;0;NA;NA;NA;0;NA;NA;NA;NA;1;2;0;NA;NA;NA
480720;22-12-2017;Foul by Alexis Sánchez (Arsenal).;1';Arsenal;Liverpool;0;0;0;0;0;0;0;NA;NA;NA;NA;NA;NA;NA;1;Alexis Sánchez;Arsenal;0;NA;0;0;NA;NA;NA;0;NA;NA;NA;0;NA;NA;0;NA;0;NA;NA;NA;0;NA;NA;0;0;NA;NA;NA;0;NA;NA;NA;NA;1;3;0;NA;NA;1
480720;22-12-2017;Ragnar Klavan (Liverpool) wins a free kick in the defensive half.;1';Arsenal;Liverpool;0;0;0;0;0;0;0;NA;NA;NA;NA;NA;NA;NA;0;NA;NA;0;NA;0;0;NA;NA;NA;0;NA;NA;NA;0;NA;NA;0;NA;1;Ragnar Klavan;Liverpool;defensive half;0;NA;NA;0;0;NA;NA;NA;0;NA;NA;NA;NA;1;4;0;NA;NA;1
480720;22-12-2017;Attempt blocked. Alexis Sánchez (Arsenal) right footed shot from outside the box is blocked. Assisted by Jack Wilshere.;4';Arsenal;Liverpool;0;0;0;0;0;1;0;blocked;Alexis Sánchez;Arsenal;right;outside the box;NA;Jack Wilshere;0;NA;NA;0;NA;0;0;NA;NA;NA;0;NA;NA;NA;0;NA;NA;0;NA;0;NA;NA;NA;0;NA;NA;0;0;NA;NA;NA;0;NA;NA;NA;NA;1;5;0;NA;NA;4
480720;22-12-2017;Attempt missed. Granit Xhaka (Arsenal) left footed shot from outside the box misses to the right. Assisted by Alexandre Lacazette.;4';Arsenal;Liverpool;0;0;0;0;0;1;0;missed;Granit Xhaka;Arsenal;left;outside the box;right;Alexandre Lacazette;0;NA;NA;0;NA;0;0;NA;NA;NA;0;NA;NA;NA;0;NA;NA;0;NA;0;NA;NA;NA;0;NA;NA;0;0;NA;NA;NA;0;NA;NA;NA;NA;1;6;0;NA;NA;4
480720;22-12-2017;Alexis Sánchez (Arsenal) wins a free kick on the left wing.;4';Arsenal;Liverpool;0;0;0;0;0;0;0;NA;NA;NA;NA;NA;NA;NA;0;NA;NA;0;NA;0;0;NA;NA;NA;0;NA;NA;NA;0;NA;NA;0;NA;1;Alexis Sánchez;Arsenal;NA;0;NA;NA;0;0;NA;NA;NA;0;NA;NA;NA;NA;1;7;0;NA;NA;4
480720;22-12-2017;Foul by Joseph Gomez (Liverpool).;4';Arsenal;Liverpool;0;0;0;0;0;0;0;NA;NA;NA;NA;NA;NA;NA;1;Joseph Gomez;Liverpool;0;NA;0;0;NA;NA;NA;0;NA;NA;NA;0;NA;NA;0;NA;0;NA;NA;NA;0;NA;NA;0;0;NA;NA;NA;0;NA;NA;NA;NA;1;8;0;NA;NA;4
480720;22-12-2017;Corner,  Arsenal. Conceded by Emre Can.;5';Arsenal;Liverpool;0;0;0;0;0;0;0;NA;NA;NA;NA;NA;NA;NA;0;NA;NA;0;NA;0;0;NA;NA;NA;0;NA;NA;NA;0;NA;NA;0;NA;0;NA;NA;NA;1;Arsenal;Emre Can;0;0;NA;NA;NA;0;NA;NA;NA;NA;1;9;0;NA;NA;5
480720;22-12-2017;Offside, Arsenal. Nacho Monreal tries a through ball, but Laurent Koscielny is caught offside.;6';Arsenal;Liverpool;0;0;0;0;0;0;0;NA;NA;NA;NA;NA;NA;NA;0;NA;NA;0;NA;0;1;Arsenal;Laurent Koscielny;Nacho Monreal;0;NA;NA;NA;0;NA;NA;0;NA;0;NA;NA;NA;0;NA;NA;0;0;NA;NA;NA;0;NA;NA;NA;NA;1;10;0;NA;NA;6
480720;22-12-2017;Corner,  Liverpool. Conceded by Ainsley Maitland-Niles.;7';Arsenal;Liverpool;0;0;0;0;0;0;0;NA;NA;NA;NA;NA;NA;NA;0;NA;NA;0;NA;0;0;NA;NA;NA;0;NA;NA;NA;0;NA;NA;0;NA;0;NA;NA;NA;1;Liverpool;Ainsley Maitland-Niles;0;0;NA;NA;NA;0;NA;NA;NA;NA;1;11;0;NA;NA;7
480720;22-12-2017;Delay in match Jordan Henderson (Liverpool) because of an injury.;9';Arsenal;Liverpool;0;0;0;0;0;0;0;NA;NA;NA;NA;NA;NA;NA;0;NA;NA;0;NA;0;0;NA;NA;NA;0;NA;NA;NA;0;NA;NA;1;Liverpool;0;NA;NA;NA;0;NA;NA;0;0;NA;NA;NA;0;NA;NA;NA;NA;1;12;0;NA;NA;9
480720;22-12-2017;Delay over. They are ready to continue.;11';Arsenal;Liverpool;0;0;0;0;0;0;0;NA;NA;NA;NA;NA;NA;NA;0;NA;NA;0;NA;0;0;NA;NA;NA;0;NA;NA;NA;0;NA;NA;0;NA;0;NA;NA;NA;0;NA;NA;0;0;NA;NA;NA;0;NA;NA;NA;NA;1;13;0;NA;NA;11
480720;22-12-2017;Substitution, Liverpool. James Milner replaces Jordan Henderson because of an injury.;13';Arsenal;Liverpool;0;0;0;0;0;0;0;NA;NA;NA;NA;NA;NA;NA;0;NA;NA;0;NA;0;0;NA;NA;NA;0;NA;NA;NA;0;NA;NA;0;NA;0;NA;NA;NA;0;NA;NA;1;1;Liverpool;James Milner;Jordan Henderson;0;NA;NA;NA;NA;1;14;0;NA;NA;13
480720;22-12-2017;Foul by Granit Xhaka (Arsenal).;13';Arsenal;Liverpool;0;0;0;0;0;0;0;NA;NA;NA;NA;NA;NA;NA;1;Granit Xhaka;Arsenal;0;NA;0;0;NA;NA;NA;0;NA;NA;NA;0;NA;NA;0;NA;0;NA;NA;NA;0;NA;NA;0;0;NA;NA;NA;0;NA;NA;NA;NA;1;15;0;NA;NA;13
480720;22-12-2017;Sadio Mané (Liverpool) wins a free kick in the attacking half.;13';Arsenal;Liverpool;0;0;0;0;0;0;0;NA;NA;NA;NA;NA;NA;NA;0;NA;NA;0;NA;0;0;NA;NA;NA;0;NA;NA;NA;0;NA;NA;0;NA;1;Sadio Mané;Liverpool;attacking half;0;NA;NA;0;0;NA;NA;NA;0;NA;NA;NA;NA;1;16;0;NA;NA;13
480720;22-12-2017;Attempt missed. Philippe Coutinho (Liverpool) left footed shot from outside the box misses to the left. Assisted by Mohamed Salah.;14';Arsenal;Liverpool;0;0;0;0;0;1;0;missed;Philippe Coutinho;Liverpool;left;outside the box;left;Mohamed Salah;0;NA;NA;0;NA;0;0;NA;NA;NA;0;NA;NA;NA;0;NA;NA;0;NA;0;NA;NA;NA;0;NA;NA;0;0;NA;NA;NA;0;NA;NA;NA;NA;1;17;0;NA;NA;14
480720;22-12-2017;Corner,  Liverpool. Conceded by Laurent Koscielny.;15';Arsenal;Liverpool;0;0;0;0;0;0;0;NA;NA;NA;NA;NA;NA;NA;0;NA;NA;0;NA;0;0;NA;NA;NA;0;NA;NA;NA;0;NA;NA;0;NA;0;NA;NA;NA;1;Liverpool;Laurent Koscielny;0;0;NA;NA;NA;0;NA;NA;NA;NA;1;18;0;NA;NA;15
480720;22-12-2017;Attempt saved. Roberto Firmino (Liverpool) header from the right side of the six yard box is saved in the bottom right corner. Assisted by Andrew Robertson with a cross.;22';Arsenal;Liverpool;0;0;0;0;0;1;0;saved;Roberto Firmino;Liverpool;header;the right side of the six yard box;the bottom right corner;Andrew Robertson;0;NA;NA;0;cross;0;0;NA;NA;NA;0;NA;NA;NA;0;NA;NA;0;NA;0;NA;NA;NA;0;NA;NA;0;0;NA;NA;NA;0;NA;NA;NA;NA;1;19;0;NA;NA;22
480720;22-12-2017;Corner,  Liverpool. Conceded by Petr Cech.;22';Arsenal;Liverpool;0;0;0;0;0;0;0;NA;NA;NA;NA;NA;NA;NA;0;NA;NA;0;NA;0;0;NA;NA;NA;0;NA;NA;NA;0;NA;NA;0;NA;0;NA;NA;NA;1;Liverpool;Petr Cech;0;0;NA;NA;NA;0;NA;NA;NA;NA;1;20;0;NA;NA;22
480720;22-12-2017;Foul by Roberto Firmino (Liverpool).;23';Arsenal;Liverpool;0;0;0;0;0;0;0;NA;NA;NA;NA;NA;NA;NA;1;Roberto Firmino;Liverpool;0;NA;0;0;NA;NA;NA;0;NA;NA;NA;0;NA;NA;0;NA;0;NA;NA;NA;0;NA;NA;0;0;NA;NA;NA;0;NA;NA;NA;NA;1;21;0;NA;NA;23
480720;22-12-2017;Jack Wilshere (Arsenal) wins a free kick in the defensive half.;23';Arsenal;Liverpool;0;0;0;0;0;0;0;NA;NA;NA;NA;NA;NA;NA;0;NA;NA;0;NA;0;0;NA;NA;NA;0;NA;NA;NA;0;NA;NA;0;NA;1;Jack Wilshere;Arsenal;defensive half;0;NA;NA;0;0;NA;NA;NA;0;NA;NA;NA;NA;1;22;0;NA;NA;23
480720;22-12-2017;Attempt missed. Roberto Firmino (Liverpool) header from the centre of the box is close, but misses to the left. Assisted by Philippe Coutinho with a cross.;24';Arsenal;Liverpool;0;0;0;0;0;1;0;missed;Roberto Firmino;Liverpool;header;the centre of the box;close, but left;Philippe Coutinho;0;NA;NA;0;cross;0;0;NA;NA;NA;0;NA;NA;NA;0;NA;NA;0;NA;0;NA;NA;NA;0;NA;NA;0;0;NA;NA;NA;0;NA;NA;NA;NA;1;23;0;NA;NA;24
480720;22-12-2017;Goal!  Arsenal 0, Liverpool 1. Philippe Coutinho (Liverpool) header from very close range to the bottom left corner.;26';Arsenal;Liverpool;0;1;0;0;0;1;0;goal;Philippe Coutinho;Liverpool;header;very close range;bottom left corner;NA;0;NA;NA;0;NA;0;0;NA;NA;NA;0;NA;NA;NA;0;NA;NA;0;NA;0;NA;NA;NA;0;NA;NA;0;0;NA;NA;NA;0;NA;NA;NA;NA;1;24;0;NA;NA;26
480720;22-12-2017;Corner,  Arsenal. Conceded by Dejan Lovren.;28';Arsenal;Liverpool;0;1;0;0;0;0;0;NA;NA;NA;NA;NA;NA;NA;0;NA;NA;0;NA;0;0;NA;NA;NA;0;NA;NA;NA;0;NA;NA;0;NA;0;NA;NA;NA;1;Arsenal;Dejan Lovren;0;0;NA;NA;NA;0;NA;NA;NA;NA;1;25;0;NA;NA;28
480720;22-12-2017;Attempt blocked. Alexandre Lacazette (Arsenal) right footed shot from outside the box is blocked. Assisted by Alexis Sánchez.;29';Arsenal;Liverpool;0;1;0;0;0;1;0;blocked;Alexandre Lacazette;Arsenal;right;outside the box;NA;Alexis Sánchez;0;NA;NA;0;NA;0;0;NA;NA;NA;0;NA;NA;NA;0;NA;NA;0;NA;0;NA;NA;NA;0;NA;NA;0;0;NA;NA;NA;0;NA;NA;NA;NA;1;26;0;NA;NA;29
480720;22-12-2017;Attempt saved. Sadio Mané (Liverpool) right footed shot from outside the box is saved in the centre of the goal.;30';Arsenal;Liverpool;0;1;0;0;0;1;0;saved;Sadio Mané;Liverpool;right;outside the box;the centre of the goal;NA;0;NA;NA;0;NA;0;0;NA;NA;NA;0;NA;NA;NA;0;NA;NA;0;NA;0;NA;NA;NA;0;NA;NA;0;0;NA;NA;NA;0;NA;NA;NA;NA;1;27;0;NA;NA;30
480720;22-12-2017;Attempt missed. Roberto Firmino (Liverpool) right footed shot from the left side of the box is just a bit too high. Assisted by Sadio Mané.;32';Arsenal;Liverpool;0;1;0;0;0;1;0;missed;Roberto Firmino;Liverpool;right;the left side of the box;just a bit too high;Sadio Mané;0;NA;NA;0;NA;0;0;NA;NA;NA;0;NA;NA;NA;0;NA;NA;0;NA;0;NA;NA;NA;0;NA;NA;0;0;NA;NA;NA;0;NA;NA;NA;NA;1;28;0;NA;NA;32
480720;22-12-2017;Foul by Nacho Monreal (Arsenal).;34';Arsenal;Liverpool;0;1;0;0;0;0;0;NA;NA;NA;NA;NA;NA;NA;1;Nacho Monreal;Arsenal;0;NA;0;0;NA;NA;NA;0;NA;NA;NA;0;NA;NA;0;NA;0;NA;NA;NA;0;NA;NA;0;0;NA;NA;NA;0;NA;NA;NA;NA;1;29;0;NA;NA;34
480720;22-12-2017;Sadio Mané (Liverpool) wins a free kick in the attacking half.;34';Arsenal;Liverpool;0;1;0;0;0;0;0;NA;NA;NA;NA;NA;NA;NA;0;NA;NA;0;NA;0;0;NA;NA;NA;0;NA;NA;NA;0;NA;NA;0;NA;1;Sadio Mané;Liverpool;attacking half;0;NA;NA;0;0;NA;NA;NA;0;NA;NA;NA;NA;1;30;0;NA;NA;34
480720;22-12-2017;Delay in match Nacho Monreal (Arsenal) because of an injury.;34';Arsenal;Liverpool;0;1;0;0;0;0;0;NA;NA;NA;NA;NA;NA;NA;0;NA;NA;0;NA;0;0;NA;NA;NA;0;NA;NA;NA;0;NA;NA;1;Arsenal;0;NA;NA;NA;0;NA;NA;0;0;NA;NA;NA;0;NA;NA;NA;NA;1;31;0;NA;NA;34
480720;22-12-2017;Delay over. They are ready to continue.;35';Arsenal;Liverpool;0;1;0;0;0;0;0;NA;NA;NA;NA;NA;NA;NA;0;NA;NA;0;NA;0;0;NA;NA;NA;0;NA;NA;NA;0;NA;NA;0;NA;0;NA;NA;NA;0;NA;NA;0;0;NA;NA;NA;0;NA;NA;NA;NA;1;32;0;NA;NA;35
480720;22-12-2017;Alexandre Lacazette (Arsenal) wins a free kick in the attacking half.;36';Arsenal;Liverpool;0;1;0;0;0;0;0;NA;NA;NA;NA;NA;NA;NA;0;NA;NA;0;NA;0;0;NA;NA;NA;0;NA;NA;NA;0;NA;NA;0;NA;1;Alexandre Lacazette;Arsenal;attacking half;0;NA;NA;0;0;NA;NA;NA;0;NA;NA;NA;NA;1;33;0;NA;NA;36
480720;22-12-2017;Foul by James Milner (Liverpool).;36';Arsenal;Liverpool;0;1;0;0;0;0;0;NA;NA;NA;NA;NA;NA;NA;1;James Milner;Liverpool;0;NA;0;0;NA;NA;NA;0;NA;NA;NA;0;NA;NA;0;NA;0;NA;NA;NA;0;NA;NA;0;0;NA;NA;NA;0;NA;NA;NA;NA;1;34;0;NA;NA;36
480720;22-12-2017;Attempt blocked. Mesut Özil (Arsenal) left footed shot from outside the box is blocked.;37';Arsenal;Liverpool;0;1;0;0;0;1;0;blocked;Mesut Özil;Arsenal;left;outside the box;NA;NA;0;NA;NA;0;NA;0;0;NA;NA;NA;0;NA;NA;NA;0;NA;NA;0;NA;0;NA;NA;NA;0;NA;NA;0;0;NA;NA;NA;0;NA;NA;NA;NA;1;35;0;NA;NA;37
480720;22-12-2017;Corner,  Arsenal. Conceded by James Milner.;37';Arsenal;Liverpool;0;1;0;0;0;0;0;NA;NA;NA;NA;NA;NA;NA;0;NA;NA;0;NA;0;0;NA;NA;NA;0;NA;NA;NA;0;NA;NA;0;NA;0;NA;NA;NA;1;Arsenal;James Milner;0;0;NA;NA;NA;0;NA;NA;NA;NA;1;36;0;NA;NA;37
480720;22-12-2017;Foul by Jack Wilshere (Arsenal).;38';Arsenal;Liverpool;0;1;0;0;0;0;0;NA;NA;NA;NA;NA;NA;NA;1;Jack Wilshere;Arsenal;0;NA;0;0;NA;NA;NA;0;NA;NA;NA;0;NA;NA;0;NA;0;NA;NA;NA;0;NA;NA;0;0;NA;NA;NA;0;NA;NA;NA;NA;1;37;0;NA;NA;38
480720;22-12-2017;Sadio Mané (Liverpool) wins a free kick in the attacking half.;38';Arsenal;Liverpool;0;1;0;0;0;0;0;NA;NA;NA;NA;NA;NA;NA;0;NA;NA;0;NA;0;0;NA;NA;NA;0;NA;NA;NA;0;NA;NA;0;NA;1;Sadio Mané;Liverpool;attacking half;0;NA;NA;0;0;NA;NA;NA;0;NA;NA;NA;NA;1;38;0;NA;NA;38
480720;22-12-2017;Foul by Sadio Mané (Liverpool).;41';Arsenal;Liverpool;0;1;0;0;0;0;0;NA;NA;NA;NA;NA;NA;NA;1;Sadio Mané;Liverpool;0;NA;0;0;NA;NA;NA;0;NA;NA;NA;0;NA;NA;0;NA;0;NA;NA;NA;0;NA;NA;0;0;NA;NA;NA;0;NA;NA;NA;NA;1;39;0;NA;NA;41
480720;22-12-2017;Jack Wilshere (Arsenal) wins a free kick in the attacking half.;41';Arsenal;Liverpool;0;1;0;0;0;0;0;NA;NA;NA;NA;NA;NA;NA;0;NA;NA;0;NA;0;0;NA;NA;NA;0;NA;NA;NA;0;NA;NA;0;NA;1;Jack Wilshere;Arsenal;attacking half;0;NA;NA;0;0;NA;NA;NA;0;NA;NA;NA;NA;1;40;0;NA;NA;41
480720;22-12-2017;Attempt saved. Mohamed Salah (Liverpool) left footed shot from the centre of the box is saved in the bottom left corner.;44';Arsenal;Liverpool;0;1;0;0;0;1;0;saved;Mohamed Salah;Liverpool;left;the centre of the box;the bottom left corner;NA;0;NA;NA;0;NA;0;0;NA;NA;NA;0;NA;NA;NA;0;NA;NA;0;NA;0;NA;NA;NA;0;NA;NA;0;0;NA;NA;NA;0;NA;NA;NA;NA;1;41;0;NA;NA;44
480720;22-12-2017;Attempt missed. Sadio Mané (Liverpool) right footed shot from the centre of the box is just a bit too high.;44';Arsenal;Liverpool;0;1;0;0;0;1;0;missed;Sadio Mané;Liverpool;right;the centre of the box;just a bit too high;NA;0;NA;NA;0;NA;0;0;NA;NA;NA;0;NA;NA;NA;0;NA;NA;0;NA;0;NA;NA;NA;0;NA;NA;0;0;NA;NA;NA;0;NA;NA;NA;NA;1;42;0;NA;NA;44
480720;22-12-2017;First Half ends, Arsenal 0, Liverpool 1.;45'+4';Arsenal;Liverpool;0;1;1;0;0;0;0;NA;NA;NA;NA;NA;NA;NA;0;NA;NA;0;NA;0;0;NA;NA;NA;0;NA;NA;NA;0;NA;NA;0;NA;0;NA;NA;NA;0;NA;NA;0;0;NA;NA;NA;0;NA;NA;NA;NA;1;43;1;NA;NA;49
480720;22-12-2017;Second Half begins Arsenal 0, Liverpool 1.;45';Arsenal;Liverpool;0;1;0;0;1;0;0;NA;NA;NA;NA;NA;NA;NA;0;NA;NA;0;NA;0;0;NA;NA;NA;0;NA;NA;NA;0;NA;NA;0;NA;0;NA;NA;NA;0;NA;NA;0;0;NA;NA;NA;0;NA;NA;NA;NA;2;44;0;NA;NA;45
480720;22-12-2017;Substitution, Arsenal. Shkodran Mustafi replaces Nacho Monreal.;45';Arsenal;Liverpool;0;1;0;0;0;0;0;NA;NA;NA;NA;NA;NA;NA;0;NA;NA;0;NA;0;0;NA;NA;NA;0;NA;NA;NA;0;NA;NA;0;NA;0;NA;NA;NA;0;NA;NA;1;0;Arsenal;Shkodran Mustafi;Nacho Monreal;0;NA;NA;NA;NA;2;45;0;NA;NA;45
480720;22-12-2017;Foul by James Milner (Liverpool).;46';Arsenal;Liverpool;0;1;0;0;0;0;0;NA;NA;NA;NA;NA;NA;NA;1;James Milner;Liverpool;0;NA;0;0;NA;NA;NA;0;NA;NA;NA;0;NA;NA;0;NA;0;NA;NA;NA;0;NA;NA;0;0;NA;NA;NA;0;NA;NA;NA;NA;2;46;0;NA;NA;46
480720;22-12-2017;Jack Wilshere (Arsenal) wins a free kick in the attacking half.;46';Arsenal;Liverpool;0;1;0;0;0;0;0;NA;NA;NA;NA;NA;NA;NA;0;NA;NA;0;NA;0;0;NA;NA;NA;0;NA;NA;NA;0;NA;NA;0;NA;1;Jack Wilshere;Arsenal;attacking half;0;NA;NA;0;0;NA;NA;NA;0;NA;NA;NA;NA;2;47;0;NA;NA;46
480720;22-12-2017;Foul by Roberto Firmino (Liverpool).;47';Arsenal;Liverpool;0;1;0;0;0;0;0;NA;NA;NA;NA;NA;NA;NA;1;Roberto Firmino;Liverpool;0;NA;0;0;NA;NA;NA;0;NA;NA;NA;0;NA;NA;0;NA;0;NA;NA;NA;0;NA;NA;0;0;NA;NA;NA;0;NA;NA;NA;NA;2;48;0;NA;NA;47
480720;22-12-2017;Laurent Koscielny (Arsenal) wins a free kick in the defensive half.;47';Arsenal;Liverpool;0;1;0;0;0;0;0;NA;NA;NA;NA;NA;NA;NA;0;NA;NA;0;NA;0;0;NA;NA;NA;0;NA;NA;NA;0;NA;NA;0;NA;1;Laurent Koscielny;Arsenal;defensive half;0;NA;NA;0;0;NA;NA;NA;0;NA;NA;NA;NA;2;49;0;NA;NA;47
480720;22-12-2017;Corner,  Arsenal. Conceded by Emre Can.;48';Arsenal;Liverpool;0;1;0;0;0;0;0;NA;NA;NA;NA;NA;NA;NA;0;NA;NA;0;NA;0;0;NA;NA;NA;0;NA;NA;NA;0;NA;NA;0;NA;0;NA;NA;NA;1;Arsenal;Emre Can;0;0;NA;NA;NA;0;NA;NA;NA;NA;2;50;0;NA;NA;48
480720;22-12-2017;Attempt saved. Mohamed Salah (Liverpool) right footed shot from the centre of the box is saved in the bottom left corner. Assisted by Sadio Mané.;48';Arsenal;Liverpool;0;1;0;0;0;1;0;saved;Mohamed Salah;Liverpool;right;the centre of the box;the bottom left corner;Sadio Mané;0;NA;NA;0;NA;0;0;NA;NA;NA;0;NA;NA;NA;0;NA;NA;0;NA;0;NA;NA;NA;0;NA;NA;0;0;NA;NA;NA;0;NA;NA;NA;NA;2;51;0;NA;NA;48
480720;22-12-2017;Corner,  Liverpool. Conceded by Alex Iwobi.;49';Arsenal;Liverpool;0;1;0;0;0;0;0;NA;NA;NA;NA;NA;NA;NA;0;NA;NA;0;NA;0;0;NA;NA;NA;0;NA;NA;NA;0;NA;NA;0;NA;0;NA;NA;NA;1;Liverpool;Alex Iwobi;0;0;NA;NA;NA;0;NA;NA;NA;NA;2;52;0;NA;NA;49
480720;22-12-2017;Goal!  Arsenal 0, Liverpool 2. Mohamed Salah (Liverpool) left footed shot from outside the box to the bottom left corner. Assisted by Roberto Firmino.;52';Arsenal;Liverpool;0;2;0;0;0;1;0;goal;Mohamed Salah;Liverpool;left;outside the box;bottom left corner;Roberto Firmino;0;NA;NA;0;NA;0;0;NA;NA;NA;0;NA;NA;NA;0;NA;NA;0;NA;0;NA;NA;NA;0;NA;NA;0;0;NA;NA;NA;0;NA;NA;NA;NA;2;53;0;NA;NA;52
480720;22-12-2017;Goal!  Arsenal 1, Liverpool 2. Alexis Sánchez (Arsenal) header from the left side of the six yard box to the bottom left corner. Assisted by Héctor Bellerín with a cross.;53';Arsenal;Liverpool;1;2;0;0;0;1;0;goal;Alexis Sánchez;Arsenal;header;the left side of the six yard box;bottom left corner;Héctor Bellerín;0;NA;NA;0;cross;0;0;NA;NA;NA;0;NA;NA;NA;0;NA;NA;0;NA;0;NA;NA;NA;0;NA;NA;0;0;NA;NA;NA;0;NA;NA;NA;NA;2;54;0;NA;NA;53
480720;22-12-2017;Goal!  Arsenal 2, Liverpool 2. Granit Xhaka (Arsenal) left footed shot from outside the box to the high centre of the goal. Assisted by Alex Iwobi.;56';Arsenal;Liverpool;2;2;0;0;0;1;0;goal;Granit Xhaka;Arsenal;left;outside the box;high centre of the goal;Alex Iwobi;0;NA;NA;0;NA;0;0;NA;NA;NA;0;NA;NA;NA;0;NA;NA;0;NA;0;NA;NA;NA;0;NA;NA;0;0;NA;NA;NA;0;NA;NA;NA;NA;2;55;0;NA;NA;56
480720;22-12-2017;Offside, Arsenal. Héctor Bellerín tries a through ball, but Alexandre Lacazette is caught offside.;57';Arsenal;Liverpool;2;2;0;0;0;0;0;NA;NA;NA;NA;NA;NA;NA;0;NA;NA;0;NA;0;1;Arsenal;Alexandre Lacazette;Héctor Bellerín;0;NA;NA;NA;0;NA;NA;0;NA;0;NA;NA;NA;0;NA;NA;0;0;NA;NA;NA;0;NA;NA;NA;NA;2;56;0;NA;NA;57
480720;22-12-2017;Foul by Alex Iwobi (Arsenal).;58';Arsenal;Liverpool;2;2;0;0;0;0;0;NA;NA;NA;NA;NA;NA;NA;1;Alex Iwobi;Arsenal;0;NA;0;0;NA;NA;NA;0;NA;NA;NA;0;NA;NA;0;NA;0;NA;NA;NA;0;NA;NA;0;0;NA;NA;NA;0;NA;NA;NA;NA;2;57;0;NA;NA;58
480720;22-12-2017;Sadio Mané (Liverpool) wins a free kick in the defensive half.;58';Arsenal;Liverpool;2;2;0;0;0;0;0;NA;NA;NA;NA;NA;NA;NA;0;NA;NA;0;NA;0;0;NA;NA;NA;0;NA;NA;NA;0;NA;NA;0;NA;1;Sadio Mané;Liverpool;defensive half;0;NA;NA;0;0;NA;NA;NA;0;NA;NA;NA;NA;2;58;0;NA;NA;58
480720;22-12-2017;Alex Iwobi (Arsenal) is shown the yellow card for a bad foul.;58';Arsenal;Liverpool;2;2;0;0;0;0;0;NA;NA;NA;NA;NA;NA;NA;0;NA;NA;0;NA;0;0;NA;NA;NA;1;yellow;Alex Iwobi;Arsenal;0;NA;NA;0;NA;0;NA;NA;NA;0;NA;NA;0;0;NA;NA;NA;0;NA;NA;NA;NA;2;59;0;NA;NA;58
480720;22-12-2017;Goal!  Arsenal 3, Liverpool 2. Mesut Özil (Arsenal) left footed shot from the left side of the six yard box to the centre of the goal. Assisted by Alexandre Lacazette with a through ball.;58';Arsenal;Liverpool;3;2;0;0;0;1;0;goal;Mesut Özil;Arsenal;left;the left side of the six yard box;centre of the goal;Alexandre Lacazette;0;NA;NA;0;through;0;0;NA;NA;NA;0;NA;NA;NA;0;NA;NA;0;NA;0;NA;NA;NA;0;NA;NA;0;0;NA;NA;NA;0;NA;NA;NA;NA;2;60;0;NA;NA;58
480720;22-12-2017;Foul by Alexis Sánchez (Arsenal).;61';Arsenal;Liverpool;3;2;0;0;0;0;0;NA;NA;NA;NA;NA;NA;NA;1;Alexis Sánchez;Arsenal;0;NA;0;0;NA;NA;NA;0;NA;NA;NA;0;NA;NA;0;NA;0;NA;NA;NA;0;NA;NA;0;0;NA;NA;NA;0;NA;NA;NA;NA;2;61;0;NA;NA;61
480720;22-12-2017;Sadio Mané (Liverpool) wins a free kick on the right wing.;61';Arsenal;Liverpool;3;2;0;0;0;0;0;NA;NA;NA;NA;NA;NA;NA;0;NA;NA;0;NA;0;0;NA;NA;NA;0;NA;NA;NA;0;NA;NA;0;NA;1;Sadio Mané;Liverpool;NA;0;NA;NA;0;0;NA;NA;NA;0;NA;NA;NA;NA;2;62;0;NA;NA;61
480720;22-12-2017;Attempt missed. Granit Xhaka (Arsenal) left footed shot from the centre of the box misses to the left. Assisted by Alexis Sánchez.;61';Arsenal;Liverpool;3;2;0;0;0;1;0;missed;Granit Xhaka;Arsenal;left;the centre of the box;left;Alexis Sánchez;0;NA;NA;0;NA;0;0;NA;NA;NA;0;NA;NA;NA;0;NA;NA;0;NA;0;NA;NA;NA;0;NA;NA;0;0;NA;NA;NA;0;NA;NA;NA;NA;2;63;0;NA;NA;61
480720;22-12-2017;Attempt saved. Sadio Mané (Liverpool) right footed shot from the centre of the box is saved in the bottom right corner. Assisted by Philippe Coutinho.;62';Arsenal;Liverpool;3;2;0;0;0;1;0;saved;Sadio Mané;Liverpool;right;the centre of the box;the bottom right corner;Philippe Coutinho;0;NA;NA;0;NA;0;0;NA;NA;NA;0;NA;NA;NA;0;NA;NA;0;NA;0;NA;NA;NA;0;NA;NA;0;0;NA;NA;NA;0;NA;NA;NA;NA;2;64;0;NA;NA;62
480720;22-12-2017;Foul by Granit Xhaka (Arsenal).;63';Arsenal;Liverpool;3;2;0;0;0;0;0;NA;NA;NA;NA;NA;NA;NA;1;Granit Xhaka;Arsenal;0;NA;0;0;NA;NA;NA;0;NA;NA;NA;0;NA;NA;0;NA;0;NA;NA;NA;0;NA;NA;0;0;NA;NA;NA;0;NA;NA;NA;NA;2;65;0;NA;NA;63
480720;22-12-2017;James Milner (Liverpool) wins a free kick in the attacking half.;63';Arsenal;Liverpool;3;2;0;0;0;0;0;NA;NA;NA;NA;NA;NA;NA;0;NA;NA;0;NA;0;0;NA;NA;NA;0;NA;NA;NA;0;NA;NA;0;NA;1;James Milner;Liverpool;attacking half;0;NA;NA;0;0;NA;NA;NA;0;NA;NA;NA;NA;2;66;0;NA;NA;63
480720;22-12-2017;Attempt blocked. Alexandre Lacazette (Arsenal) left footed shot from outside the box is blocked. Assisted by Alexis Sánchez.;64';Arsenal;Liverpool;3;2;0;0;0;1;0;blocked;Alexandre Lacazette;Arsenal;left;outside the box;NA;Alexis Sánchez;0;NA;NA;0;NA;0;0;NA;NA;NA;0;NA;NA;NA;0;NA;NA;0;NA;0;NA;NA;NA;0;NA;NA;0;0;NA;NA;NA;0;NA;NA;NA;NA;2;67;0;NA;NA;64
480720;22-12-2017;Corner,  Arsenal. Conceded by Ragnar Klavan.;68';Arsenal;Liverpool;3;2;0;0;0;0;0;NA;NA;NA;NA;NA;NA;NA;0;NA;NA;0;NA;0;0;NA;NA;NA;0;NA;NA;NA;0;NA;NA;0;NA;0;NA;NA;NA;1;Arsenal;Ragnar Klavan;0;0;NA;NA;NA;0;NA;NA;NA;NA;2;68;0;NA;NA;68
480720;22-12-2017;Corner,  Liverpool. Conceded by Ainsley Maitland-Niles.;70';Arsenal;Liverpool;3;2;0;0;0;0;0;NA;NA;NA;NA;NA;NA;NA;0;NA;NA;0;NA;0;0;NA;NA;NA;0;NA;NA;NA;0;NA;NA;0;NA;0;NA;NA;NA;1;Liverpool;Ainsley Maitland-Niles;0;0;NA;NA;NA;0;NA;NA;NA;NA;2;69;0;NA;NA;70
480720;22-12-2017;Goal!  Arsenal 3, Liverpool 3. Roberto Firmino (Liverpool) left footed shot from the centre of the box to the bottom right corner. Assisted by Emre Can.;71';Arsenal;Liverpool;3;3;0;0;0;1;0;goal;Roberto Firmino;Liverpool;left;the centre of the box;bottom right corner;Emre Can;0;NA;NA;0;NA;0;0;NA;NA;NA;0;NA;NA;NA;0;NA;NA;0;NA;0;NA;NA;NA;0;NA;NA;0;0;NA;NA;NA;0;NA;NA;NA;NA;2;70;0;NA;NA;71
480720;22-12-2017;Corner,  Liverpool. Conceded by Ainsley Maitland-Niles.;72';Arsenal;Liverpool;3;3;0;0;0;0;0;NA;NA;NA;NA;NA;NA;NA;0;NA;NA;0;NA;0;0;NA;NA;NA;0;NA;NA;NA;0;NA;NA;0;NA;0;NA;NA;NA;1;Liverpool;Ainsley Maitland-Niles;0;0;NA;NA;NA;0;NA;NA;NA;NA;2;71;0;NA;NA;72
480720;22-12-2017;Attempt saved. Emre Can (Liverpool) header from the centre of the box is saved in the centre of the goal. Assisted by Philippe Coutinho with a cross.;73';Arsenal;Liverpool;3;3;0;0;0;1;0;saved;Emre Can;Liverpool;header;the centre of the box;the centre of the goal;Philippe Coutinho;0;NA;NA;0;cross;0;0;NA;NA;NA;0;NA;NA;NA;0;NA;NA;0;NA;0;NA;NA;NA;0;NA;NA;0;0;NA;NA;NA;0;NA;NA;NA;NA;2;72;0;NA;NA;73
480720;22-12-2017;Ainsley Maitland-Niles (Arsenal) wins a free kick in the defensive half.;74';Arsenal;Liverpool;3;3;0;0;0;0;0;NA;NA;NA;NA;NA;NA;NA;0;NA;NA;0;NA;0;0;NA;NA;NA;0;NA;NA;NA;0;NA;NA;0;NA;1;Ainsley Maitland-Niles;Arsenal;defensive half;0;NA;NA;0;0;NA;NA;NA;0;NA;NA;NA;NA;2;73;0;NA;NA;74
480720;22-12-2017;Foul by Mohamed Salah (Liverpool).;74';Arsenal;Liverpool;3;3;0;0;0;0;0;NA;NA;NA;NA;NA;NA;NA;1;Mohamed Salah;Liverpool;0;NA;0;0;NA;NA;NA;0;NA;NA;NA;0;NA;NA;0;NA;0;NA;NA;NA;0;NA;NA;0;0;NA;NA;NA;0;NA;NA;NA;NA;2;74;0;NA;NA;74
480720;22-12-2017;Hand ball by Héctor Bellerín (Arsenal).;74';Arsenal;Liverpool;3;3;0;0;0;0;0;NA;NA;NA;NA;NA;NA;NA;0;NA;NA;0;NA;0;0;NA;NA;NA;0;NA;NA;NA;0;NA;NA;0;NA;0;NA;NA;NA;0;NA;NA;0;0;NA;NA;NA;0;NA;NA;NA;NA;2;75;0;NA;NA;74
480720;22-12-2017;Foul by Andrew Robertson (Liverpool).;76';Arsenal;Liverpool;3;3;0;0;0;0;0;NA;NA;NA;NA;NA;NA;NA;1;Andrew Robertson;Liverpool;0;NA;0;0;NA;NA;NA;0;NA;NA;NA;0;NA;NA;0;NA;0;NA;NA;NA;0;NA;NA;0;0;NA;NA;NA;0;NA;NA;NA;NA;2;76;0;NA;NA;76
480720;22-12-2017;Mesut Özil (Arsenal) wins a free kick on the right wing.;76';Arsenal;Liverpool;3;3;0;0;0;0;0;NA;NA;NA;NA;NA;NA;NA;0;NA;NA;0;NA;0;0;NA;NA;NA;0;NA;NA;NA;0;NA;NA;0;NA;1;Mesut Özil;Arsenal;NA;0;NA;NA;0;0;NA;NA;NA;0;NA;NA;NA;NA;2;77;0;NA;NA;76
480720;22-12-2017;Attempt saved. Héctor Bellerín (Arsenal) right footed shot from the right side of the box is saved in the top right corner. Assisted by Mesut Özil.;78';Arsenal;Liverpool;3;3;0;0;0;1;0;saved;Héctor Bellerín;Arsenal;right;the right side of the box;the top right corner;Mesut Özil;0;NA;NA;0;NA;0;0;NA;NA;NA;0;NA;NA;NA;0;NA;NA;0;NA;0;NA;NA;NA;0;NA;NA;0;0;NA;NA;NA;0;NA;NA;NA;NA;2;78;0;NA;NA;78
480720;22-12-2017;Corner,  Arsenal. Conceded by Simon Mignolet.;78';Arsenal;Liverpool;3;3;0;0;0;0;0;NA;NA;NA;NA;NA;NA;NA;0;NA;NA;0;NA;0;0;NA;NA;NA;0;NA;NA;NA;0;NA;NA;0;NA;0;NA;NA;NA;1;Arsenal;Simon Mignolet;0;0;NA;NA;NA;0;NA;NA;NA;NA;2;79;0;NA;NA;78
480720;22-12-2017;Substitution, Arsenal. Danny Welbeck replaces Alex Iwobi.;78';Arsenal;Liverpool;3;3;0;0;0;0;0;NA;NA;NA;NA;NA;NA;NA;0;NA;NA;0;NA;0;0;NA;NA;NA;0;NA;NA;NA;0;NA;NA;0;NA;0;NA;NA;NA;0;NA;NA;1;0;Arsenal;Danny Welbeck;Alex Iwobi;0;NA;NA;NA;NA;2;80;0;NA;NA;78
480720;22-12-2017;Foul by Jack Wilshere (Arsenal).;79';Arsenal;Liverpool;3;3;0;0;0;0;0;NA;NA;NA;NA;NA;NA;NA;1;Jack Wilshere;Arsenal;0;NA;0;0;NA;NA;NA;0;NA;NA;NA;0;NA;NA;0;NA;0;NA;NA;NA;0;NA;NA;0;0;NA;NA;NA;0;NA;NA;NA;NA;2;81;0;NA;NA;79
480720;22-12-2017;Simon Mignolet (Liverpool) wins a free kick in the defensive half.;79';Arsenal;Liverpool;3;3;0;0;0;0;0;NA;NA;NA;NA;NA;NA;NA;0;NA;NA;0;NA;0;0;NA;NA;NA;0;NA;NA;NA;0;NA;NA;0;NA;1;Simon Mignolet;Liverpool;defensive half;0;NA;NA;0;0;NA;NA;NA;0;NA;NA;NA;NA;2;82;0;NA;NA;79
480720;22-12-2017;Offside, Liverpool. James Milner tries a through ball, but Mohamed Salah is caught offside.;79';Arsenal;Liverpool;3;3;0;0;0;0;0;NA;NA;NA;NA;NA;NA;NA;0;NA;NA;0;NA;0;1;Liverpool;Mohamed Salah;James Milner;0;NA;NA;NA;0;NA;NA;0;NA;0;NA;NA;NA;0;NA;NA;0;0;NA;NA;NA;0;NA;NA;NA;NA;2;83;0;NA;NA;79
480720;22-12-2017;Substitution, Liverpool. Georginio Wijnaldum replaces Sadio Mané.;80';Arsenal;Liverpool;3;3;0;0;0;0;0;NA;NA;NA;NA;NA;NA;NA;0;NA;NA;0;NA;0;0;NA;NA;NA;0;NA;NA;NA;0;NA;NA;0;NA;0;NA;NA;NA;0;NA;NA;1;0;Liverpool;Georginio Wijnaldum;Sadio Mané;0;NA;NA;NA;NA;2;84;0;NA;NA;80
480720;22-12-2017;Alexandre Lacazette (Arsenal) wins a free kick in the defensive half.;82';Arsenal;Liverpool;3;3;0;0;0;0;0;NA;NA;NA;NA;NA;NA;NA;0;NA;NA;0;NA;0;0;NA;NA;NA;0;NA;NA;NA;0;NA;NA;0;NA;1;Alexandre Lacazette;Arsenal;defensive half;0;NA;NA;0;0;NA;NA;NA;0;NA;NA;NA;NA;2;85;0;NA;NA;82
480720;22-12-2017;Foul by Roberto Firmino (Liverpool).;82';Arsenal;Liverpool;3;3;0;0;0;0;0;NA;NA;NA;NA;NA;NA;NA;1;Roberto Firmino;Liverpool;0;NA;0;0;NA;NA;NA;0;NA;NA;NA;0;NA;NA;0;NA;0;NA;NA;NA;0;NA;NA;0;0;NA;NA;NA;0;NA;NA;NA;NA;2;86;0;NA;NA;82
480720;22-12-2017;Substitution, Liverpool. Alex Oxlade-Chamberlain replaces Philippe Coutinho.;84';Arsenal;Liverpool;3;3;0;0;0;0;0;NA;NA;NA;NA;NA;NA;NA;0;NA;NA;0;NA;0;0;NA;NA;NA;0;NA;NA;NA;0;NA;NA;0;NA;0;NA;NA;NA;0;NA;NA;1;0;Liverpool;Alex Oxlade-Chamberlain;Philippe Coutinho;0;NA;NA;NA;NA;2;87;0;NA;NA;84
480720;22-12-2017;Foul by Roberto Firmino (Liverpool).;85';Arsenal;Liverpool;3;3;0;0;0;0;0;NA;NA;NA;NA;NA;NA;NA;1;Roberto Firmino;Liverpool;0;NA;0;0;NA;NA;NA;0;NA;NA;NA;0;NA;NA;0;NA;0;NA;NA;NA;0;NA;NA;0;0;NA;NA;NA;0;NA;NA;NA;NA;2;88;0;NA;NA;85
480720;22-12-2017;Granit Xhaka (Arsenal) wins a free kick in the defensive half.;85';Arsenal;Liverpool;3;3;0;0;0;0;0;NA;NA;NA;NA;NA;NA;NA;0;NA;NA;0;NA;0;0;NA;NA;NA;0;NA;NA;NA;0;NA;NA;0;NA;1;Granit Xhaka;Arsenal;defensive half;0;NA;NA;0;0;NA;NA;NA;0;NA;NA;NA;NA;2;89;0;NA;NA;85
480720;22-12-2017;Corner,  Liverpool. Conceded by Héctor Bellerín.;86';Arsenal;Liverpool;3;3;0;0;0;0;0;NA;NA;NA;NA;NA;NA;NA;0;NA;NA;0;NA;0;0;NA;NA;NA;0;NA;NA;NA;0;NA;NA;0;NA;0;NA;NA;NA;1;Liverpool;Héctor Bellerín;0;0;NA;NA;NA;0;NA;NA;NA;NA;2;90;0;NA;NA;86
480720;22-12-2017;Attempt missed. Mohamed Salah (Liverpool) left footed shot from the centre of the box is close, but misses to the left. Assisted by Georginio Wijnaldum following a fast break.;89';Arsenal;Liverpool;3;3;0;0;0;1;0;missed;Mohamed Salah;Liverpool;left;the centre of the box;close, but left;Georginio Wijnaldum;0;NA;NA;0;NA;0;0;NA;NA;NA;0;NA;NA;NA;0;NA;NA;0;NA;0;NA;NA;NA;0;NA;NA;0;0;NA;NA;NA;0;NA;NA;NA;NA;2;91;0;NA;NA;89
480720;22-12-2017;Substitution, Arsenal. Theo Walcott replaces Alexis Sánchez.;89';Arsenal;Liverpool;3;3;0;0;0;0;0;NA;NA;NA;NA;NA;NA;NA;0;NA;NA;0;NA;0;0;NA;NA;NA;0;NA;NA;NA;0;NA;NA;0;NA;0;NA;NA;NA;0;NA;NA;1;0;Arsenal;Theo Walcott;Alexis Sánchez;0;NA;NA;NA;NA;2;92;0;NA;NA;89
480720;22-12-2017;Corner,  Arsenal. Conceded by Simon Mignolet.;90'+2';Arsenal;Liverpool;3;3;0;0;0;0;0;NA;NA;NA;NA;NA;NA;NA;0;NA;NA;0;NA;0;0;NA;NA;NA;0;NA;NA;NA;0;NA;NA;0;NA;0;NA;NA;NA;1;Arsenal;Simon Mignolet;0;0;NA;NA;NA;0;NA;NA;NA;NA;2;93;1;NA;NA;92
480720;22-12-2017;Offside, Arsenal. Ainsley Maitland-Niles tries a through ball, but Mesut Özil is caught offside.;90'+2';Arsenal;Liverpool;3;3;0;0;0;0;0;NA;NA;NA;NA;NA;NA;NA;0;NA;NA;0;NA;0;1;Arsenal;Mesut Özil;Ainsley Maitland-Niles;0;NA;NA;NA;0;NA;NA;0;NA;0;NA;NA;NA;0;NA;NA;0;0;NA;NA;NA;0;NA;NA;NA;NA;2;94;1;NA;NA;92
480720;22-12-2017;Corner,  Liverpool. Conceded by Ainsley Maitland-Niles.;90'+3';Arsenal;Liverpool;3;3;0;0;0;0;0;NA;NA;NA;NA;NA;NA;NA;0;NA;NA;0;NA;0;0;NA;NA;NA;0;NA;NA;NA;0;NA;NA;0;NA;0;NA;NA;NA;1;Liverpool;Ainsley Maitland-Niles;0;0;NA;NA;NA;0;NA;NA;NA;NA;2;95;1;NA;NA;93
480720;22-12-2017;Alexandre Lacazette (Arsenal) wins a free kick in the defensive half.;90'+4';Arsenal;Liverpool;3;3;0;0;0;0;0;NA;NA;NA;NA;NA;NA;NA;0;NA;NA;0;NA;0;0;NA;NA;NA;0;NA;NA;NA;0;NA;NA;0;NA;1;Alexandre Lacazette;Arsenal;defensive half;0;NA;NA;0;0;NA;NA;NA;0;NA;NA;NA;NA;2;96;1;NA;NA;94
480720;22-12-2017;Foul by Andrew Robertson (Liverpool).;90'+4';Arsenal;Liverpool;3;3;0;0;0;0;0;NA;NA;NA;NA;NA;NA;NA;1;Andrew Robertson;Liverpool;0;NA;0;0;NA;NA;NA;0;NA;NA;NA;0;NA;NA;0;NA;0;NA;NA;NA;0;NA;NA;0;0;NA;NA;NA;0;NA;NA;NA;NA;2;97;1;NA;NA;94
480720;22-12-2017;Attempt missed. Mesut Özil (Arsenal) left footed shot from the left side of the box is high and wide to the left.;90'+4';Arsenal;Liverpool;3;3;0;0;0;1;0;missed;Mesut Özil;Arsenal;left;the left side of the box;high and wide to the left;NA;0;NA;NA;0;NA;0;0;NA;NA;NA;0;NA;NA;NA;0;NA;NA;0;NA;0;NA;NA;NA;0;NA;NA;0;0;NA;NA;NA;0;NA;NA;NA;NA;2;98;1;NA;NA;94
480720;22-12-2017;Second Half ends, Arsenal 3, Liverpool 3.;90'+5';Arsenal;Liverpool;3;3;1;0;0;0;0;NA;NA;NA;NA;NA;NA;NA;0;NA;NA;0;NA;0;0;NA;NA;NA;0;NA;NA;NA;0;NA;NA;0;NA;0;NA;NA;NA;0;NA;NA;0;0;NA;NA;NA;0;NA;NA;NA;NA;2;99;1;NA;NA;95
480720;22-12-2017;Match ends, Arsenal 3, Liverpool 3.;90'+5';Arsenal;Liverpool;3;3;0;1;0;0;0;NA;NA;NA;NA;NA;NA;NA;0;NA;NA;0;NA;0;0;NA;NA;NA;0;NA;NA;NA;0;NA;NA;0;NA;0;NA;NA;NA;0;NA;NA;0;0;NA;NA;NA;0;NA;NA;NA;NA;2;100;1;NA;NA;95
