480855;25-09-2017;First Half begins.;-;Arsenal;West Bromwich Albion;0;0;0;0;1;0;0;NA;NA;NA;NA;NA;NA;NA;0;NA;NA;0;NA;0;0;NA;NA;NA;0;NA;NA;NA;0;NA;NA;0;NA;0;NA;NA;NA;0;NA;NA;0;0;NA;NA;NA;0;NA;NA;NA;NA;1;1;0;NA;NA;NA
480855;25-09-2017;Lineups are announced and players are warming up.;-;Arsenal;West Bromwich Albion;0;0;0;0;0;0;0;NA;NA;NA;NA;NA;NA;NA;0;NA;NA;0;NA;0;0;NA;NA;NA;0;NA;NA;NA;0;NA;NA;0;NA;0;NA;NA;NA;0;NA;NA;0;0;NA;NA;NA;0;NA;NA;NA;NA;1;2;0;NA;NA;NA
480855;25-09-2017;Corner,  Arsenal. Conceded by Ahmed Hegazi.;2';Arsenal;West Bromwich Albion;0;0;0;0;0;0;0;NA;NA;NA;NA;NA;NA;NA;0;NA;NA;0;NA;0;0;NA;NA;NA;0;NA;NA;NA;0;NA;NA;0;NA;0;NA;NA;NA;1;Arsenal;Ahmed Hegazi;0;0;NA;NA;NA;0;NA;NA;NA;NA;1;3;0;NA;NA;2
480855;25-09-2017;Alexis Sánchez (Arsenal) wins a free kick in the attacking half.;4';Arsenal;West Bromwich Albion;0;0;0;0;0;0;0;NA;NA;NA;NA;NA;NA;NA;0;NA;NA;0;NA;0;0;NA;NA;NA;0;NA;NA;NA;0;NA;NA;0;NA;1;Alexis Sánchez;Arsenal;attacking half;0;NA;NA;0;0;NA;NA;NA;0;NA;NA;NA;NA;1;4;0;NA;NA;4
480855;25-09-2017;Foul by Craig Dawson (West Bromwich Albion).;4';Arsenal;West Bromwich Albion;0;0;0;0;0;0;0;NA;NA;NA;NA;NA;NA;NA;1;Craig Dawson;West Bromwich Albion;0;NA;0;0;NA;NA;NA;0;NA;NA;NA;0;NA;NA;0;NA;0;NA;NA;NA;0;NA;NA;0;0;NA;NA;NA;0;NA;NA;NA;NA;1;5;0;NA;NA;4
480855;25-09-2017;Attempt missed. Alexis Sánchez (Arsenal) right footed shot from outside the box is close, but misses to the right from a direct free kick.;4';Arsenal;West Bromwich Albion;0;0;0;0;0;1;0;missed;Alexis Sánchez;Arsenal;right;outside the box;close, but right;NA;0;NA;NA;0;NA;0;0;NA;NA;NA;0;NA;NA;NA;0;NA;NA;0;NA;0;NA;NA;NA;0;NA;NA;0;0;NA;NA;NA;0;NA;NA;NA;NA;1;6;0;NA;NA;4
480855;25-09-2017;Foul by Alexis Sánchez (Arsenal).;5';Arsenal;West Bromwich Albion;0;0;0;0;0;0;0;NA;NA;NA;NA;NA;NA;NA;1;Alexis Sánchez;Arsenal;0;NA;0;0;NA;NA;NA;0;NA;NA;NA;0;NA;NA;0;NA;0;NA;NA;NA;0;NA;NA;0;0;NA;NA;NA;0;NA;NA;NA;NA;1;7;0;NA;NA;5
480855;25-09-2017;Grzegorz Krychowiak (West Bromwich Albion) wins a free kick in the defensive half.;5';Arsenal;West Bromwich Albion;0;0;0;0;0;0;0;NA;NA;NA;NA;NA;NA;NA;0;NA;NA;0;NA;0;0;NA;NA;NA;0;NA;NA;NA;0;NA;NA;0;NA;1;Grzegorz Krychowiak;West Bromwich Albion;defensive half;0;NA;NA;0;0;NA;NA;NA;0;NA;NA;NA;NA;1;8;0;NA;NA;5
480855;25-09-2017;Attempt saved. Jay Rodriguez (West Bromwich Albion) right footed shot from the left side of the box is saved in the centre of the goal. Assisted by Gareth Barry.;8';Arsenal;West Bromwich Albion;0;0;0;0;0;1;0;saved;Jay Rodriguez;West Bromwich Albion;right;the left side of the box;the centre of the goal;Gareth Barry;0;NA;NA;0;NA;0;0;NA;NA;NA;0;NA;NA;NA;0;NA;NA;0;NA;0;NA;NA;NA;0;NA;NA;0;0;NA;NA;NA;0;NA;NA;NA;NA;1;9;0;NA;NA;8
480855;25-09-2017;Attempt missed. Jake Livermore (West Bromwich Albion) left footed shot from the centre of the box is close, but misses to the right.;8';Arsenal;West Bromwich Albion;0;0;0;0;0;1;0;missed;Jake Livermore;West Bromwich Albion;left;the centre of the box;close, but right;NA;0;NA;NA;0;NA;0;0;NA;NA;NA;0;NA;NA;NA;0;NA;NA;0;NA;0;NA;NA;NA;0;NA;NA;0;0;NA;NA;NA;0;NA;NA;NA;NA;1;10;0;NA;NA;8
480855;25-09-2017;Alexis Sánchez (Arsenal) wins a free kick in the attacking half.;10';Arsenal;West Bromwich Albion;0;0;0;0;0;0;0;NA;NA;NA;NA;NA;NA;NA;0;NA;NA;0;NA;0;0;NA;NA;NA;0;NA;NA;NA;0;NA;NA;0;NA;1;Alexis Sánchez;Arsenal;attacking half;0;NA;NA;0;0;NA;NA;NA;0;NA;NA;NA;NA;1;11;0;NA;NA;10
480855;25-09-2017;Foul by Grzegorz Krychowiak (West Bromwich Albion).;10';Arsenal;West Bromwich Albion;0;0;0;0;0;0;0;NA;NA;NA;NA;NA;NA;NA;1;Grzegorz Krychowiak;West Bromwich Albion;0;NA;0;0;NA;NA;NA;0;NA;NA;NA;0;NA;NA;0;NA;0;NA;NA;NA;0;NA;NA;0;0;NA;NA;NA;0;NA;NA;NA;NA;1;12;0;NA;NA;10
480855;25-09-2017;Attempt missed. Aaron Ramsey (Arsenal) header from the centre of the box is just a bit too high. Assisted by Héctor Bellerín.;11';Arsenal;West Bromwich Albion;0;0;0;0;0;1;0;missed;Aaron Ramsey;Arsenal;header;the centre of the box;just a bit too high;Héctor Bellerín;0;NA;NA;0;NA;0;0;NA;NA;NA;0;NA;NA;NA;0;NA;NA;0;NA;0;NA;NA;NA;0;NA;NA;0;0;NA;NA;NA;0;NA;NA;NA;NA;1;13;0;NA;NA;11
480855;25-09-2017;Attempt missed. Kieran Gibbs (West Bromwich Albion) left footed shot from outside the box is high and wide to the left.;12';Arsenal;West Bromwich Albion;0;0;0;0;0;1;0;missed;Kieran Gibbs;West Bromwich Albion;left;outside the box;high and wide to the left;NA;0;NA;NA;0;NA;0;0;NA;NA;NA;0;NA;NA;NA;0;NA;NA;0;NA;0;NA;NA;NA;0;NA;NA;0;0;NA;NA;NA;0;NA;NA;NA;NA;1;14;0;NA;NA;12
480855;25-09-2017;Aaron Ramsey (Arsenal) wins a free kick in the attacking half.;18';Arsenal;West Bromwich Albion;0;0;0;0;0;0;0;NA;NA;NA;NA;NA;NA;NA;0;NA;NA;0;NA;0;0;NA;NA;NA;0;NA;NA;NA;0;NA;NA;0;NA;1;Aaron Ramsey;Arsenal;attacking half;0;NA;NA;0;0;NA;NA;NA;0;NA;NA;NA;NA;1;15;0;NA;NA;18
480855;25-09-2017;Foul by Grzegorz Krychowiak (West Bromwich Albion).;18';Arsenal;West Bromwich Albion;0;0;0;0;0;0;0;NA;NA;NA;NA;NA;NA;NA;1;Grzegorz Krychowiak;West Bromwich Albion;0;NA;0;0;NA;NA;NA;0;NA;NA;NA;0;NA;NA;0;NA;0;NA;NA;NA;0;NA;NA;0;0;NA;NA;NA;0;NA;NA;NA;NA;1;16;0;NA;NA;18
480855;25-09-2017;Foul by Jonny Evans (West Bromwich Albion).;19';Arsenal;West Bromwich Albion;0;0;0;0;0;0;0;NA;NA;NA;NA;NA;NA;NA;1;Jonny Evans;West Bromwich Albion;0;NA;0;0;NA;NA;NA;0;NA;NA;NA;0;NA;NA;0;NA;0;NA;NA;NA;0;NA;NA;0;0;NA;NA;NA;0;NA;NA;NA;NA;1;17;0;NA;NA;19
480855;25-09-2017;Mohamed Elneny (Arsenal) wins a free kick in the attacking half.;19';Arsenal;West Bromwich Albion;0;0;0;0;0;0;0;NA;NA;NA;NA;NA;NA;NA;0;NA;NA;0;NA;0;0;NA;NA;NA;0;NA;NA;NA;0;NA;NA;0;NA;1;Mohamed Elneny;Arsenal;attacking half;0;NA;NA;0;0;NA;NA;NA;0;NA;NA;NA;NA;1;18;0;NA;NA;19
480855;25-09-2017;Attempt saved. Alexis Sánchez (Arsenal) right footed shot from outside the box is saved in the top right corner.;20';Arsenal;West Bromwich Albion;0;0;0;0;0;1;0;saved;Alexis Sánchez;Arsenal;right;outside the box;the top right corner;NA;0;NA;NA;0;NA;0;0;NA;NA;NA;0;NA;NA;NA;0;NA;NA;0;NA;0;NA;NA;NA;0;NA;NA;0;0;NA;NA;NA;0;NA;NA;NA;NA;1;19;0;NA;NA;20
480855;25-09-2017;Goal!  Arsenal 1, West Bromwich Albion 0. Alexandre Lacazette (Arsenal) header from very close range to the bottom right corner following a set piece situation.;20';Arsenal;West Bromwich Albion;1;0;0;0;0;1;0;goal;Alexandre Lacazette;Arsenal;header;very close range;bottom right corner;NA;0;NA;NA;1;NA;0;0;NA;NA;NA;0;NA;NA;NA;0;NA;NA;0;NA;0;NA;NA;NA;0;NA;NA;0;0;NA;NA;NA;0;NA;NA;NA;NA;1;20;0;NA;NA;20
480855;25-09-2017;Foul by Jake Livermore (West Bromwich Albion).;22';Arsenal;West Bromwich Albion;1;0;0;0;0;0;0;NA;NA;NA;NA;NA;NA;NA;1;Jake Livermore;West Bromwich Albion;0;NA;0;0;NA;NA;NA;0;NA;NA;NA;0;NA;NA;0;NA;0;NA;NA;NA;0;NA;NA;0;0;NA;NA;NA;0;NA;NA;NA;NA;1;21;0;NA;NA;22
480855;25-09-2017;Granit Xhaka (Arsenal) wins a free kick in the defensive half.;22';Arsenal;West Bromwich Albion;1;0;0;0;0;0;0;NA;NA;NA;NA;NA;NA;NA;0;NA;NA;0;NA;0;0;NA;NA;NA;0;NA;NA;NA;0;NA;NA;0;NA;1;Granit Xhaka;Arsenal;defensive half;0;NA;NA;0;0;NA;NA;NA;0;NA;NA;NA;NA;1;22;0;NA;NA;22
480855;25-09-2017;Aaron Ramsey (Arsenal) wins a free kick in the attacking half.;25';Arsenal;West Bromwich Albion;1;0;0;0;0;0;0;NA;NA;NA;NA;NA;NA;NA;0;NA;NA;0;NA;0;0;NA;NA;NA;0;NA;NA;NA;0;NA;NA;0;NA;1;Aaron Ramsey;Arsenal;attacking half;0;NA;NA;0;0;NA;NA;NA;0;NA;NA;NA;NA;1;23;0;NA;NA;25
480855;25-09-2017;Foul by Jake Livermore (West Bromwich Albion).;25';Arsenal;West Bromwich Albion;1;0;0;0;0;0;0;NA;NA;NA;NA;NA;NA;NA;1;Jake Livermore;West Bromwich Albion;0;NA;0;0;NA;NA;NA;0;NA;NA;NA;0;NA;NA;0;NA;0;NA;NA;NA;0;NA;NA;0;0;NA;NA;NA;0;NA;NA;NA;NA;1;24;0;NA;NA;25
480855;25-09-2017;Foul by Granit Xhaka (Arsenal).;27';Arsenal;West Bromwich Albion;1;0;0;0;0;0;0;NA;NA;NA;NA;NA;NA;NA;1;Granit Xhaka;Arsenal;0;NA;0;0;NA;NA;NA;0;NA;NA;NA;0;NA;NA;0;NA;0;NA;NA;NA;0;NA;NA;0;0;NA;NA;NA;0;NA;NA;NA;NA;1;25;0;NA;NA;27
480855;25-09-2017;Jay Rodriguez (West Bromwich Albion) wins a free kick in the defensive half.;27';Arsenal;West Bromwich Albion;1;0;0;0;0;0;0;NA;NA;NA;NA;NA;NA;NA;0;NA;NA;0;NA;0;0;NA;NA;NA;0;NA;NA;NA;0;NA;NA;0;NA;1;Jay Rodriguez;West Bromwich Albion;defensive half;0;NA;NA;0;0;NA;NA;NA;0;NA;NA;NA;NA;1;26;0;NA;NA;27
480855;25-09-2017;Attempt blocked. Jay Rodriguez (West Bromwich Albion) right footed shot from outside the box is blocked. Assisted by Ben Foster.;27';Arsenal;West Bromwich Albion;1;0;0;0;0;1;0;blocked;Jay Rodriguez;West Bromwich Albion;right;outside the box;NA;Ben Foster;0;NA;NA;0;NA;0;0;NA;NA;NA;0;NA;NA;NA;0;NA;NA;0;NA;0;NA;NA;NA;0;NA;NA;0;0;NA;NA;NA;0;NA;NA;NA;NA;1;27;0;NA;NA;27
480855;25-09-2017;Corner,  Arsenal. Conceded by Allan Nyom.;33';Arsenal;West Bromwich Albion;1;0;0;0;0;0;0;NA;NA;NA;NA;NA;NA;NA;0;NA;NA;0;NA;0;0;NA;NA;NA;0;NA;NA;NA;0;NA;NA;0;NA;0;NA;NA;NA;1;Arsenal;Allan Nyom;0;0;NA;NA;NA;0;NA;NA;NA;NA;1;28;0;NA;NA;33
480855;25-09-2017;Alexandre Lacazette (Arsenal) wins a free kick in the attacking half.;35';Arsenal;West Bromwich Albion;1;0;0;0;0;0;0;NA;NA;NA;NA;NA;NA;NA;0;NA;NA;0;NA;0;0;NA;NA;NA;0;NA;NA;NA;0;NA;NA;0;NA;1;Alexandre Lacazette;Arsenal;attacking half;0;NA;NA;0;0;NA;NA;NA;0;NA;NA;NA;NA;1;29;0;NA;NA;35
480855;25-09-2017;Foul by Jonny Evans (West Bromwich Albion).;35';Arsenal;West Bromwich Albion;1;0;0;0;0;0;0;NA;NA;NA;NA;NA;NA;NA;1;Jonny Evans;West Bromwich Albion;0;NA;0;0;NA;NA;NA;0;NA;NA;NA;0;NA;NA;0;NA;0;NA;NA;NA;0;NA;NA;0;0;NA;NA;NA;0;NA;NA;NA;NA;1;30;0;NA;NA;35
480855;25-09-2017;Jonny Evans (West Bromwich Albion) is shown the yellow card for a bad foul.;35';Arsenal;West Bromwich Albion;1;0;0;0;0;0;0;NA;NA;NA;NA;NA;NA;NA;0;NA;NA;0;NA;0;0;NA;NA;NA;1;yellow;Jonny Evans;West Bromwich Albion;0;NA;NA;0;NA;0;NA;NA;NA;0;NA;NA;0;0;NA;NA;NA;0;NA;NA;NA;NA;1;31;0;NA;NA;35
480855;25-09-2017;Attempt missed. Alexis Sánchez (Arsenal) right footed shot from outside the box is close, but misses to the right from a direct free kick.;36';Arsenal;West Bromwich Albion;1;0;0;0;0;1;0;missed;Alexis Sánchez;Arsenal;right;outside the box;close, but right;NA;0;NA;NA;0;NA;0;0;NA;NA;NA;0;NA;NA;NA;0;NA;NA;0;NA;0;NA;NA;NA;0;NA;NA;0;0;NA;NA;NA;0;NA;NA;NA;NA;1;32;0;NA;NA;36
480855;25-09-2017;Attempt blocked. Jay Rodriguez (West Bromwich Albion) header from the right side of the six yard box is blocked.;38';Arsenal;West Bromwich Albion;1;0;0;0;0;1;0;blocked;Jay Rodriguez;West Bromwich Albion;header;the right side of the six yard box;NA;NA;0;NA;NA;0;NA;0;0;NA;NA;NA;0;NA;NA;NA;0;NA;NA;0;NA;0;NA;NA;NA;0;NA;NA;0;0;NA;NA;NA;0;NA;NA;NA;NA;1;33;0;NA;NA;38
480855;25-09-2017;Corner,  West Bromwich Albion. Conceded by Nacho Monreal.;38';Arsenal;West Bromwich Albion;1;0;0;0;0;0;0;NA;NA;NA;NA;NA;NA;NA;0;NA;NA;0;NA;0;0;NA;NA;NA;0;NA;NA;NA;0;NA;NA;0;NA;0;NA;NA;NA;1;West Bromwich Albion;Nacho Monreal;0;0;NA;NA;NA;0;NA;NA;NA;NA;1;34;0;NA;NA;38
480855;25-09-2017;Attempt missed. Jay Rodriguez (West Bromwich Albion) right footed shot from outside the box is close, but misses to the left. Assisted by Grzegorz Krychowiak.;39';Arsenal;West Bromwich Albion;1;0;0;0;0;1;0;missed;Jay Rodriguez;West Bromwich Albion;right;outside the box;close, but left;Grzegorz Krychowiak;0;NA;NA;0;NA;0;0;NA;NA;NA;0;NA;NA;NA;0;NA;NA;0;NA;0;NA;NA;NA;0;NA;NA;0;0;NA;NA;NA;0;NA;NA;NA;NA;1;35;0;NA;NA;39
480855;25-09-2017;Foul by Sead Kolasinac (Arsenal).;41';Arsenal;West Bromwich Albion;1;0;0;0;0;0;0;NA;NA;NA;NA;NA;NA;NA;1;Sead Kolasinac;Arsenal;0;NA;0;0;NA;NA;NA;0;NA;NA;NA;0;NA;NA;0;NA;0;NA;NA;NA;0;NA;NA;0;0;NA;NA;NA;0;NA;NA;NA;NA;1;36;0;NA;NA;41
480855;25-09-2017;Jake Livermore (West Bromwich Albion) wins a free kick in the defensive half.;41';Arsenal;West Bromwich Albion;1;0;0;0;0;0;0;NA;NA;NA;NA;NA;NA;NA;0;NA;NA;0;NA;0;0;NA;NA;NA;0;NA;NA;NA;0;NA;NA;0;NA;1;Jake Livermore;West Bromwich Albion;defensive half;0;NA;NA;0;0;NA;NA;NA;0;NA;NA;NA;NA;1;37;0;NA;NA;41
480855;25-09-2017;Hand ball by Sead Kolasinac (Arsenal).;43';Arsenal;West Bromwich Albion;1;0;0;0;0;0;0;NA;NA;NA;NA;NA;NA;NA;0;NA;NA;0;NA;0;0;NA;NA;NA;0;NA;NA;NA;0;NA;NA;0;NA;0;NA;NA;NA;0;NA;NA;0;0;NA;NA;NA;0;NA;NA;NA;NA;1;38;0;NA;NA;43
480855;25-09-2017;Alexis Sánchez (Arsenal) is shown the yellow card.;44';Arsenal;West Bromwich Albion;1;0;0;0;0;0;0;NA;NA;NA;NA;NA;NA;NA;0;NA;NA;0;NA;0;0;NA;NA;NA;1;yellow;Alexis Sánchez;Arsenal;0;NA;NA;0;NA;0;NA;NA;NA;0;NA;NA;0;0;NA;NA;NA;0;NA;NA;NA;NA;1;39;0;NA;NA;44
480855;25-09-2017;Corner,  West Bromwich Albion. Conceded by Alexandre Lacazette.;45';Arsenal;West Bromwich Albion;1;0;0;0;0;0;0;NA;NA;NA;NA;NA;NA;NA;0;NA;NA;0;NA;0;0;NA;NA;NA;0;NA;NA;NA;0;NA;NA;0;NA;0;NA;NA;NA;1;West Bromwich Albion;Alexandre Lacazette;0;0;NA;NA;NA;0;NA;NA;NA;NA;1;40;0;NA;NA;45
480855;25-09-2017;Attempt saved. Gareth Barry (West Bromwich Albion) header from the left side of the six yard box is saved in the bottom left corner. Assisted by Kieran Gibbs with a cross.;45'+1';Arsenal;West Bromwich Albion;1;0;0;0;0;1;0;saved;Gareth Barry;West Bromwich Albion;header;the left side of the six yard box;the bottom left corner;Kieran Gibbs;0;NA;NA;0;cross;0;0;NA;NA;NA;0;NA;NA;NA;0;NA;NA;0;NA;0;NA;NA;NA;0;NA;NA;0;0;NA;NA;NA;0;NA;NA;NA;NA;1;41;1;NA;NA;46
480855;25-09-2017;Corner,  West Bromwich Albion. Conceded by Petr Cech.;45'+1';Arsenal;West Bromwich Albion;1;0;0;0;0;0;0;NA;NA;NA;NA;NA;NA;NA;0;NA;NA;0;NA;0;0;NA;NA;NA;0;NA;NA;NA;0;NA;NA;0;NA;0;NA;NA;NA;1;West Bromwich Albion;Petr Cech;0;0;NA;NA;NA;0;NA;NA;NA;NA;1;42;1;NA;NA;46
480855;25-09-2017;First Half ends, Arsenal 1, West Bromwich Albion 0.;45'+2';Arsenal;West Bromwich Albion;1;0;1;0;0;0;0;NA;NA;NA;NA;NA;NA;NA;0;NA;NA;0;NA;0;0;NA;NA;NA;0;NA;NA;NA;0;NA;NA;0;NA;0;NA;NA;NA;0;NA;NA;0;0;NA;NA;NA;0;NA;NA;NA;NA;1;43;1;NA;NA;47
480855;25-09-2017;Second Half begins Arsenal 1, West Bromwich Albion 0.;45';Arsenal;West Bromwich Albion;1;0;0;0;1;0;0;NA;NA;NA;NA;NA;NA;NA;0;NA;NA;0;NA;0;0;NA;NA;NA;0;NA;NA;NA;0;NA;NA;0;NA;0;NA;NA;NA;0;NA;NA;0;0;NA;NA;NA;0;NA;NA;NA;NA;2;44;0;NA;NA;45
480855;25-09-2017;Alexis Sánchez (Arsenal) wins a free kick in the defensive half.;49';Arsenal;West Bromwich Albion;1;0;0;0;0;0;0;NA;NA;NA;NA;NA;NA;NA;0;NA;NA;0;NA;0;0;NA;NA;NA;0;NA;NA;NA;0;NA;NA;0;NA;1;Alexis Sánchez;Arsenal;defensive half;0;NA;NA;0;0;NA;NA;NA;0;NA;NA;NA;NA;2;45;0;NA;NA;49
480855;25-09-2017;Foul by Craig Dawson (West Bromwich Albion).;49';Arsenal;West Bromwich Albion;1;0;0;0;0;0;0;NA;NA;NA;NA;NA;NA;NA;1;Craig Dawson;West Bromwich Albion;0;NA;0;0;NA;NA;NA;0;NA;NA;NA;0;NA;NA;0;NA;0;NA;NA;NA;0;NA;NA;0;0;NA;NA;NA;0;NA;NA;NA;NA;2;46;0;NA;NA;49
480855;25-09-2017;Craig Dawson (West Bromwich Albion) is shown the yellow card for a bad foul.;49';Arsenal;West Bromwich Albion;1;0;0;0;0;0;0;NA;NA;NA;NA;NA;NA;NA;0;NA;NA;0;NA;0;0;NA;NA;NA;1;yellow;Craig Dawson;West Bromwich Albion;0;NA;NA;0;NA;0;NA;NA;NA;0;NA;NA;0;0;NA;NA;NA;0;NA;NA;NA;NA;2;47;0;NA;NA;49
480855;25-09-2017;Attempt blocked. Alexandre Lacazette (Arsenal) right footed shot from the centre of the box is blocked. Assisted by Mohamed Elneny.;51';Arsenal;West Bromwich Albion;1;0;0;0;0;1;0;blocked;Alexandre Lacazette;Arsenal;right;the centre of the box;NA;Mohamed Elneny;0;NA;NA;0;NA;0;0;NA;NA;NA;0;NA;NA;NA;0;NA;NA;0;NA;0;NA;NA;NA;0;NA;NA;0;0;NA;NA;NA;0;NA;NA;NA;NA;2;48;0;NA;NA;51
480855;25-09-2017;Corner,  Arsenal. Conceded by Kieran Gibbs.;51';Arsenal;West Bromwich Albion;1;0;0;0;0;0;0;NA;NA;NA;NA;NA;NA;NA;0;NA;NA;0;NA;0;0;NA;NA;NA;0;NA;NA;NA;0;NA;NA;0;NA;0;NA;NA;NA;1;Arsenal;Kieran Gibbs;0;0;NA;NA;NA;0;NA;NA;NA;NA;2;49;0;NA;NA;51
480855;25-09-2017;Foul by Ahmed Hegazi (West Bromwich Albion).;52';Arsenal;West Bromwich Albion;1;0;0;0;0;0;0;NA;NA;NA;NA;NA;NA;NA;1;Ahmed Hegazi;West Bromwich Albion;0;NA;0;0;NA;NA;NA;0;NA;NA;NA;0;NA;NA;0;NA;0;NA;NA;NA;0;NA;NA;0;0;NA;NA;NA;0;NA;NA;NA;NA;2;50;0;NA;NA;52
480855;25-09-2017;Mohamed Elneny (Arsenal) wins a free kick on the right wing.;52';Arsenal;West Bromwich Albion;1;0;0;0;0;0;0;NA;NA;NA;NA;NA;NA;NA;0;NA;NA;0;NA;0;0;NA;NA;NA;0;NA;NA;NA;0;NA;NA;0;NA;1;Mohamed Elneny;Arsenal;NA;0;NA;NA;0;0;NA;NA;NA;0;NA;NA;NA;NA;2;51;0;NA;NA;52
480855;25-09-2017;Corner,  Arsenal. Conceded by Allan Nyom.;53';Arsenal;West Bromwich Albion;1;0;0;0;0;0;0;NA;NA;NA;NA;NA;NA;NA;0;NA;NA;0;NA;0;0;NA;NA;NA;0;NA;NA;NA;0;NA;NA;0;NA;0;NA;NA;NA;1;Arsenal;Allan Nyom;0;0;NA;NA;NA;0;NA;NA;NA;NA;2;52;0;NA;NA;53
480855;25-09-2017;Attempt saved. Shkodran Mustafi (Arsenal) right footed shot from the left side of the six yard box is saved in the top left corner. Assisted by Alexis Sánchez with a cross.;54';Arsenal;West Bromwich Albion;1;0;0;0;0;1;0;saved;Shkodran Mustafi;Arsenal;right;the left side of the six yard box;the top left corner;Alexis Sánchez;0;NA;NA;0;cross;0;0;NA;NA;NA;0;NA;NA;NA;0;NA;NA;0;NA;0;NA;NA;NA;0;NA;NA;0;0;NA;NA;NA;0;NA;NA;NA;NA;2;53;0;NA;NA;54
480855;25-09-2017;Foul by Jay Rodriguez (West Bromwich Albion).;55';Arsenal;West Bromwich Albion;1;0;0;0;0;0;0;NA;NA;NA;NA;NA;NA;NA;1;Jay Rodriguez;West Bromwich Albion;0;NA;0;0;NA;NA;NA;0;NA;NA;NA;0;NA;NA;0;NA;0;NA;NA;NA;0;NA;NA;0;0;NA;NA;NA;0;NA;NA;NA;NA;2;54;0;NA;NA;55
480855;25-09-2017;Nacho Monreal (Arsenal) wins a free kick in the defensive half.;55';Arsenal;West Bromwich Albion;1;0;0;0;0;0;0;NA;NA;NA;NA;NA;NA;NA;0;NA;NA;0;NA;0;0;NA;NA;NA;0;NA;NA;NA;0;NA;NA;0;NA;1;Nacho Monreal;Arsenal;defensive half;0;NA;NA;0;0;NA;NA;NA;0;NA;NA;NA;NA;2;55;0;NA;NA;55
480855;25-09-2017;Foul by Grzegorz Krychowiak (West Bromwich Albion).;55';Arsenal;West Bromwich Albion;1;0;0;0;0;0;0;NA;NA;NA;NA;NA;NA;NA;1;Grzegorz Krychowiak;West Bromwich Albion;0;NA;0;0;NA;NA;NA;0;NA;NA;NA;0;NA;NA;0;NA;0;NA;NA;NA;0;NA;NA;0;0;NA;NA;NA;0;NA;NA;NA;NA;2;56;0;NA;NA;55
480855;25-09-2017;Mohamed Elneny (Arsenal) wins a free kick on the left wing.;55';Arsenal;West Bromwich Albion;1;0;0;0;0;0;0;NA;NA;NA;NA;NA;NA;NA;0;NA;NA;0;NA;0;0;NA;NA;NA;0;NA;NA;NA;0;NA;NA;0;NA;1;Mohamed Elneny;Arsenal;NA;0;NA;NA;0;0;NA;NA;NA;0;NA;NA;NA;NA;2;57;0;NA;NA;55
480855;25-09-2017;Grzegorz Krychowiak (West Bromwich Albion) is shown the yellow card for a bad foul.;56';Arsenal;West Bromwich Albion;1;0;0;0;0;0;0;NA;NA;NA;NA;NA;NA;NA;0;NA;NA;0;NA;0;0;NA;NA;NA;1;yellow;Grzegorz Krychowiak;West Bromwich Albion;0;NA;NA;0;NA;0;NA;NA;NA;0;NA;NA;0;0;NA;NA;NA;0;NA;NA;NA;NA;2;58;0;NA;NA;56
480855;25-09-2017;Alexis Sánchez (Arsenal) wins a free kick in the defensive half.;58';Arsenal;West Bromwich Albion;1;0;0;0;0;0;0;NA;NA;NA;NA;NA;NA;NA;0;NA;NA;0;NA;0;0;NA;NA;NA;0;NA;NA;NA;0;NA;NA;0;NA;1;Alexis Sánchez;Arsenal;defensive half;0;NA;NA;0;0;NA;NA;NA;0;NA;NA;NA;NA;2;59;0;NA;NA;58
480855;25-09-2017;Foul by Craig Dawson (West Bromwich Albion).;58';Arsenal;West Bromwich Albion;1;0;0;0;0;0;0;NA;NA;NA;NA;NA;NA;NA;1;Craig Dawson;West Bromwich Albion;0;NA;0;0;NA;NA;NA;0;NA;NA;NA;0;NA;NA;0;NA;0;NA;NA;NA;0;NA;NA;0;0;NA;NA;NA;0;NA;NA;NA;NA;2;60;0;NA;NA;58
480855;25-09-2017;Allan Nyom (West Bromwich Albion) wins a free kick on the right wing.;59';Arsenal;West Bromwich Albion;1;0;0;0;0;0;0;NA;NA;NA;NA;NA;NA;NA;0;NA;NA;0;NA;0;0;NA;NA;NA;0;NA;NA;NA;0;NA;NA;0;NA;1;Allan Nyom;West Bromwich Albion;NA;0;NA;NA;0;0;NA;NA;NA;0;NA;NA;NA;NA;2;61;0;NA;NA;59
480855;25-09-2017;Foul by Sead Kolasinac (Arsenal).;59';Arsenal;West Bromwich Albion;1;0;0;0;0;0;0;NA;NA;NA;NA;NA;NA;NA;1;Sead Kolasinac;Arsenal;0;NA;0;0;NA;NA;NA;0;NA;NA;NA;0;NA;NA;0;NA;0;NA;NA;NA;0;NA;NA;0;0;NA;NA;NA;0;NA;NA;NA;NA;2;62;0;NA;NA;59
480855;25-09-2017;Substitution, West Bromwich Albion. James Morrison replaces Jake Livermore.;63';Arsenal;West Bromwich Albion;1;0;0;0;0;0;0;NA;NA;NA;NA;NA;NA;NA;0;NA;NA;0;NA;0;0;NA;NA;NA;0;NA;NA;NA;0;NA;NA;0;NA;0;NA;NA;NA;0;NA;NA;1;0;West Bromwich Albion;James Morrison;Jake Livermore;0;NA;NA;NA;NA;2;63;0;NA;NA;63
480855;25-09-2017;Substitution, West Bromwich Albion. Salomón Rondón replaces Hal Robson-Kanu.;64';Arsenal;West Bromwich Albion;1;0;0;0;0;0;0;NA;NA;NA;NA;NA;NA;NA;0;NA;NA;0;NA;0;0;NA;NA;NA;0;NA;NA;NA;0;NA;NA;0;NA;0;NA;NA;NA;0;NA;NA;1;0;West Bromwich Albion;Salomón Rondón;Hal Robson-Kanu;0;NA;NA;NA;NA;2;64;0;NA;NA;64
480855;25-09-2017;Alexandre Lacazette (Arsenal) wins a free kick in the defensive half.;64';Arsenal;West Bromwich Albion;1;0;0;0;0;0;0;NA;NA;NA;NA;NA;NA;NA;0;NA;NA;0;NA;0;0;NA;NA;NA;0;NA;NA;NA;0;NA;NA;0;NA;1;Alexandre Lacazette;Arsenal;defensive half;0;NA;NA;0;0;NA;NA;NA;0;NA;NA;NA;NA;2;65;0;NA;NA;64
480855;25-09-2017;Foul by Kieran Gibbs (West Bromwich Albion).;64';Arsenal;West Bromwich Albion;1;0;0;0;0;0;0;NA;NA;NA;NA;NA;NA;NA;1;Kieran Gibbs;West Bromwich Albion;0;NA;0;0;NA;NA;NA;0;NA;NA;NA;0;NA;NA;0;NA;0;NA;NA;NA;0;NA;NA;0;0;NA;NA;NA;0;NA;NA;NA;NA;2;66;0;NA;NA;64
480855;25-09-2017;Corner,  Arsenal. Conceded by Kieran Gibbs.;65';Arsenal;West Bromwich Albion;1;0;0;0;0;0;0;NA;NA;NA;NA;NA;NA;NA;0;NA;NA;0;NA;0;0;NA;NA;NA;0;NA;NA;NA;0;NA;NA;0;NA;0;NA;NA;NA;1;Arsenal;Kieran Gibbs;0;0;NA;NA;NA;0;NA;NA;NA;NA;2;67;0;NA;NA;65
480855;25-09-2017;Penalty Arsenal. Aaron Ramsey draws a foul in the penalty area.;66';Arsenal;West Bromwich Albion;1;0;0;0;0;0;0;NA;NA;NA;NA;NA;NA;NA;0;NA;NA;0;NA;0;0;NA;NA;NA;0;NA;NA;NA;0;NA;NA;0;NA;0;NA;NA;NA;0;NA;NA;0;0;NA;NA;NA;1;Arsenal;Aaron Ramsey;NA;NA;2;68;0;NA;NA;66
480855;25-09-2017;Penalty conceded by Allan Nyom (West Bromwich Albion) after a foul in the penalty area.;66';Arsenal;West Bromwich Albion;1;0;0;0;0;0;0;NA;NA;NA;NA;NA;NA;NA;0;NA;NA;0;NA;0;0;NA;NA;NA;0;NA;NA;NA;0;NA;NA;0;NA;0;NA;NA;NA;0;NA;NA;0;0;NA;NA;NA;1;West Bromwich Albion;NA;Allan Nyom;West Bromwich Albion;2;69;0;NA;NA;66
480855;25-09-2017;Allan Nyom (West Bromwich Albion) is shown the yellow card for a bad foul.;67';Arsenal;West Bromwich Albion;1;0;0;0;0;0;0;NA;NA;NA;NA;NA;NA;NA;0;NA;NA;0;NA;0;0;NA;NA;NA;1;yellow;Allan Nyom;West Bromwich Albion;0;NA;NA;0;NA;0;NA;NA;NA;0;NA;NA;0;0;NA;NA;NA;0;NA;NA;NA;NA;2;70;0;NA;NA;67
480855;25-09-2017;Goal!  Arsenal 2, West Bromwich Albion 0. Alexandre Lacazette (Arsenal) converts the penalty with a right footed shot to the bottom right corner.;67';Arsenal;West Bromwich Albion;2;0;0;0;0;1;0;goal;Alexandre Lacazette;Arsenal;right;NA;bottom right corner;NA;0;NA;NA;0;NA;0;0;NA;NA;NA;0;NA;NA;NA;0;NA;NA;0;NA;0;NA;NA;NA;0;NA;NA;0;0;NA;NA;NA;0;NA;NA;NA;NA;2;71;0;NA;NA;67
480855;25-09-2017;Attempt blocked. Granit Xhaka (Arsenal) left footed shot from the left side of the box is blocked. Assisted by Mohamed Elneny.;69';Arsenal;West Bromwich Albion;2;0;0;0;0;1;0;blocked;Granit Xhaka;Arsenal;left;the left side of the box;NA;Mohamed Elneny;0;NA;NA;0;NA;0;0;NA;NA;NA;0;NA;NA;NA;0;NA;NA;0;NA;0;NA;NA;NA;0;NA;NA;0;0;NA;NA;NA;0;NA;NA;NA;NA;2;72;0;NA;NA;69
480855;25-09-2017;Attempt missed. Alexandre Lacazette (Arsenal) right footed shot from a difficult angle on the right is too high. Assisted by Alexis Sánchez with a through ball.;70';Arsenal;West Bromwich Albion;2;0;0;0;0;1;0;missed;Alexandre Lacazette;Arsenal;right;NA;NA;Alexis Sánchez;0;NA;NA;0;through;0;0;NA;NA;NA;0;NA;NA;NA;0;NA;NA;0;NA;0;NA;NA;NA;0;NA;NA;0;0;NA;NA;NA;0;NA;NA;NA;NA;2;73;0;NA;NA;70
480855;25-09-2017;Foul by Aaron Ramsey (Arsenal).;72';Arsenal;West Bromwich Albion;2;0;0;0;0;0;0;NA;NA;NA;NA;NA;NA;NA;1;Aaron Ramsey;Arsenal;0;NA;0;0;NA;NA;NA;0;NA;NA;NA;0;NA;NA;0;NA;0;NA;NA;NA;0;NA;NA;0;0;NA;NA;NA;0;NA;NA;NA;NA;2;74;0;NA;NA;72
480855;25-09-2017;Gareth Barry (West Bromwich Albion) wins a free kick in the defensive half.;72';Arsenal;West Bromwich Albion;2;0;0;0;0;0;0;NA;NA;NA;NA;NA;NA;NA;0;NA;NA;0;NA;0;0;NA;NA;NA;0;NA;NA;NA;0;NA;NA;0;NA;1;Gareth Barry;West Bromwich Albion;defensive half;0;NA;NA;0;0;NA;NA;NA;0;NA;NA;NA;NA;2;75;0;NA;NA;72
480855;25-09-2017;Corner,  West Bromwich Albion. Conceded by Shkodran Mustafi.;73';Arsenal;West Bromwich Albion;2;0;0;0;0;0;0;NA;NA;NA;NA;NA;NA;NA;0;NA;NA;0;NA;0;0;NA;NA;NA;0;NA;NA;NA;0;NA;NA;0;NA;0;NA;NA;NA;1;West Bromwich Albion;Shkodran Mustafi;0;0;NA;NA;NA;0;NA;NA;NA;NA;2;76;0;NA;NA;73
480855;25-09-2017;Substitution, West Bromwich Albion. Matt Phillips replaces Allan Nyom.;74';Arsenal;West Bromwich Albion;2;0;0;0;0;0;0;NA;NA;NA;NA;NA;NA;NA;0;NA;NA;0;NA;0;0;NA;NA;NA;0;NA;NA;NA;0;NA;NA;0;NA;0;NA;NA;NA;0;NA;NA;1;0;West Bromwich Albion;Matt Phillips;Allan Nyom;0;NA;NA;NA;NA;2;77;0;NA;NA;74
480855;25-09-2017;Attempt missed. Granit Xhaka (Arsenal) left footed shot from outside the box misses to the left. Assisted by Alexandre Lacazette.;75';Arsenal;West Bromwich Albion;2;0;0;0;0;1;0;missed;Granit Xhaka;Arsenal;left;outside the box;left;Alexandre Lacazette;0;NA;NA;0;NA;0;0;NA;NA;NA;0;NA;NA;NA;0;NA;NA;0;NA;0;NA;NA;NA;0;NA;NA;0;0;NA;NA;NA;0;NA;NA;NA;NA;2;78;0;NA;NA;75
480855;25-09-2017;Attempt saved. Alexis Sánchez (Arsenal) right footed shot from outside the box is saved in the centre of the goal.;78';Arsenal;West Bromwich Albion;2;0;0;0;0;1;0;saved;Alexis Sánchez;Arsenal;right;outside the box;the centre of the goal;NA;0;NA;NA;0;NA;0;0;NA;NA;NA;0;NA;NA;NA;0;NA;NA;0;NA;0;NA;NA;NA;0;NA;NA;0;0;NA;NA;NA;0;NA;NA;NA;NA;2;79;0;NA;NA;78
480855;25-09-2017;Alexis Sánchez (Arsenal) wins a free kick on the left wing.;79';Arsenal;West Bromwich Albion;2;0;0;0;0;0;0;NA;NA;NA;NA;NA;NA;NA;0;NA;NA;0;NA;0;0;NA;NA;NA;0;NA;NA;NA;0;NA;NA;0;NA;1;Alexis Sánchez;Arsenal;NA;0;NA;NA;0;0;NA;NA;NA;0;NA;NA;NA;NA;2;80;0;NA;NA;79
480855;25-09-2017;Foul by Craig Dawson (West Bromwich Albion).;79';Arsenal;West Bromwich Albion;2;0;0;0;0;0;0;NA;NA;NA;NA;NA;NA;NA;1;Craig Dawson;West Bromwich Albion;0;NA;0;0;NA;NA;NA;0;NA;NA;NA;0;NA;NA;0;NA;0;NA;NA;NA;0;NA;NA;0;0;NA;NA;NA;0;NA;NA;NA;NA;2;81;0;NA;NA;79
480855;25-09-2017;Attempt blocked. Mohamed Elneny (Arsenal) right footed shot from the right side of the box is blocked.;81';Arsenal;West Bromwich Albion;2;0;0;0;0;1;0;blocked;Mohamed Elneny;Arsenal;right;the right side of the box;NA;NA;0;NA;NA;0;NA;0;0;NA;NA;NA;0;NA;NA;NA;0;NA;NA;0;NA;0;NA;NA;NA;0;NA;NA;0;0;NA;NA;NA;0;NA;NA;NA;NA;2;82;0;NA;NA;81
480855;25-09-2017;Corner,  Arsenal. Conceded by James Morrison.;82';Arsenal;West Bromwich Albion;2;0;0;0;0;0;0;NA;NA;NA;NA;NA;NA;NA;0;NA;NA;0;NA;0;0;NA;NA;NA;0;NA;NA;NA;0;NA;NA;0;NA;0;NA;NA;NA;1;Arsenal;James Morrison;0;0;NA;NA;NA;0;NA;NA;NA;NA;2;83;0;NA;NA;82
480855;25-09-2017;Attempt blocked. Héctor Bellerín (Arsenal) right footed shot from the right side of the box is blocked. Assisted by Granit Xhaka.;82';Arsenal;West Bromwich Albion;2;0;0;0;0;1;0;blocked;Héctor Bellerín;Arsenal;right;the right side of the box;NA;Granit Xhaka;0;NA;NA;0;NA;0;0;NA;NA;NA;0;NA;NA;NA;0;NA;NA;0;NA;0;NA;NA;NA;0;NA;NA;0;0;NA;NA;NA;0;NA;NA;NA;NA;2;84;0;NA;NA;82
480855;25-09-2017;Corner,  Arsenal. Conceded by Jay Rodriguez.;82';Arsenal;West Bromwich Albion;2;0;0;0;0;0;0;NA;NA;NA;NA;NA;NA;NA;0;NA;NA;0;NA;0;0;NA;NA;NA;0;NA;NA;NA;0;NA;NA;0;NA;0;NA;NA;NA;1;Arsenal;Jay Rodriguez;0;0;NA;NA;NA;0;NA;NA;NA;NA;2;85;0;NA;NA;82
480855;25-09-2017;Substitution, Arsenal. Olivier Giroud replaces Alexandre Lacazette.;83';Arsenal;West Bromwich Albion;2;0;0;0;0;0;0;NA;NA;NA;NA;NA;NA;NA;0;NA;NA;0;NA;0;0;NA;NA;NA;0;NA;NA;NA;0;NA;NA;0;NA;0;NA;NA;NA;0;NA;NA;1;0;Arsenal;Olivier Giroud;Alexandre Lacazette;0;NA;NA;NA;NA;2;86;0;NA;NA;83
480855;25-09-2017;Substitution, Arsenal. Mesut Özil replaces Alexis Sánchez.;83';Arsenal;West Bromwich Albion;2;0;0;0;0;0;0;NA;NA;NA;NA;NA;NA;NA;0;NA;NA;0;NA;0;0;NA;NA;NA;0;NA;NA;NA;0;NA;NA;0;NA;0;NA;NA;NA;0;NA;NA;1;0;Arsenal;Mesut Özil;Alexis Sánchez;0;NA;NA;NA;NA;2;87;0;NA;NA;83
480855;25-09-2017;Foul by Salomón Rondón (West Bromwich Albion).;84';Arsenal;West Bromwich Albion;2;0;0;0;0;0;0;NA;NA;NA;NA;NA;NA;NA;1;Salomón Rondón;West Bromwich Albion;0;NA;0;0;NA;NA;NA;0;NA;NA;NA;0;NA;NA;0;NA;0;NA;NA;NA;0;NA;NA;0;0;NA;NA;NA;0;NA;NA;NA;NA;2;88;0;NA;NA;84
480855;25-09-2017;Laurent Koscielny (Arsenal) wins a free kick in the defensive half.;84';Arsenal;West Bromwich Albion;2;0;0;0;0;0;0;NA;NA;NA;NA;NA;NA;NA;0;NA;NA;0;NA;0;0;NA;NA;NA;0;NA;NA;NA;0;NA;NA;0;NA;1;Laurent Koscielny;Arsenal;defensive half;0;NA;NA;0;0;NA;NA;NA;0;NA;NA;NA;NA;2;89;0;NA;NA;84
480855;25-09-2017;Attempt missed. Granit Xhaka (Arsenal) left footed shot from the centre of the box is too high. Assisted by Olivier Giroud.;87';Arsenal;West Bromwich Albion;2;0;0;0;0;1;0;missed;Granit Xhaka;Arsenal;left;the centre of the box;too high;Olivier Giroud;0;NA;NA;0;NA;0;0;NA;NA;NA;0;NA;NA;NA;0;NA;NA;0;NA;0;NA;NA;NA;0;NA;NA;0;0;NA;NA;NA;0;NA;NA;NA;NA;2;90;0;NA;NA;87
480855;25-09-2017;Foul by Kieran Gibbs (West Bromwich Albion).;87';Arsenal;West Bromwich Albion;2;0;0;0;0;0;0;NA;NA;NA;NA;NA;NA;NA;1;Kieran Gibbs;West Bromwich Albion;0;NA;0;0;NA;NA;NA;0;NA;NA;NA;0;NA;NA;0;NA;0;NA;NA;NA;0;NA;NA;0;0;NA;NA;NA;0;NA;NA;NA;NA;2;91;0;NA;NA;87
480855;25-09-2017;Héctor Bellerín (Arsenal) wins a free kick in the defensive half.;87';Arsenal;West Bromwich Albion;2;0;0;0;0;0;0;NA;NA;NA;NA;NA;NA;NA;0;NA;NA;0;NA;0;0;NA;NA;NA;0;NA;NA;NA;0;NA;NA;0;NA;1;Héctor Bellerín;Arsenal;defensive half;0;NA;NA;0;0;NA;NA;NA;0;NA;NA;NA;NA;2;92;0;NA;NA;87
480855;25-09-2017;Hand ball by Granit Xhaka (Arsenal).;89';Arsenal;West Bromwich Albion;2;0;0;0;0;0;0;NA;NA;NA;NA;NA;NA;NA;0;NA;NA;0;NA;0;0;NA;NA;NA;0;NA;NA;NA;0;NA;NA;0;NA;0;NA;NA;NA;0;NA;NA;0;0;NA;NA;NA;0;NA;NA;NA;NA;2;93;0;NA;NA;89
480855;25-09-2017;Attempt saved. Aaron Ramsey (Arsenal) right footed shot from outside the box is saved in the bottom left corner. Assisted by Olivier Giroud.;90';Arsenal;West Bromwich Albion;2;0;0;0;0;1;0;saved;Aaron Ramsey;Arsenal;right;outside the box;the bottom left corner;Olivier Giroud;0;NA;NA;0;NA;0;0;NA;NA;NA;0;NA;NA;NA;0;NA;NA;0;NA;0;NA;NA;NA;0;NA;NA;0;0;NA;NA;NA;0;NA;NA;NA;NA;2;94;0;NA;NA;90
480855;25-09-2017;Foul by Sead Kolasinac (Arsenal).;90'+3';Arsenal;West Bromwich Albion;2;0;0;0;0;0;0;NA;NA;NA;NA;NA;NA;NA;1;Sead Kolasinac;Arsenal;0;NA;0;0;NA;NA;NA;0;NA;NA;NA;0;NA;NA;0;NA;0;NA;NA;NA;0;NA;NA;0;0;NA;NA;NA;0;NA;NA;NA;NA;2;95;1;NA;NA;93
480855;25-09-2017;Salomón Rondón (West Bromwich Albion) wins a free kick on the right wing.;90'+3';Arsenal;West Bromwich Albion;2;0;0;0;0;0;0;NA;NA;NA;NA;NA;NA;NA;0;NA;NA;0;NA;0;0;NA;NA;NA;0;NA;NA;NA;0;NA;NA;0;NA;1;Salomón Rondón;West Bromwich Albion;NA;0;NA;NA;0;0;NA;NA;NA;0;NA;NA;NA;NA;2;96;1;NA;NA;93
480855;25-09-2017;Substitution, Arsenal. Ainsley Maitland-Niles replaces Aaron Ramsey.;90'+3';Arsenal;West Bromwich Albion;2;0;0;0;0;0;0;NA;NA;NA;NA;NA;NA;NA;0;NA;NA;0;NA;0;0;NA;NA;NA;0;NA;NA;NA;0;NA;NA;0;NA;0;NA;NA;NA;0;NA;NA;1;0;Arsenal;Ainsley Maitland-Niles;Aaron Ramsey;0;NA;NA;NA;NA;2;97;1;NA;NA;93
480855;25-09-2017;Second Half ends, Arsenal 2, West Bromwich Albion 0.;90'+4';Arsenal;West Bromwich Albion;2;0;1;0;0;0;0;NA;NA;NA;NA;NA;NA;NA;0;NA;NA;0;NA;0;0;NA;NA;NA;0;NA;NA;NA;0;NA;NA;0;NA;0;NA;NA;NA;0;NA;NA;0;0;NA;NA;NA;0;NA;NA;NA;NA;2;98;1;NA;NA;94
480855;25-09-2017;Match ends, Arsenal 2, West Bromwich Albion 0.;90'+4';Arsenal;West Bromwich Albion;2;0;0;1;0;0;0;NA;NA;NA;NA;NA;NA;NA;0;NA;NA;0;NA;0;0;NA;NA;NA;0;NA;NA;NA;0;NA;NA;0;NA;0;NA;NA;NA;0;NA;NA;0;0;NA;NA;NA;0;NA;NA;NA;NA;2;99;1;NA;NA;94
