480795;19-11-2017;First Half begins.;-;Watford;West Ham United;0;0;0;0;1;0;0;NA;NA;NA;NA;NA;NA;NA;0;NA;NA;0;NA;0;0;NA;NA;NA;0;NA;NA;NA;0;NA;NA;0;NA;0;NA;NA;NA;0;NA;NA;0;0;NA;NA;NA;0;NA;NA;NA;NA;1;1;0;NA;NA;NA
480795;19-11-2017;Lineups are announced and players are warming up.;-;Watford;West Ham United;0;0;0;0;0;0;0;NA;NA;NA;NA;NA;NA;NA;0;NA;NA;0;NA;0;0;NA;NA;NA;0;NA;NA;NA;0;NA;NA;0;NA;0;NA;NA;NA;0;NA;NA;0;0;NA;NA;NA;0;NA;NA;NA;NA;1;2;0;NA;NA;NA
480795;19-11-2017;Delay in match Marvin Zeegelaar (Watford) because of an injury.;1';Watford;West Ham United;0;0;0;0;0;0;0;NA;NA;NA;NA;NA;NA;NA;0;NA;NA;0;NA;0;0;NA;NA;NA;0;NA;NA;NA;0;NA;NA;1;Watford;0;NA;NA;NA;0;NA;NA;0;0;NA;NA;NA;0;NA;NA;NA;NA;1;3;0;NA;NA;1
480795;19-11-2017;Delay over. They are ready to continue.;3';Watford;West Ham United;0;0;0;0;0;0;0;NA;NA;NA;NA;NA;NA;NA;0;NA;NA;0;NA;0;0;NA;NA;NA;0;NA;NA;NA;0;NA;NA;0;NA;0;NA;NA;NA;0;NA;NA;0;0;NA;NA;NA;0;NA;NA;NA;NA;1;4;0;NA;NA;3
480795;19-11-2017;Hand ball by Andy Carroll (West Ham United).;5';Watford;West Ham United;0;0;0;0;0;0;0;NA;NA;NA;NA;NA;NA;NA;0;NA;NA;0;NA;0;0;NA;NA;NA;0;NA;NA;NA;0;NA;NA;0;NA;0;NA;NA;NA;0;NA;NA;0;0;NA;NA;NA;0;NA;NA;NA;NA;1;5;0;NA;NA;5
480795;19-11-2017;Attempt missed. Andre Gray (Watford) left footed shot from the centre of the box misses to the right.;11';Watford;West Ham United;0;0;0;0;0;1;0;missed;Andre Gray;Watford;left;the centre of the box;right;NA;0;NA;NA;0;NA;0;0;NA;NA;NA;0;NA;NA;NA;0;NA;NA;0;NA;0;NA;NA;NA;0;NA;NA;0;0;NA;NA;NA;0;NA;NA;NA;NA;1;6;0;NA;NA;11
480795;19-11-2017;Goal!  Watford 1, West Ham United 0. Will Hughes (Watford) left footed shot from the centre of the box to the bottom left corner. Assisted by Andre Gray.;11';Watford;West Ham United;1;0;0;0;0;1;0;goal;Will Hughes;Watford;left;the centre of the box;bottom left corner;Andre Gray;0;NA;NA;0;NA;0;0;NA;NA;NA;0;NA;NA;NA;0;NA;NA;0;NA;0;NA;NA;NA;0;NA;NA;0;0;NA;NA;NA;0;NA;NA;NA;NA;1;7;0;NA;NA;11
480795;19-11-2017;Attempt saved. Andy Carroll (West Ham United) header from the centre of the box is saved in the bottom right corner. Assisted by Pablo Zabaleta with a cross.;13';Watford;West Ham United;1;0;0;0;0;1;0;saved;Andy Carroll;West Ham United;header;the centre of the box;the bottom right corner;Pablo Zabaleta;0;NA;NA;0;cross;0;0;NA;NA;NA;0;NA;NA;NA;0;NA;NA;0;NA;0;NA;NA;NA;0;NA;NA;0;0;NA;NA;NA;0;NA;NA;NA;NA;1;8;0;NA;NA;13
480795;19-11-2017;Foul by Richarlison (Watford).;14';Watford;West Ham United;1;0;0;0;0;0;0;NA;NA;NA;NA;NA;NA;NA;1;Richarlison;Watford;0;NA;0;0;NA;NA;NA;0;NA;NA;NA;0;NA;NA;0;NA;0;NA;NA;NA;0;NA;NA;0;0;NA;NA;NA;0;NA;NA;NA;NA;1;9;0;NA;NA;14
480795;19-11-2017;Mark Noble (West Ham United) wins a free kick in the defensive half.;14';Watford;West Ham United;1;0;0;0;0;0;0;NA;NA;NA;NA;NA;NA;NA;0;NA;NA;0;NA;0;0;NA;NA;NA;0;NA;NA;NA;0;NA;NA;0;NA;1;Mark Noble;West Ham United;defensive half;0;NA;NA;0;0;NA;NA;NA;0;NA;NA;NA;NA;1;10;0;NA;NA;14
480795;19-11-2017;Offside, West Ham United. Aaron Cresswell tries a through ball, but Andy Carroll is caught offside.;15';Watford;West Ham United;1;0;0;0;0;0;0;NA;NA;NA;NA;NA;NA;NA;0;NA;NA;0;NA;0;1;West Ham United;Andy Carroll;Aaron Cresswell;0;NA;NA;NA;0;NA;NA;0;NA;0;NA;NA;NA;0;NA;NA;0;0;NA;NA;NA;0;NA;NA;NA;NA;1;11;0;NA;NA;15
480795;19-11-2017;Foul by Pedro Obiang (West Ham United).;17';Watford;West Ham United;1;0;0;0;0;0;0;NA;NA;NA;NA;NA;NA;NA;1;Pedro Obiang;West Ham United;0;NA;0;0;NA;NA;NA;0;NA;NA;NA;0;NA;NA;0;NA;0;NA;NA;NA;0;NA;NA;0;0;NA;NA;NA;0;NA;NA;NA;NA;1;12;0;NA;NA;17
480795;19-11-2017;Will Hughes (Watford) wins a free kick on the right wing.;17';Watford;West Ham United;1;0;0;0;0;0;0;NA;NA;NA;NA;NA;NA;NA;0;NA;NA;0;NA;0;0;NA;NA;NA;0;NA;NA;NA;0;NA;NA;0;NA;1;Will Hughes;Watford;NA;0;NA;NA;0;0;NA;NA;NA;0;NA;NA;NA;NA;1;13;0;NA;NA;17
480795;19-11-2017;Angelo Ogbonna (West Ham United) wins a free kick in the defensive half.;23';Watford;West Ham United;1;0;0;0;0;0;0;NA;NA;NA;NA;NA;NA;NA;0;NA;NA;0;NA;0;0;NA;NA;NA;0;NA;NA;NA;0;NA;NA;0;NA;1;Angelo Ogbonna;West Ham United;defensive half;0;NA;NA;0;0;NA;NA;NA;0;NA;NA;NA;NA;1;14;0;NA;NA;23
480795;19-11-2017;Foul by Andre Gray (Watford).;23';Watford;West Ham United;1;0;0;0;0;0;0;NA;NA;NA;NA;NA;NA;NA;1;Andre Gray;Watford;0;NA;0;0;NA;NA;NA;0;NA;NA;NA;0;NA;NA;0;NA;0;NA;NA;NA;0;NA;NA;0;0;NA;NA;NA;0;NA;NA;NA;NA;1;15;0;NA;NA;23
480795;19-11-2017;Attempt missed. Aaron Cresswell (West Ham United) left footed shot from more than 40 yards on the left wing misses to the left from a direct free kick.;24';Watford;West Ham United;1;0;0;0;0;1;0;missed;Aaron Cresswell;West Ham United;left;NA;NA;NA;0;NA;NA;0;NA;0;0;NA;NA;NA;0;NA;NA;NA;0;NA;NA;0;NA;0;NA;NA;NA;0;NA;NA;0;0;NA;NA;NA;0;NA;NA;NA;NA;1;16;0;NA;NA;24
480795;19-11-2017;Foul by Tom Cleverley (Watford).;24';Watford;West Ham United;1;0;0;0;0;0;0;NA;NA;NA;NA;NA;NA;NA;1;Tom Cleverley;Watford;0;NA;0;0;NA;NA;NA;0;NA;NA;NA;0;NA;NA;0;NA;0;NA;NA;NA;0;NA;NA;0;0;NA;NA;NA;0;NA;NA;NA;NA;1;17;0;NA;NA;24
480795;19-11-2017;Mark Noble (West Ham United) wins a free kick in the attacking half.;24';Watford;West Ham United;1;0;0;0;0;0;0;NA;NA;NA;NA;NA;NA;NA;0;NA;NA;0;NA;0;0;NA;NA;NA;0;NA;NA;NA;0;NA;NA;0;NA;1;Mark Noble;West Ham United;attacking half;0;NA;NA;0;0;NA;NA;NA;0;NA;NA;NA;NA;1;18;0;NA;NA;24
480795;19-11-2017;Foul by Andy Carroll (West Ham United).;28';Watford;West Ham United;1;0;0;0;0;0;0;NA;NA;NA;NA;NA;NA;NA;1;Andy Carroll;West Ham United;0;NA;0;0;NA;NA;NA;0;NA;NA;NA;0;NA;NA;0;NA;0;NA;NA;NA;0;NA;NA;0;0;NA;NA;NA;0;NA;NA;NA;NA;1;19;0;NA;NA;28
480795;19-11-2017;Richarlison (Watford) wins a free kick in the defensive half.;28';Watford;West Ham United;1;0;0;0;0;0;0;NA;NA;NA;NA;NA;NA;NA;0;NA;NA;0;NA;0;0;NA;NA;NA;0;NA;NA;NA;0;NA;NA;0;NA;1;Richarlison;Watford;defensive half;0;NA;NA;0;0;NA;NA;NA;0;NA;NA;NA;NA;1;20;0;NA;NA;28
480795;19-11-2017;Andy Carroll (West Ham United) is shown the yellow card.;28';Watford;West Ham United;1;0;0;0;0;0;0;NA;NA;NA;NA;NA;NA;NA;0;NA;NA;0;NA;0;0;NA;NA;NA;1;yellow;Andy Carroll;West Ham United;0;NA;NA;0;NA;0;NA;NA;NA;0;NA;NA;0;0;NA;NA;NA;0;NA;NA;NA;NA;1;21;0;NA;NA;28
480795;19-11-2017;Attempt blocked. Andre Gray (Watford) right footed shot from the centre of the box is blocked. Assisted by Will Hughes.;29';Watford;West Ham United;1;0;0;0;0;1;0;blocked;Andre Gray;Watford;right;the centre of the box;NA;Will Hughes;0;NA;NA;0;NA;0;0;NA;NA;NA;0;NA;NA;NA;0;NA;NA;0;NA;0;NA;NA;NA;0;NA;NA;0;0;NA;NA;NA;0;NA;NA;NA;NA;1;22;0;NA;NA;29
480795;19-11-2017;Cheikhou Kouyaté (West Ham United) wins a free kick on the right wing.;29';Watford;West Ham United;1;0;0;0;0;0;0;NA;NA;NA;NA;NA;NA;NA;0;NA;NA;0;NA;0;0;NA;NA;NA;0;NA;NA;NA;0;NA;NA;0;NA;1;Cheikhou Kouyaté;West Ham United;NA;0;NA;NA;0;0;NA;NA;NA;0;NA;NA;NA;NA;1;23;0;NA;NA;29
480795;19-11-2017;Foul by Miguel Britos (Watford).;29';Watford;West Ham United;1;0;0;0;0;0;0;NA;NA;NA;NA;NA;NA;NA;1;Miguel Britos;Watford;0;NA;0;0;NA;NA;NA;0;NA;NA;NA;0;NA;NA;0;NA;0;NA;NA;NA;0;NA;NA;0;0;NA;NA;NA;0;NA;NA;NA;NA;1;24;0;NA;NA;29
480795;19-11-2017;Miguel Britos (Watford) is shown the yellow card for a bad foul.;29';Watford;West Ham United;1;0;0;0;0;0;0;NA;NA;NA;NA;NA;NA;NA;0;NA;NA;0;NA;0;0;NA;NA;NA;1;yellow;Miguel Britos;Watford;0;NA;NA;0;NA;0;NA;NA;NA;0;NA;NA;0;0;NA;NA;NA;0;NA;NA;NA;NA;1;25;0;NA;NA;29
480795;19-11-2017;Offside, West Ham United. Mark Noble tries a through ball, but Marko Arnautovic is caught offside.;32';Watford;West Ham United;1;0;0;0;0;0;0;NA;NA;NA;NA;NA;NA;NA;0;NA;NA;0;NA;0;1;West Ham United;Marko Arnautovic;Mark Noble;0;NA;NA;NA;0;NA;NA;0;NA;0;NA;NA;NA;0;NA;NA;0;0;NA;NA;NA;0;NA;NA;NA;NA;1;26;0;NA;NA;32
480795;19-11-2017;Attempt saved. Richarlison (Watford) right footed shot from the left side of the box is saved in the centre of the goal. Assisted by Andre Gray.;33';Watford;West Ham United;1;0;0;0;0;1;0;saved;Richarlison;Watford;right;the left side of the box;the centre of the goal;Andre Gray;0;NA;NA;0;NA;0;0;NA;NA;NA;0;NA;NA;NA;0;NA;NA;0;NA;0;NA;NA;NA;0;NA;NA;0;0;NA;NA;NA;0;NA;NA;NA;NA;1;27;0;NA;NA;33
480795;19-11-2017;Attempt missed. Kiko Femenía (Watford) right footed shot from the right side of the box is close, but misses to the left.;33';Watford;West Ham United;1;0;0;0;0;1;0;missed;Kiko Femenía;Watford;right;the right side of the box;close, but left;NA;0;NA;NA;0;NA;0;0;NA;NA;NA;0;NA;NA;NA;0;NA;NA;0;NA;0;NA;NA;NA;0;NA;NA;0;0;NA;NA;NA;0;NA;NA;NA;NA;1;28;0;NA;NA;33
480795;19-11-2017;Foul by Marko Arnautovic (West Ham United).;35';Watford;West Ham United;1;0;0;0;0;0;0;NA;NA;NA;NA;NA;NA;NA;1;Marko Arnautovic;West Ham United;0;NA;0;0;NA;NA;NA;0;NA;NA;NA;0;NA;NA;0;NA;0;NA;NA;NA;0;NA;NA;0;0;NA;NA;NA;0;NA;NA;NA;NA;1;29;0;NA;NA;35
480795;19-11-2017;Tom Cleverley (Watford) wins a free kick in the defensive half.;35';Watford;West Ham United;1;0;0;0;0;0;0;NA;NA;NA;NA;NA;NA;NA;0;NA;NA;0;NA;0;0;NA;NA;NA;0;NA;NA;NA;0;NA;NA;0;NA;1;Tom Cleverley;Watford;defensive half;0;NA;NA;0;0;NA;NA;NA;0;NA;NA;NA;NA;1;30;0;NA;NA;35
480795;19-11-2017;Marko Arnautovic (West Ham United) is shown the yellow card for a bad foul.;35';Watford;West Ham United;1;0;0;0;0;0;0;NA;NA;NA;NA;NA;NA;NA;0;NA;NA;0;NA;0;0;NA;NA;NA;1;yellow;Marko Arnautovic;West Ham United;0;NA;NA;0;NA;0;NA;NA;NA;0;NA;NA;0;0;NA;NA;NA;0;NA;NA;NA;NA;1;31;0;NA;NA;35
480795;19-11-2017;Attempt missed. Miguel Britos (Watford) left footed shot from outside the box is high and wide to the left. Assisted by Tom Cleverley.;37';Watford;West Ham United;1;0;0;0;0;1;0;missed;Miguel Britos;Watford;left;outside the box;high and wide to the left;Tom Cleverley;0;NA;NA;0;NA;0;0;NA;NA;NA;0;NA;NA;NA;0;NA;NA;0;NA;0;NA;NA;NA;0;NA;NA;0;0;NA;NA;NA;0;NA;NA;NA;NA;1;32;0;NA;NA;37
480795;19-11-2017;Foul by Richarlison (Watford).;38';Watford;West Ham United;1;0;0;0;0;0;0;NA;NA;NA;NA;NA;NA;NA;1;Richarlison;Watford;0;NA;0;0;NA;NA;NA;0;NA;NA;NA;0;NA;NA;0;NA;0;NA;NA;NA;0;NA;NA;0;0;NA;NA;NA;0;NA;NA;NA;NA;1;33;0;NA;NA;38
480795;19-11-2017;Pedro Obiang (West Ham United) wins a free kick in the defensive half.;38';Watford;West Ham United;1;0;0;0;0;0;0;NA;NA;NA;NA;NA;NA;NA;0;NA;NA;0;NA;0;0;NA;NA;NA;0;NA;NA;NA;0;NA;NA;0;NA;1;Pedro Obiang;West Ham United;defensive half;0;NA;NA;0;0;NA;NA;NA;0;NA;NA;NA;NA;1;34;0;NA;NA;38
480795;19-11-2017;Foul by Pablo Zabaleta (West Ham United).;39';Watford;West Ham United;1;0;0;0;0;0;0;NA;NA;NA;NA;NA;NA;NA;1;Pablo Zabaleta;West Ham United;0;NA;0;0;NA;NA;NA;0;NA;NA;NA;0;NA;NA;0;NA;0;NA;NA;NA;0;NA;NA;0;0;NA;NA;NA;0;NA;NA;NA;NA;1;35;0;NA;NA;39
480795;19-11-2017;Richarlison (Watford) wins a free kick in the defensive half.;39';Watford;West Ham United;1;0;0;0;0;0;0;NA;NA;NA;NA;NA;NA;NA;0;NA;NA;0;NA;0;0;NA;NA;NA;0;NA;NA;NA;0;NA;NA;0;NA;1;Richarlison;Watford;defensive half;0;NA;NA;0;0;NA;NA;NA;0;NA;NA;NA;NA;1;36;0;NA;NA;39
480795;19-11-2017;Foul by Pedro Obiang (West Ham United).;41';Watford;West Ham United;1;0;0;0;0;0;0;NA;NA;NA;NA;NA;NA;NA;1;Pedro Obiang;West Ham United;0;NA;0;0;NA;NA;NA;0;NA;NA;NA;0;NA;NA;0;NA;0;NA;NA;NA;0;NA;NA;0;0;NA;NA;NA;0;NA;NA;NA;NA;1;37;0;NA;NA;41
480795;19-11-2017;Will Hughes (Watford) wins a free kick on the right wing.;41';Watford;West Ham United;1;0;0;0;0;0;0;NA;NA;NA;NA;NA;NA;NA;0;NA;NA;0;NA;0;0;NA;NA;NA;0;NA;NA;NA;0;NA;NA;0;NA;1;Will Hughes;Watford;NA;0;NA;NA;0;0;NA;NA;NA;0;NA;NA;NA;NA;1;38;0;NA;NA;41
480795;19-11-2017;Pedro Obiang (West Ham United) is shown the yellow card for a bad foul.;41';Watford;West Ham United;1;0;0;0;0;0;0;NA;NA;NA;NA;NA;NA;NA;0;NA;NA;0;NA;0;0;NA;NA;NA;1;yellow;Pedro Obiang;West Ham United;0;NA;NA;0;NA;0;NA;NA;NA;0;NA;NA;0;0;NA;NA;NA;0;NA;NA;NA;NA;1;39;0;NA;NA;41
480795;19-11-2017;Attempt saved. Cheikhou Kouyaté (West Ham United) right footed shot from the centre of the box is saved in the centre of the goal. Assisted by Mark Noble with a through ball.;42';Watford;West Ham United;1;0;0;0;0;1;0;saved;Cheikhou Kouyaté;West Ham United;right;the centre of the box;the centre of the goal;Mark Noble;0;NA;NA;0;through;0;0;NA;NA;NA;0;NA;NA;NA;0;NA;NA;0;NA;0;NA;NA;NA;0;NA;NA;0;0;NA;NA;NA;0;NA;NA;NA;NA;1;40;0;NA;NA;42
480795;19-11-2017;Corner,  West Ham United. Conceded by Heurelho Gomes.;42';Watford;West Ham United;1;0;0;0;0;0;0;NA;NA;NA;NA;NA;NA;NA;0;NA;NA;0;NA;0;0;NA;NA;NA;0;NA;NA;NA;0;NA;NA;0;NA;0;NA;NA;NA;1;West Ham United;Heurelho Gomes;0;0;NA;NA;NA;0;NA;NA;NA;NA;1;41;0;NA;NA;42
480795;19-11-2017;Attempt missed. Will Hughes (Watford) right footed shot from the centre of the box is too high. Assisted by Kiko Femenía with a cross.;43';Watford;West Ham United;1;0;0;0;0;1;0;missed;Will Hughes;Watford;right;the centre of the box;too high;Kiko Femenía;0;NA;NA;0;cross;0;0;NA;NA;NA;0;NA;NA;NA;0;NA;NA;0;NA;0;NA;NA;NA;0;NA;NA;0;0;NA;NA;NA;0;NA;NA;NA;NA;1;42;0;NA;NA;43
480795;19-11-2017;Christian Kabasele (Watford) wins a free kick in the defensive half.;45';Watford;West Ham United;1;0;0;0;0;0;0;NA;NA;NA;NA;NA;NA;NA;0;NA;NA;0;NA;0;0;NA;NA;NA;0;NA;NA;NA;0;NA;NA;0;NA;1;Christian Kabasele;Watford;defensive half;0;NA;NA;0;0;NA;NA;NA;0;NA;NA;NA;NA;1;43;0;NA;NA;45
480795;19-11-2017;Foul by Andy Carroll (West Ham United).;45';Watford;West Ham United;1;0;0;0;0;0;0;NA;NA;NA;NA;NA;NA;NA;1;Andy Carroll;West Ham United;0;NA;0;0;NA;NA;NA;0;NA;NA;NA;0;NA;NA;0;NA;0;NA;NA;NA;0;NA;NA;0;0;NA;NA;NA;0;NA;NA;NA;NA;1;44;0;NA;NA;45
480795;19-11-2017;Foul by Tom Cleverley (Watford).;45'+2';Watford;West Ham United;1;0;0;0;0;0;0;NA;NA;NA;NA;NA;NA;NA;1;Tom Cleverley;Watford;0;NA;0;0;NA;NA;NA;0;NA;NA;NA;0;NA;NA;0;NA;0;NA;NA;NA;0;NA;NA;0;0;NA;NA;NA;0;NA;NA;NA;NA;1;45;1;NA;NA;47
480795;19-11-2017;Manuel Lanzini (West Ham United) wins a free kick in the attacking half.;45'+2';Watford;West Ham United;1;0;0;0;0;0;0;NA;NA;NA;NA;NA;NA;NA;0;NA;NA;0;NA;0;0;NA;NA;NA;0;NA;NA;NA;0;NA;NA;0;NA;1;Manuel Lanzini;West Ham United;attacking half;0;NA;NA;0;0;NA;NA;NA;0;NA;NA;NA;NA;1;46;1;NA;NA;47
480795;19-11-2017;Attempt saved. Marko Arnautovic (West Ham United) header from the centre of the box is saved in the centre of the goal. Assisted by Pablo Zabaleta with a cross.;45'+3';Watford;West Ham United;1;0;0;0;0;1;0;saved;Marko Arnautovic;West Ham United;header;the centre of the box;the centre of the goal;Pablo Zabaleta;0;NA;NA;0;cross;0;0;NA;NA;NA;0;NA;NA;NA;0;NA;NA;0;NA;0;NA;NA;NA;0;NA;NA;0;0;NA;NA;NA;0;NA;NA;NA;NA;1;47;1;NA;NA;48
480795;19-11-2017;Attempt saved. Marko Arnautovic (West Ham United) right footed shot from very close range is saved in the centre of the goal.;45'+3';Watford;West Ham United;1;0;0;0;0;1;0;saved;Marko Arnautovic;West Ham United;right;right shot very close range;the centre of the goal;NA;0;NA;NA;0;NA;0;0;NA;NA;NA;0;NA;NA;NA;0;NA;NA;0;NA;0;NA;NA;NA;0;NA;NA;0;0;NA;NA;NA;0;NA;NA;NA;NA;1;48;1;NA;NA;48
480795;19-11-2017;Attempt saved. Marko Arnautovic (West Ham United) right footed shot from a difficult angle on the left is saved in the bottom right corner.;45'+3';Watford;West Ham United;1;0;0;0;0;1;0;saved;Marko Arnautovic;West Ham United;right;NA;the bottom right corner;NA;0;NA;NA;0;NA;0;0;NA;NA;NA;0;NA;NA;NA;0;NA;NA;0;NA;0;NA;NA;NA;0;NA;NA;0;0;NA;NA;NA;0;NA;NA;NA;NA;1;49;1;NA;NA;48
480795;19-11-2017;Attempt missed. Richarlison (Watford) right footed shot from the centre of the box is close, but misses to the right. Assisted by Will Hughes.;45'+5';Watford;West Ham United;1;0;0;0;0;1;0;missed;Richarlison;Watford;right;the centre of the box;close, but right;Will Hughes;0;NA;NA;0;NA;0;0;NA;NA;NA;0;NA;NA;NA;0;NA;NA;0;NA;0;NA;NA;NA;0;NA;NA;0;0;NA;NA;NA;0;NA;NA;NA;NA;1;50;1;NA;NA;50
480795;19-11-2017;First Half ends, Watford 1, West Ham United 0.;45'+5';Watford;West Ham United;1;0;1;0;0;0;0;NA;NA;NA;NA;NA;NA;NA;0;NA;NA;0;NA;0;0;NA;NA;NA;0;NA;NA;NA;0;NA;NA;0;NA;0;NA;NA;NA;0;NA;NA;0;0;NA;NA;NA;0;NA;NA;NA;NA;1;51;1;NA;NA;50
480795;19-11-2017;Second Half begins Watford 1, West Ham United 0.;45';Watford;West Ham United;1;0;0;0;1;0;0;NA;NA;NA;NA;NA;NA;NA;0;NA;NA;0;NA;0;0;NA;NA;NA;0;NA;NA;NA;0;NA;NA;0;NA;0;NA;NA;NA;0;NA;NA;0;0;NA;NA;NA;0;NA;NA;NA;NA;2;52;0;NA;NA;45
480795;19-11-2017;Attempt missed. Andre Gray (Watford) right footed shot from the centre of the box misses to the right. Assisted by Kiko Femenía with a cross.;50';Watford;West Ham United;1;0;0;0;0;1;0;missed;Andre Gray;Watford;right;the centre of the box;right;Kiko Femenía;0;NA;NA;0;cross;0;0;NA;NA;NA;0;NA;NA;NA;0;NA;NA;0;NA;0;NA;NA;NA;0;NA;NA;0;0;NA;NA;NA;0;NA;NA;NA;NA;2;53;0;NA;NA;50
480795;19-11-2017;Attempt missed. Cheikhou Kouyaté (West Ham United) right footed shot from the centre of the box is too high. Assisted by Marko Arnautovic.;52';Watford;West Ham United;1;0;0;0;0;1;0;missed;Cheikhou Kouyaté;West Ham United;right;the centre of the box;too high;Marko Arnautovic;0;NA;NA;0;NA;0;0;NA;NA;NA;0;NA;NA;NA;0;NA;NA;0;NA;0;NA;NA;NA;0;NA;NA;0;0;NA;NA;NA;0;NA;NA;NA;NA;2;54;0;NA;NA;52
480795;19-11-2017;Attempt missed. Abdoulaye Doucouré (Watford) right footed shot from outside the box is close, but misses to the left. Assisted by Will Hughes.;54';Watford;West Ham United;1;0;0;0;0;1;0;missed;Abdoulaye Doucouré;Watford;right;outside the box;close, but left;Will Hughes;0;NA;NA;0;NA;0;0;NA;NA;NA;0;NA;NA;NA;0;NA;NA;0;NA;0;NA;NA;NA;0;NA;NA;0;0;NA;NA;NA;0;NA;NA;NA;NA;2;55;0;NA;NA;54
480795;19-11-2017;Attempt saved. Will Hughes (Watford) left footed shot from outside the box is saved in the top centre of the goal. Assisted by Andre Gray.;56';Watford;West Ham United;1;0;0;0;0;1;0;saved;Will Hughes;Watford;left;outside the box;the top centre of the goal;Andre Gray;0;NA;NA;0;NA;0;0;NA;NA;NA;0;NA;NA;NA;0;NA;NA;0;NA;0;NA;NA;NA;0;NA;NA;0;0;NA;NA;NA;0;NA;NA;NA;NA;2;56;0;NA;NA;56
480795;19-11-2017;Attempt blocked. Andre Gray (Watford) right footed shot from the centre of the box is blocked. Assisted by Abdoulaye Doucouré.;59';Watford;West Ham United;1;0;0;0;0;1;0;blocked;Andre Gray;Watford;right;the centre of the box;NA;Abdoulaye Doucouré;0;NA;NA;0;NA;0;0;NA;NA;NA;0;NA;NA;NA;0;NA;NA;0;NA;0;NA;NA;NA;0;NA;NA;0;0;NA;NA;NA;0;NA;NA;NA;NA;2;57;0;NA;NA;59
480795;19-11-2017;Corner,  Watford. Conceded by Winston Reid.;59';Watford;West Ham United;1;0;0;0;0;0;0;NA;NA;NA;NA;NA;NA;NA;0;NA;NA;0;NA;0;0;NA;NA;NA;0;NA;NA;NA;0;NA;NA;0;NA;0;NA;NA;NA;1;Watford;Winston Reid;0;0;NA;NA;NA;0;NA;NA;NA;NA;2;58;0;NA;NA;59
480795;19-11-2017;Attempt saved. Adrian Mariappa (Watford) header from the centre of the box is saved in the centre of the goal. Assisted by Will Hughes with a cross.;60';Watford;West Ham United;1;0;0;0;0;1;0;saved;Adrian Mariappa;Watford;header;the centre of the box;the centre of the goal;Will Hughes;0;NA;NA;0;cross;0;0;NA;NA;NA;0;NA;NA;NA;0;NA;NA;0;NA;0;NA;NA;NA;0;NA;NA;0;0;NA;NA;NA;0;NA;NA;NA;NA;2;59;0;NA;NA;60
480795;19-11-2017;Goal!  Watford 2, West Ham United 0. Richarlison (Watford) left footed shot from the left side of the box to the bottom right corner. Assisted by Will Hughes.;64';Watford;West Ham United;2;0;0;0;0;1;0;goal;Richarlison;Watford;left;the left side of the box;bottom right corner;Will Hughes;0;NA;NA;0;NA;0;0;NA;NA;NA;0;NA;NA;NA;0;NA;NA;0;NA;0;NA;NA;NA;0;NA;NA;0;0;NA;NA;NA;0;NA;NA;NA;NA;2;60;0;NA;NA;64
480795;19-11-2017;Substitution, West Ham United. Diafra Sakho replaces Andy Carroll.;65';Watford;West Ham United;2;0;0;0;0;0;0;NA;NA;NA;NA;NA;NA;NA;0;NA;NA;0;NA;0;0;NA;NA;NA;0;NA;NA;NA;0;NA;NA;0;NA;0;NA;NA;NA;0;NA;NA;1;0;West Ham United;Diafra Sakho;Andy Carroll;0;NA;NA;NA;NA;2;61;0;NA;NA;65
480795;19-11-2017;Foul by Tom Cleverley (Watford).;66';Watford;West Ham United;2;0;0;0;0;0;0;NA;NA;NA;NA;NA;NA;NA;1;Tom Cleverley;Watford;0;NA;0;0;NA;NA;NA;0;NA;NA;NA;0;NA;NA;0;NA;0;NA;NA;NA;0;NA;NA;0;0;NA;NA;NA;0;NA;NA;NA;NA;2;62;0;NA;NA;66
480795;19-11-2017;Pedro Obiang (West Ham United) wins a free kick in the defensive half.;66';Watford;West Ham United;2;0;0;0;0;0;0;NA;NA;NA;NA;NA;NA;NA;0;NA;NA;0;NA;0;0;NA;NA;NA;0;NA;NA;NA;0;NA;NA;0;NA;1;Pedro Obiang;West Ham United;defensive half;0;NA;NA;0;0;NA;NA;NA;0;NA;NA;NA;NA;2;63;0;NA;NA;66
480795;19-11-2017;Attempt missed. Marko Arnautovic (West Ham United) left footed shot from outside the box is high and wide to the left.;66';Watford;West Ham United;2;0;0;0;0;1;0;missed;Marko Arnautovic;West Ham United;left;outside the box;high and wide to the left;NA;0;NA;NA;0;NA;0;0;NA;NA;NA;0;NA;NA;NA;0;NA;NA;0;NA;0;NA;NA;NA;0;NA;NA;0;0;NA;NA;NA;0;NA;NA;NA;NA;2;64;0;NA;NA;66
480795;19-11-2017;Attempt saved. Abdoulaye Doucouré (Watford) left footed shot from outside the box is saved in the centre of the goal. Assisted by Andre Gray.;67';Watford;West Ham United;2;0;0;0;0;1;0;saved;Abdoulaye Doucouré;Watford;left;outside the box;the centre of the goal;Andre Gray;0;NA;NA;0;NA;0;0;NA;NA;NA;0;NA;NA;NA;0;NA;NA;0;NA;0;NA;NA;NA;0;NA;NA;0;0;NA;NA;NA;0;NA;NA;NA;NA;2;65;0;NA;NA;67
480795;19-11-2017;Offside, West Ham United. Joe Hart tries a through ball, but Diafra Sakho is caught offside.;68';Watford;West Ham United;2;0;0;0;0;0;0;NA;NA;NA;NA;NA;NA;NA;0;NA;NA;0;NA;0;1;West Ham United;Diafra Sakho;Joe Hart;0;NA;NA;NA;0;NA;NA;0;NA;0;NA;NA;NA;0;NA;NA;0;0;NA;NA;NA;0;NA;NA;NA;NA;2;66;0;NA;NA;68
480795;19-11-2017;Angelo Ogbonna (West Ham United) wins a free kick in the defensive half.;69';Watford;West Ham United;2;0;0;0;0;0;0;NA;NA;NA;NA;NA;NA;NA;0;NA;NA;0;NA;0;0;NA;NA;NA;0;NA;NA;NA;0;NA;NA;0;NA;1;Angelo Ogbonna;West Ham United;defensive half;0;NA;NA;0;0;NA;NA;NA;0;NA;NA;NA;NA;2;67;0;NA;NA;69
480795;19-11-2017;Foul by Andre Gray (Watford).;69';Watford;West Ham United;2;0;0;0;0;0;0;NA;NA;NA;NA;NA;NA;NA;1;Andre Gray;Watford;0;NA;0;0;NA;NA;NA;0;NA;NA;NA;0;NA;NA;0;NA;0;NA;NA;NA;0;NA;NA;0;0;NA;NA;NA;0;NA;NA;NA;NA;2;68;0;NA;NA;69
480795;19-11-2017;Foul by Marvin Zeegelaar (Watford).;69';Watford;West Ham United;2;0;0;0;0;0;0;NA;NA;NA;NA;NA;NA;NA;1;Marvin Zeegelaar;Watford;0;NA;0;0;NA;NA;NA;0;NA;NA;NA;0;NA;NA;0;NA;0;NA;NA;NA;0;NA;NA;0;0;NA;NA;NA;0;NA;NA;NA;NA;2;69;0;NA;NA;69
480795;19-11-2017;Marko Arnautovic (West Ham United) wins a free kick on the right wing.;69';Watford;West Ham United;2;0;0;0;0;0;0;NA;NA;NA;NA;NA;NA;NA;0;NA;NA;0;NA;0;0;NA;NA;NA;0;NA;NA;NA;0;NA;NA;0;NA;1;Marko Arnautovic;West Ham United;NA;0;NA;NA;0;0;NA;NA;NA;0;NA;NA;NA;NA;2;70;0;NA;NA;69
480795;19-11-2017;Delay in match Marko Arnautovic (West Ham United) because of an injury.;69';Watford;West Ham United;2;0;0;0;0;0;0;NA;NA;NA;NA;NA;NA;NA;0;NA;NA;0;NA;0;0;NA;NA;NA;0;NA;NA;NA;0;NA;NA;1;West Ham United;0;NA;NA;NA;0;NA;NA;0;0;NA;NA;NA;0;NA;NA;NA;NA;2;71;0;NA;NA;69
480795;19-11-2017;Delay over. They are ready to continue.;74';Watford;West Ham United;2;0;0;0;0;0;0;NA;NA;NA;NA;NA;NA;NA;0;NA;NA;0;NA;0;0;NA;NA;NA;0;NA;NA;NA;0;NA;NA;0;NA;0;NA;NA;NA;0;NA;NA;0;0;NA;NA;NA;0;NA;NA;NA;NA;2;72;0;NA;NA;74
480795;19-11-2017;Substitution, West Ham United. Arthur Masuaku replaces Marko Arnautovic because of an injury.;74';Watford;West Ham United;2;0;0;0;0;0;0;NA;NA;NA;NA;NA;NA;NA;0;NA;NA;0;NA;0;0;NA;NA;NA;0;NA;NA;NA;0;NA;NA;0;NA;0;NA;NA;NA;0;NA;NA;1;1;West Ham United;Arthur Masuaku;Marko Arnautovic;0;NA;NA;NA;NA;2;73;0;NA;NA;74
480795;19-11-2017;Attempt blocked. Manuel Lanzini (West Ham United) right footed shot from the centre of the box is blocked. Assisted by Arthur Masuaku with a cross.;74';Watford;West Ham United;2;0;0;0;0;1;0;blocked;Manuel Lanzini;West Ham United;right;the centre of the box;NA;Arthur Masuaku;0;NA;NA;0;cross;0;0;NA;NA;NA;0;NA;NA;NA;0;NA;NA;0;NA;0;NA;NA;NA;0;NA;NA;0;0;NA;NA;NA;0;NA;NA;NA;NA;2;74;0;NA;NA;74
480795;19-11-2017;Foul by Tom Cleverley (Watford).;77';Watford;West Ham United;2;0;0;0;0;0;0;NA;NA;NA;NA;NA;NA;NA;1;Tom Cleverley;Watford;0;NA;0;0;NA;NA;NA;0;NA;NA;NA;0;NA;NA;0;NA;0;NA;NA;NA;0;NA;NA;0;0;NA;NA;NA;0;NA;NA;NA;NA;2;75;0;NA;NA;77
480795;19-11-2017;Pedro Obiang (West Ham United) wins a free kick in the defensive half.;77';Watford;West Ham United;2;0;0;0;0;0;0;NA;NA;NA;NA;NA;NA;NA;0;NA;NA;0;NA;0;0;NA;NA;NA;0;NA;NA;NA;0;NA;NA;0;NA;1;Pedro Obiang;West Ham United;defensive half;0;NA;NA;0;0;NA;NA;NA;0;NA;NA;NA;NA;2;76;0;NA;NA;77
480795;19-11-2017;Abdoulaye Doucouré (Watford) wins a free kick in the defensive half.;78';Watford;West Ham United;2;0;0;0;0;0;0;NA;NA;NA;NA;NA;NA;NA;0;NA;NA;0;NA;0;0;NA;NA;NA;0;NA;NA;NA;0;NA;NA;0;NA;1;Abdoulaye Doucouré;Watford;defensive half;0;NA;NA;0;0;NA;NA;NA;0;NA;NA;NA;NA;2;77;0;NA;NA;78
480795;19-11-2017;Foul by Winston Reid (West Ham United).;78';Watford;West Ham United;2;0;0;0;0;0;0;NA;NA;NA;NA;NA;NA;NA;1;Winston Reid;West Ham United;0;NA;0;0;NA;NA;NA;0;NA;NA;NA;0;NA;NA;0;NA;0;NA;NA;NA;0;NA;NA;0;0;NA;NA;NA;0;NA;NA;NA;NA;2;78;0;NA;NA;78
480795;19-11-2017;Corner,  Watford. Conceded by Aaron Cresswell.;78';Watford;West Ham United;2;0;0;0;0;0;0;NA;NA;NA;NA;NA;NA;NA;0;NA;NA;0;NA;0;0;NA;NA;NA;0;NA;NA;NA;0;NA;NA;0;NA;0;NA;NA;NA;1;Watford;Aaron Cresswell;0;0;NA;NA;NA;0;NA;NA;NA;NA;2;79;0;NA;NA;78
480795;19-11-2017;Corner,  Watford. Conceded by Mark Noble.;79';Watford;West Ham United;2;0;0;0;0;0;0;NA;NA;NA;NA;NA;NA;NA;0;NA;NA;0;NA;0;0;NA;NA;NA;0;NA;NA;NA;0;NA;NA;0;NA;0;NA;NA;NA;1;Watford;Mark Noble;0;0;NA;NA;NA;0;NA;NA;NA;NA;2;80;0;NA;NA;79
480795;19-11-2017;Attempt saved. Tom Cleverley (Watford) right footed shot from outside the box is saved in the bottom right corner.;79';Watford;West Ham United;2;0;0;0;0;1;0;saved;Tom Cleverley;Watford;right;outside the box;the bottom right corner;NA;0;NA;NA;0;NA;0;0;NA;NA;NA;0;NA;NA;NA;0;NA;NA;0;NA;0;NA;NA;NA;0;NA;NA;0;0;NA;NA;NA;0;NA;NA;NA;NA;2;81;0;NA;NA;79
480795;19-11-2017;Foul by Abdoulaye Doucouré (Watford).;82';Watford;West Ham United;2;0;0;0;0;0;0;NA;NA;NA;NA;NA;NA;NA;1;Abdoulaye Doucouré;Watford;0;NA;0;0;NA;NA;NA;0;NA;NA;NA;0;NA;NA;0;NA;0;NA;NA;NA;0;NA;NA;0;0;NA;NA;NA;0;NA;NA;NA;NA;2;82;0;NA;NA;82
480795;19-11-2017;Manuel Lanzini (West Ham United) wins a free kick in the defensive half.;82';Watford;West Ham United;2;0;0;0;0;0;0;NA;NA;NA;NA;NA;NA;NA;0;NA;NA;0;NA;0;0;NA;NA;NA;0;NA;NA;NA;0;NA;NA;0;NA;1;Manuel Lanzini;West Ham United;defensive half;0;NA;NA;0;0;NA;NA;NA;0;NA;NA;NA;NA;2;83;0;NA;NA;82
480795;19-11-2017;Foul by Mark Noble (West Ham United).;83';Watford;West Ham United;2;0;0;0;0;0;0;NA;NA;NA;NA;NA;NA;NA;1;Mark Noble;West Ham United;0;NA;0;0;NA;NA;NA;0;NA;NA;NA;0;NA;NA;0;NA;0;NA;NA;NA;0;NA;NA;0;0;NA;NA;NA;0;NA;NA;NA;NA;2;84;0;NA;NA;83
480795;19-11-2017;Richarlison (Watford) wins a free kick in the attacking half.;83';Watford;West Ham United;2;0;0;0;0;0;0;NA;NA;NA;NA;NA;NA;NA;0;NA;NA;0;NA;0;0;NA;NA;NA;0;NA;NA;NA;0;NA;NA;0;NA;1;Richarlison;Watford;attacking half;0;NA;NA;0;0;NA;NA;NA;0;NA;NA;NA;NA;2;85;0;NA;NA;83
480795;19-11-2017;Mark Noble (West Ham United) is shown the yellow card for a bad foul.;83';Watford;West Ham United;2;0;0;0;0;0;0;NA;NA;NA;NA;NA;NA;NA;0;NA;NA;0;NA;0;0;NA;NA;NA;1;yellow;Mark Noble;West Ham United;0;NA;NA;0;NA;0;NA;NA;NA;0;NA;NA;0;0;NA;NA;NA;0;NA;NA;NA;NA;2;86;0;NA;NA;83
480795;19-11-2017;Substitution, Watford. Roberto Pereyra replaces Will Hughes.;84';Watford;West Ham United;2;0;0;0;0;0;0;NA;NA;NA;NA;NA;NA;NA;0;NA;NA;0;NA;0;0;NA;NA;NA;0;NA;NA;NA;0;NA;NA;0;NA;0;NA;NA;NA;0;NA;NA;1;0;Watford;Roberto Pereyra;Will Hughes;0;NA;NA;NA;NA;2;87;0;NA;NA;84
480795;19-11-2017;Delay in match Kiko Femenía (Watford) because of an injury.;85';Watford;West Ham United;2;0;0;0;0;0;0;NA;NA;NA;NA;NA;NA;NA;0;NA;NA;0;NA;0;0;NA;NA;NA;0;NA;NA;NA;0;NA;NA;1;Watford;0;NA;NA;NA;0;NA;NA;0;0;NA;NA;NA;0;NA;NA;NA;NA;2;88;0;NA;NA;85
480795;19-11-2017;Delay over. They are ready to continue.;86';Watford;West Ham United;2;0;0;0;0;0;0;NA;NA;NA;NA;NA;NA;NA;0;NA;NA;0;NA;0;0;NA;NA;NA;0;NA;NA;NA;0;NA;NA;0;NA;0;NA;NA;NA;0;NA;NA;0;0;NA;NA;NA;0;NA;NA;NA;NA;2;89;0;NA;NA;86
480795;19-11-2017;Substitution, Watford. José Holebas replaces Kiko Femenía because of an injury.;86';Watford;West Ham United;2;0;0;0;0;0;0;NA;NA;NA;NA;NA;NA;NA;0;NA;NA;0;NA;0;0;NA;NA;NA;0;NA;NA;NA;0;NA;NA;0;NA;0;NA;NA;NA;0;NA;NA;1;1;Watford;José Holebas;Kiko Femenía;0;NA;NA;NA;NA;2;90;0;NA;NA;86
480795;19-11-2017;Foul by Marvin Zeegelaar (Watford).;90'+3';Watford;West Ham United;2;0;0;0;0;0;0;NA;NA;NA;NA;NA;NA;NA;1;Marvin Zeegelaar;Watford;0;NA;0;0;NA;NA;NA;0;NA;NA;NA;0;NA;NA;0;NA;0;NA;NA;NA;0;NA;NA;0;0;NA;NA;NA;0;NA;NA;NA;NA;2;91;1;NA;NA;93
480795;19-11-2017;Manuel Lanzini (West Ham United) wins a free kick on the right wing.;90'+3';Watford;West Ham United;2;0;0;0;0;0;0;NA;NA;NA;NA;NA;NA;NA;0;NA;NA;0;NA;0;0;NA;NA;NA;0;NA;NA;NA;0;NA;NA;0;NA;1;Manuel Lanzini;West Ham United;NA;0;NA;NA;0;0;NA;NA;NA;0;NA;NA;NA;NA;2;92;1;NA;NA;93
480795;19-11-2017;Attempt missed. Winston Reid (West Ham United) header from the centre of the box misses to the left. Assisted by Manuel Lanzini with a cross following a set piece situation.;90'+4';Watford;West Ham United;2;0;0;0;0;1;0;missed;Winston Reid;West Ham United;header;the centre of the box;left;Manuel Lanzini;0;NA;NA;1;cross;0;0;NA;NA;NA;0;NA;NA;NA;0;NA;NA;0;NA;0;NA;NA;NA;0;NA;NA;0;0;NA;NA;NA;0;NA;NA;NA;NA;2;93;1;NA;NA;94
480795;19-11-2017;Arthur Masuaku (West Ham United) wins a free kick on the left wing.;90'+5';Watford;West Ham United;2;0;0;0;0;0;0;NA;NA;NA;NA;NA;NA;NA;0;NA;NA;0;NA;0;0;NA;NA;NA;0;NA;NA;NA;0;NA;NA;0;NA;1;Arthur Masuaku;West Ham United;NA;0;NA;NA;0;0;NA;NA;NA;0;NA;NA;NA;NA;2;94;1;NA;NA;95
480795;19-11-2017;Foul by Adrian Mariappa (Watford).;90'+5';Watford;West Ham United;2;0;0;0;0;0;0;NA;NA;NA;NA;NA;NA;NA;1;Adrian Mariappa;Watford;0;NA;0;0;NA;NA;NA;0;NA;NA;NA;0;NA;NA;0;NA;0;NA;NA;NA;0;NA;NA;0;0;NA;NA;NA;0;NA;NA;NA;NA;2;95;1;NA;NA;95
480795;19-11-2017;Attempt missed. Richarlison (Watford) right footed shot from the left side of the box is close, but misses to the right. Assisted by Marvin Zeegelaar.;90'+6';Watford;West Ham United;2;0;0;0;0;1;0;missed;Richarlison;Watford;right;the left side of the box;close, but right;Marvin Zeegelaar;0;NA;NA;0;NA;0;0;NA;NA;NA;0;NA;NA;NA;0;NA;NA;0;NA;0;NA;NA;NA;0;NA;NA;0;0;NA;NA;NA;0;NA;NA;NA;NA;2;96;1;NA;NA;96
480795;19-11-2017;Substitution, Watford. André Carrillo replaces Andre Gray.;90'+7';Watford;West Ham United;2;0;0;0;0;0;0;NA;NA;NA;NA;NA;NA;NA;0;NA;NA;0;NA;0;0;NA;NA;NA;0;NA;NA;NA;0;NA;NA;0;NA;0;NA;NA;NA;0;NA;NA;1;0;Watford;André Carrillo;Andre Gray;0;NA;NA;NA;NA;2;97;1;NA;NA;97
480795;19-11-2017;Foul by Mark Noble (West Ham United).;90'+7';Watford;West Ham United;2;0;0;0;0;0;0;NA;NA;NA;NA;NA;NA;NA;1;Mark Noble;West Ham United;0;NA;0;0;NA;NA;NA;0;NA;NA;NA;0;NA;NA;0;NA;0;NA;NA;NA;0;NA;NA;0;0;NA;NA;NA;0;NA;NA;NA;NA;2;98;1;NA;NA;97
480795;19-11-2017;Richarlison (Watford) wins a free kick in the defensive half.;90'+7';Watford;West Ham United;2;0;0;0;0;0;0;NA;NA;NA;NA;NA;NA;NA;0;NA;NA;0;NA;0;0;NA;NA;NA;0;NA;NA;NA;0;NA;NA;0;NA;1;Richarlison;Watford;defensive half;0;NA;NA;0;0;NA;NA;NA;0;NA;NA;NA;NA;2;99;1;NA;NA;97
480795;19-11-2017;Second Half ends, Watford 2, West Ham United 0.;90'+9';Watford;West Ham United;2;0;1;0;0;0;0;NA;NA;NA;NA;NA;NA;NA;0;NA;NA;0;NA;0;0;NA;NA;NA;0;NA;NA;NA;0;NA;NA;0;NA;0;NA;NA;NA;0;NA;NA;0;0;NA;NA;NA;0;NA;NA;NA;NA;2;100;1;NA;NA;99
480795;19-11-2017;Match ends, Watford 2, West Ham United 0.;90'+9';Watford;West Ham United;2;0;0;1;0;0;0;NA;NA;NA;NA;NA;NA;NA;0;NA;NA;0;NA;0;0;NA;NA;NA;0;NA;NA;NA;0;NA;NA;0;NA;0;NA;NA;NA;0;NA;NA;0;0;NA;NA;NA;0;NA;NA;NA;NA;2;101;1;NA;NA;99
