480643;11-02-2018;First Half begins.;-;Newcastle United;Manchester United;0;0;0;0;1;0;0;NA;NA;NA;NA;NA;NA;NA;0;NA;NA;0;NA;0;0;NA;NA;NA;0;NA;NA;NA;0;NA;NA;0;NA;0;NA;NA;NA;0;NA;NA;0;0;NA;NA;NA;0;NA;NA;NA;NA;1;1;0;NA;NA;NA
480643;11-02-2018;Lineups are announced and players are warming up.;-;Newcastle United;Manchester United;0;0;0;0;0;0;0;NA;NA;NA;NA;NA;NA;NA;0;NA;NA;0;NA;0;0;NA;NA;NA;0;NA;NA;NA;0;NA;NA;0;NA;0;NA;NA;NA;0;NA;NA;0;0;NA;NA;NA;0;NA;NA;NA;NA;1;2;0;NA;NA;NA
480643;11-02-2018;Delay in match Anthony Martial (Manchester United) because of an injury.;2';Newcastle United;Manchester United;0;0;0;0;0;0;0;NA;NA;NA;NA;NA;NA;NA;0;NA;NA;0;NA;0;0;NA;NA;NA;0;NA;NA;NA;0;NA;NA;1;Manchester United;0;NA;NA;NA;0;NA;NA;0;0;NA;NA;NA;0;NA;NA;NA;NA;1;3;0;NA;NA;2
480643;11-02-2018;Delay over. They are ready to continue.;3';Newcastle United;Manchester United;0;0;0;0;0;0;0;NA;NA;NA;NA;NA;NA;NA;0;NA;NA;0;NA;0;0;NA;NA;NA;0;NA;NA;NA;0;NA;NA;0;NA;0;NA;NA;NA;0;NA;NA;0;0;NA;NA;NA;0;NA;NA;NA;NA;1;4;0;NA;NA;3
480643;11-02-2018;Hand ball by Chris Smalling (Manchester United).;4';Newcastle United;Manchester United;0;0;0;0;0;0;0;NA;NA;NA;NA;NA;NA;NA;0;NA;NA;0;NA;0;0;NA;NA;NA;0;NA;NA;NA;0;NA;NA;0;NA;0;NA;NA;NA;0;NA;NA;0;0;NA;NA;NA;0;NA;NA;NA;NA;1;5;0;NA;NA;4
480643;11-02-2018;Attempt missed. Dwight Gayle (Newcastle United) right footed shot from outside the box misses to the left from a direct free kick.;5';Newcastle United;Manchester United;0;0;0;0;0;1;0;missed;Dwight Gayle;Newcastle United;right;outside the box;left;NA;0;NA;NA;0;NA;0;0;NA;NA;NA;0;NA;NA;NA;0;NA;NA;0;NA;0;NA;NA;NA;0;NA;NA;0;0;NA;NA;NA;0;NA;NA;NA;NA;1;6;0;NA;NA;5
480643;11-02-2018;Attempt saved. Jonjo Shelvey (Newcastle United) right footed shot from the centre of the box is saved in the top left corner.;5';Newcastle United;Manchester United;0;0;0;0;0;1;0;saved;Jonjo Shelvey;Newcastle United;right;the centre of the box;the top left corner;NA;0;NA;NA;0;NA;0;0;NA;NA;NA;0;NA;NA;NA;0;NA;NA;0;NA;0;NA;NA;NA;0;NA;NA;0;0;NA;NA;NA;0;NA;NA;NA;NA;1;7;0;NA;NA;5
480643;11-02-2018;Attempt missed. DeAndre Yedlin (Newcastle United) right footed shot from outside the box misses to the right following a set piece situation.;5';Newcastle United;Manchester United;0;0;0;0;0;1;0;missed;DeAndre Yedlin;Newcastle United;right;outside the box;right;NA;0;NA;NA;1;NA;0;0;NA;NA;NA;0;NA;NA;NA;0;NA;NA;0;NA;0;NA;NA;NA;0;NA;NA;0;0;NA;NA;NA;0;NA;NA;NA;NA;1;8;0;NA;NA;5
480643;11-02-2018;Attempt missed. Ayoze PÃ©rez (Newcastle United) right footed shot from outside the box misses to the left. Assisted by Mohamed DiamÃ©.;7';Newcastle United;Manchester United;0;0;0;0;0;1;0;missed;Ayoze PÃ©rez;Newcastle United;right;outside the box;left;Mohamed DiamÃ©;0;NA;NA;0;NA;0;0;NA;NA;NA;0;NA;NA;NA;0;NA;NA;0;NA;0;NA;NA;NA;0;NA;NA;0;0;NA;NA;NA;0;NA;NA;NA;NA;1;9;0;NA;NA;7
480643;11-02-2018;Foul by Paul Pogba (Manchester United).;9';Newcastle United;Manchester United;0;0;0;0;0;0;0;NA;NA;NA;NA;NA;NA;NA;1;Paul Pogba;Manchester United;0;NA;0;0;NA;NA;NA;0;NA;NA;NA;0;NA;NA;0;NA;0;NA;NA;NA;0;NA;NA;0;0;NA;NA;NA;0;NA;NA;NA;NA;1;10;0;NA;NA;9
480643;11-02-2018;Jonjo Shelvey (Newcastle United) wins a free kick in the defensive half.;9';Newcastle United;Manchester United;0;0;0;0;0;0;0;NA;NA;NA;NA;NA;NA;NA;0;NA;NA;0;NA;0;0;NA;NA;NA;0;NA;NA;NA;0;NA;NA;0;NA;1;Jonjo Shelvey;Newcastle United;defensive half;0;NA;NA;0;0;NA;NA;NA;0;NA;NA;NA;NA;1;11;0;NA;NA;9
480643;11-02-2018;Attempt missed. Kenedy (Newcastle United) left footed shot from the left side of the box misses to the right. Assisted by Mohamed DiamÃ©.;11';Newcastle United;Manchester United;0;0;0;0;0;1;0;missed;Kenedy;Newcastle United;left;the left side of the box;right;Mohamed DiamÃ©;0;NA;NA;0;NA;0;0;NA;NA;NA;0;NA;NA;NA;0;NA;NA;0;NA;0;NA;NA;NA;0;NA;NA;0;0;NA;NA;NA;0;NA;NA;NA;NA;1;12;0;NA;NA;11
480643;11-02-2018;Alexis SÃ¡nchez (Manchester United) wins a free kick in the defensive half.;12';Newcastle United;Manchester United;0;0;0;0;0;0;0;NA;NA;NA;NA;NA;NA;NA;0;NA;NA;0;NA;0;0;NA;NA;NA;0;NA;NA;NA;0;NA;NA;0;NA;1;Alexis SÃ¡nchez;Manchester United;defensive half;0;NA;NA;0;0;NA;NA;NA;0;NA;NA;NA;NA;1;13;0;NA;NA;12
480643;11-02-2018;Foul by Jonjo Shelvey (Newcastle United).;12';Newcastle United;Manchester United;0;0;0;0;0;0;0;NA;NA;NA;NA;NA;NA;NA;1;Jonjo Shelvey;Newcastle United;0;NA;0;0;NA;NA;NA;0;NA;NA;NA;0;NA;NA;0;NA;0;NA;NA;NA;0;NA;NA;0;0;NA;NA;NA;0;NA;NA;NA;NA;1;14;0;NA;NA;12
480643;11-02-2018;Foul by Mohamed DiamÃ© (Newcastle United).;14';Newcastle United;Manchester United;0;0;0;0;0;0;0;NA;NA;NA;NA;NA;NA;NA;1;Mohamed DiamÃ©;Newcastle United;0;NA;0;0;NA;NA;NA;0;NA;NA;NA;0;NA;NA;0;NA;0;NA;NA;NA;0;NA;NA;0;0;NA;NA;NA;0;NA;NA;NA;NA;1;15;0;NA;NA;14
480643;11-02-2018;Nemanja Matic (Manchester United) wins a free kick in the defensive half.;14';Newcastle United;Manchester United;0;0;0;0;0;0;0;NA;NA;NA;NA;NA;NA;NA;0;NA;NA;0;NA;0;0;NA;NA;NA;0;NA;NA;NA;0;NA;NA;0;NA;1;Nemanja Matic;Manchester United;defensive half;0;NA;NA;0;0;NA;NA;NA;0;NA;NA;NA;NA;1;16;0;NA;NA;14
480643;11-02-2018;Attempt missed. Romelu Lukaku (Manchester United) left footed shot from the centre of the box misses to the right.;17';Newcastle United;Manchester United;0;0;0;0;0;1;0;missed;Romelu Lukaku;Manchester United;left;the centre of the box;right;NA;0;NA;NA;0;NA;0;0;NA;NA;NA;0;NA;NA;NA;0;NA;NA;0;NA;0;NA;NA;NA;0;NA;NA;0;0;NA;NA;NA;0;NA;NA;NA;NA;1;17;0;NA;NA;17
480643;11-02-2018;Foul by Ashley Young (Manchester United).;18';Newcastle United;Manchester United;0;0;0;0;0;0;0;NA;NA;NA;NA;NA;NA;NA;1;Ashley Young;Manchester United;0;NA;0;0;NA;NA;NA;0;NA;NA;NA;0;NA;NA;0;NA;0;NA;NA;NA;0;NA;NA;0;0;NA;NA;NA;0;NA;NA;NA;NA;1;18;0;NA;NA;18
480643;11-02-2018;Matt Ritchie (Newcastle United) wins a free kick in the defensive half.;18';Newcastle United;Manchester United;0;0;0;0;0;0;0;NA;NA;NA;NA;NA;NA;NA;0;NA;NA;0;NA;0;0;NA;NA;NA;0;NA;NA;NA;0;NA;NA;0;NA;1;Matt Ritchie;Newcastle United;defensive half;0;NA;NA;0;0;NA;NA;NA;0;NA;NA;NA;NA;1;19;0;NA;NA;18
480643;11-02-2018;Offside, Manchester United. Alexis SÃ¡nchez tries a through ball, but Romelu Lukaku is caught offside.;20';Newcastle United;Manchester United;0;0;0;0;0;0;0;NA;NA;NA;NA;NA;NA;NA;0;NA;NA;0;NA;0;1;Manchester United;Romelu Lukaku;Alexis SÃ¡nchez;0;NA;NA;NA;0;NA;NA;0;NA;0;NA;NA;NA;0;NA;NA;0;0;NA;NA;NA;0;NA;NA;NA;NA;1;20;0;NA;NA;20
480643;11-02-2018;Attempt missed. Matt Ritchie (Newcastle United) left footed shot from outside the box is high and wide to the left. Assisted by Jonjo Shelvey.;29';Newcastle United;Manchester United;0;0;0;0;0;1;0;missed;Matt Ritchie;Newcastle United;left;outside the box;high and wide to the left;Jonjo Shelvey;0;NA;NA;0;NA;0;0;NA;NA;NA;0;NA;NA;NA;0;NA;NA;0;NA;0;NA;NA;NA;0;NA;NA;0;0;NA;NA;NA;0;NA;NA;NA;NA;1;21;0;NA;NA;29
480643;11-02-2018;Attempt saved. Kenedy (Newcastle United) left footed shot from outside the box is saved in the top centre of the goal. Assisted by Mohamed DiamÃ©.;30';Newcastle United;Manchester United;0;0;0;0;0;1;0;saved;Kenedy;Newcastle United;left;outside the box;the top centre of the goal;Mohamed DiamÃ©;0;NA;NA;0;NA;0;0;NA;NA;NA;0;NA;NA;NA;0;NA;NA;0;NA;0;NA;NA;NA;0;NA;NA;0;0;NA;NA;NA;0;NA;NA;NA;NA;1;22;0;NA;NA;30
480643;11-02-2018;Attempt blocked. Jonjo Shelvey (Newcastle United) left footed shot from outside the box is blocked. Assisted by Matt Ritchie.;30';Newcastle United;Manchester United;0;0;0;0;0;1;0;blocked;Jonjo Shelvey;Newcastle United;left;outside the box;NA;Matt Ritchie;0;NA;NA;0;NA;0;0;NA;NA;NA;0;NA;NA;NA;0;NA;NA;0;NA;0;NA;NA;NA;0;NA;NA;0;0;NA;NA;NA;0;NA;NA;NA;NA;1;23;0;NA;NA;30
480643;11-02-2018;Attempt blocked. Jesse Lingard (Manchester United) left footed shot from the left side of the box is blocked. Assisted by Alexis SÃ¡nchez.;32';Newcastle United;Manchester United;0;0;0;0;0;1;0;blocked;Jesse Lingard;Manchester United;left;the left side of the box;NA;Alexis SÃ¡nchez;0;NA;NA;0;NA;0;0;NA;NA;NA;0;NA;NA;NA;0;NA;NA;0;NA;0;NA;NA;NA;0;NA;NA;0;0;NA;NA;NA;0;NA;NA;NA;NA;1;24;0;NA;NA;32
480643;11-02-2018;Corner,  Manchester United. Conceded by Martin Dubravka.;32';Newcastle United;Manchester United;0;0;0;0;0;0;0;NA;NA;NA;NA;NA;NA;NA;0;NA;NA;0;NA;0;0;NA;NA;NA;0;NA;NA;NA;0;NA;NA;0;NA;0;NA;NA;NA;1;Manchester United;Martin Dubravka;0;0;NA;NA;NA;0;NA;NA;NA;NA;1;25;0;NA;NA;32
480643;11-02-2018;Foul by Anthony Martial (Manchester United).;33';Newcastle United;Manchester United;0;0;0;0;0;0;0;NA;NA;NA;NA;NA;NA;NA;1;Anthony Martial;Manchester United;0;NA;0;0;NA;NA;NA;0;NA;NA;NA;0;NA;NA;0;NA;0;NA;NA;NA;0;NA;NA;0;0;NA;NA;NA;0;NA;NA;NA;NA;1;26;0;NA;NA;33
480643;11-02-2018;Kenedy (Newcastle United) wins a free kick in the defensive half.;33';Newcastle United;Manchester United;0;0;0;0;0;0;0;NA;NA;NA;NA;NA;NA;NA;0;NA;NA;0;NA;0;0;NA;NA;NA;0;NA;NA;NA;0;NA;NA;0;NA;1;Kenedy;Newcastle United;defensive half;0;NA;NA;0;0;NA;NA;NA;0;NA;NA;NA;NA;1;27;0;NA;NA;33
480643;11-02-2018;Attempt saved. Anthony Martial (Manchester United) right footed shot from the centre of the box is saved in the centre of the goal. Assisted by Nemanja Matic with a through ball.;35';Newcastle United;Manchester United;0;0;0;0;0;1;0;saved;Anthony Martial;Manchester United;right;the centre of the box;the centre of the goal;Nemanja Matic;0;NA;NA;0;through;0;0;NA;NA;NA;0;NA;NA;NA;0;NA;NA;0;NA;0;NA;NA;NA;0;NA;NA;0;0;NA;NA;NA;0;NA;NA;NA;NA;1;28;0;NA;NA;35
480643;11-02-2018;Corner,  Manchester United. Conceded by Martin Dubravka.;36';Newcastle United;Manchester United;0;0;0;0;0;0;0;NA;NA;NA;NA;NA;NA;NA;0;NA;NA;0;NA;0;0;NA;NA;NA;0;NA;NA;NA;0;NA;NA;0;NA;0;NA;NA;NA;1;Manchester United;Martin Dubravka;0;0;NA;NA;NA;0;NA;NA;NA;NA;1;29;0;NA;NA;36
480643;11-02-2018;Hand ball by Alexis SÃ¡nchez (Manchester United).;37';Newcastle United;Manchester United;0;0;0;0;0;0;0;NA;NA;NA;NA;NA;NA;NA;0;NA;NA;0;NA;0;0;NA;NA;NA;0;NA;NA;NA;0;NA;NA;0;NA;0;NA;NA;NA;0;NA;NA;0;0;NA;NA;NA;0;NA;NA;NA;NA;1;30;0;NA;NA;37
480643;11-02-2018;Attempt missed. Anthony Martial (Manchester United) header from the centre of the box is close, but misses to the right. Assisted by Romelu Lukaku with a cross.;38';Newcastle United;Manchester United;0;0;0;0;0;1;0;missed;Anthony Martial;Manchester United;header;the centre of the box;close, but right;Romelu Lukaku;0;NA;NA;0;cross;0;0;NA;NA;NA;0;NA;NA;NA;0;NA;NA;0;NA;0;NA;NA;NA;0;NA;NA;0;0;NA;NA;NA;0;NA;NA;NA;NA;1;31;0;NA;NA;38
480643;11-02-2018;Foul by Matt Ritchie (Newcastle United).;39';Newcastle United;Manchester United;0;0;0;0;0;0;0;NA;NA;NA;NA;NA;NA;NA;1;Matt Ritchie;Newcastle United;0;NA;0;0;NA;NA;NA;0;NA;NA;NA;0;NA;NA;0;NA;0;NA;NA;NA;0;NA;NA;0;0;NA;NA;NA;0;NA;NA;NA;NA;1;32;0;NA;NA;39
480643;11-02-2018;Paul Pogba (Manchester United) wins a free kick in the defensive half.;39';Newcastle United;Manchester United;0;0;0;0;0;0;0;NA;NA;NA;NA;NA;NA;NA;0;NA;NA;0;NA;0;0;NA;NA;NA;0;NA;NA;NA;0;NA;NA;0;NA;1;Paul Pogba;Manchester United;defensive half;0;NA;NA;0;0;NA;NA;NA;0;NA;NA;NA;NA;1;33;0;NA;NA;39
480643;11-02-2018;Foul by Paul Pogba (Manchester United).;40';Newcastle United;Manchester United;0;0;0;0;0;0;0;NA;NA;NA;NA;NA;NA;NA;1;Paul Pogba;Manchester United;0;NA;0;0;NA;NA;NA;0;NA;NA;NA;0;NA;NA;0;NA;0;NA;NA;NA;0;NA;NA;0;0;NA;NA;NA;0;NA;NA;NA;NA;1;34;0;NA;NA;40
480643;11-02-2018;Paul Dummett (Newcastle United) wins a free kick in the defensive half.;40';Newcastle United;Manchester United;0;0;0;0;0;0;0;NA;NA;NA;NA;NA;NA;NA;0;NA;NA;0;NA;0;0;NA;NA;NA;0;NA;NA;NA;0;NA;NA;0;NA;1;Paul Dummett;Newcastle United;defensive half;0;NA;NA;0;0;NA;NA;NA;0;NA;NA;NA;NA;1;35;0;NA;NA;40
480643;11-02-2018;Foul by Ayoze PÃ©rez (Newcastle United).;41';Newcastle United;Manchester United;0;0;0;0;0;0;0;NA;NA;NA;NA;NA;NA;NA;1;Ayoze PÃ©rez;Newcastle United;0;NA;0;0;NA;NA;NA;0;NA;NA;NA;0;NA;NA;0;NA;0;NA;NA;NA;0;NA;NA;0;0;NA;NA;NA;0;NA;NA;NA;NA;1;36;0;NA;NA;41
480643;11-02-2018;Jesse Lingard (Manchester United) wins a free kick in the defensive half.;41';Newcastle United;Manchester United;0;0;0;0;0;0;0;NA;NA;NA;NA;NA;NA;NA;0;NA;NA;0;NA;0;0;NA;NA;NA;0;NA;NA;NA;0;NA;NA;0;NA;1;Jesse Lingard;Manchester United;defensive half;0;NA;NA;0;0;NA;NA;NA;0;NA;NA;NA;NA;1;37;0;NA;NA;41
480643;11-02-2018;Ayoze PÃ©rez (Newcastle United) wins a free kick on the left wing.;41';Newcastle United;Manchester United;0;0;0;0;0;0;0;NA;NA;NA;NA;NA;NA;NA;0;NA;NA;0;NA;0;0;NA;NA;NA;0;NA;NA;NA;0;NA;NA;0;NA;1;Ayoze PÃ©rez;Newcastle United;NA;0;NA;NA;0;0;NA;NA;NA;0;NA;NA;NA;NA;1;38;0;NA;NA;41
480643;11-02-2018;Foul by Antonio Valencia (Manchester United).;41';Newcastle United;Manchester United;0;0;0;0;0;0;0;NA;NA;NA;NA;NA;NA;NA;1;Antonio Valencia;Manchester United;0;NA;0;0;NA;NA;NA;0;NA;NA;NA;0;NA;NA;0;NA;0;NA;NA;NA;0;NA;NA;0;0;NA;NA;NA;0;NA;NA;NA;NA;1;39;0;NA;NA;41
480643;11-02-2018;Foul by DeAndre Yedlin (Newcastle United).;42';Newcastle United;Manchester United;0;0;0;0;0;0;0;NA;NA;NA;NA;NA;NA;NA;1;DeAndre Yedlin;Newcastle United;0;NA;0;0;NA;NA;NA;0;NA;NA;NA;0;NA;NA;0;NA;0;NA;NA;NA;0;NA;NA;0;0;NA;NA;NA;0;NA;NA;NA;NA;1;40;0;NA;NA;42
480643;11-02-2018;Jesse Lingard (Manchester United) wins a free kick on the left wing.;42';Newcastle United;Manchester United;0;0;0;0;0;0;0;NA;NA;NA;NA;NA;NA;NA;0;NA;NA;0;NA;0;0;NA;NA;NA;0;NA;NA;NA;0;NA;NA;0;NA;1;Jesse Lingard;Manchester United;NA;0;NA;NA;0;0;NA;NA;NA;0;NA;NA;NA;NA;1;41;0;NA;NA;42
480643;11-02-2018;DeAndre Yedlin (Newcastle United) wins a free kick in the defensive half.;45'+1';Newcastle United;Manchester United;0;0;0;0;0;0;0;NA;NA;NA;NA;NA;NA;NA;0;NA;NA;0;NA;0;0;NA;NA;NA;0;NA;NA;NA;0;NA;NA;0;NA;1;DeAndre Yedlin;Newcastle United;defensive half;0;NA;NA;0;0;NA;NA;NA;0;NA;NA;NA;NA;1;42;1;NA;NA;46
480643;11-02-2018;Foul by Alexis SÃ¡nchez (Manchester United).;45'+1';Newcastle United;Manchester United;0;0;0;0;0;0;0;NA;NA;NA;NA;NA;NA;NA;1;Alexis SÃ¡nchez;Manchester United;0;NA;0;0;NA;NA;NA;0;NA;NA;NA;0;NA;NA;0;NA;0;NA;NA;NA;0;NA;NA;0;0;NA;NA;NA;0;NA;NA;NA;NA;1;43;1;NA;NA;46
480643;11-02-2018;Attempt blocked. Romelu Lukaku (Manchester United) left footed shot from the centre of the box is blocked. Assisted by Alexis SÃ¡nchez with a headed pass.;45'+1';Newcastle United;Manchester United;0;0;0;0;0;1;0;blocked;Romelu Lukaku;Manchester United;left;the centre of the box;NA;Alexis SÃ¡nchez;0;NA;NA;0;NA;0;0;NA;NA;NA;0;NA;NA;NA;0;NA;NA;0;NA;0;NA;NA;NA;0;NA;NA;0;0;NA;NA;NA;0;NA;NA;NA;NA;1;44;1;NA;NA;46
480643;11-02-2018;Corner,  Manchester United. Conceded by Jamaal Lascelles.;45'+1';Newcastle United;Manchester United;0;0;0;0;0;0;0;NA;NA;NA;NA;NA;NA;NA;0;NA;NA;0;NA;0;0;NA;NA;NA;0;NA;NA;NA;0;NA;NA;0;NA;0;NA;NA;NA;1;Manchester United;Jamaal Lascelles;0;0;NA;NA;NA;0;NA;NA;NA;NA;1;45;1;NA;NA;46
480643;11-02-2018;First Half ends, Newcastle United 0, Manchester United 0.;45'+2';Newcastle United;Manchester United;0;0;1;0;0;0;0;NA;NA;NA;NA;NA;NA;NA;0;NA;NA;0;NA;0;0;NA;NA;NA;0;NA;NA;NA;0;NA;NA;0;NA;0;NA;NA;NA;0;NA;NA;0;0;NA;NA;NA;0;NA;NA;NA;NA;1;46;1;NA;NA;47
480643;11-02-2018;Second Half begins Newcastle United 0, Manchester United 0.;45';Newcastle United;Manchester United;0;0;0;0;1;0;0;NA;NA;NA;NA;NA;NA;NA;0;NA;NA;0;NA;0;0;NA;NA;NA;0;NA;NA;NA;0;NA;NA;0;NA;0;NA;NA;NA;0;NA;NA;0;0;NA;NA;NA;0;NA;NA;NA;NA;2;47;0;NA;NA;45
480643;11-02-2018;Offside, Newcastle United. Jonjo Shelvey tries a through ball, but Matt Ritchie is caught offside.;48';Newcastle United;Manchester United;0;0;0;0;0;0;0;NA;NA;NA;NA;NA;NA;NA;0;NA;NA;0;NA;0;1;Newcastle United;Matt Ritchie;Jonjo Shelvey;0;NA;NA;NA;0;NA;NA;0;NA;0;NA;NA;NA;0;NA;NA;0;0;NA;NA;NA;0;NA;NA;NA;NA;2;48;0;NA;NA;48
480643;11-02-2018;Foul by Jesse Lingard (Manchester United).;51';Newcastle United;Manchester United;0;0;0;0;0;0;0;NA;NA;NA;NA;NA;NA;NA;1;Jesse Lingard;Manchester United;0;NA;0;0;NA;NA;NA;0;NA;NA;NA;0;NA;NA;0;NA;0;NA;NA;NA;0;NA;NA;0;0;NA;NA;NA;0;NA;NA;NA;NA;2;49;0;NA;NA;51
480643;11-02-2018;Mohamed DiamÃ© (Newcastle United) wins a free kick in the defensive half.;51';Newcastle United;Manchester United;0;0;0;0;0;0;0;NA;NA;NA;NA;NA;NA;NA;0;NA;NA;0;NA;0;0;NA;NA;NA;0;NA;NA;NA;0;NA;NA;0;NA;1;Mohamed DiamÃ©;Newcastle United;defensive half;0;NA;NA;0;0;NA;NA;NA;0;NA;NA;NA;NA;2;50;0;NA;NA;51
480643;11-02-2018;Ashley Young (Manchester United) wins a free kick in the defensive half.;52';Newcastle United;Manchester United;0;0;0;0;0;0;0;NA;NA;NA;NA;NA;NA;NA;0;NA;NA;0;NA;0;0;NA;NA;NA;0;NA;NA;NA;0;NA;NA;0;NA;1;Ashley Young;Manchester United;defensive half;0;NA;NA;0;0;NA;NA;NA;0;NA;NA;NA;NA;2;51;0;NA;NA;52
480643;11-02-2018;Foul by Matt Ritchie (Newcastle United).;52';Newcastle United;Manchester United;0;0;0;0;0;0;0;NA;NA;NA;NA;NA;NA;NA;1;Matt Ritchie;Newcastle United;0;NA;0;0;NA;NA;NA;0;NA;NA;NA;0;NA;NA;0;NA;0;NA;NA;NA;0;NA;NA;0;0;NA;NA;NA;0;NA;NA;NA;NA;2;52;0;NA;NA;52
480643;11-02-2018;Alexis SÃ¡nchez (Manchester United) wins a free kick in the attacking half.;52';Newcastle United;Manchester United;0;0;0;0;0;0;0;NA;NA;NA;NA;NA;NA;NA;0;NA;NA;0;NA;0;0;NA;NA;NA;0;NA;NA;NA;0;NA;NA;0;NA;1;Alexis SÃ¡nchez;Manchester United;attacking half;0;NA;NA;0;0;NA;NA;NA;0;NA;NA;NA;NA;2;53;0;NA;NA;52
480643;11-02-2018;Foul by Matt Ritchie (Newcastle United).;52';Newcastle United;Manchester United;0;0;0;0;0;0;0;NA;NA;NA;NA;NA;NA;NA;1;Matt Ritchie;Newcastle United;0;NA;0;0;NA;NA;NA;0;NA;NA;NA;0;NA;NA;0;NA;0;NA;NA;NA;0;NA;NA;0;0;NA;NA;NA;0;NA;NA;NA;NA;2;54;0;NA;NA;52
480643;11-02-2018;Florian Lejeune (Newcastle United) wins a free kick in the defensive half.;53';Newcastle United;Manchester United;0;0;0;0;0;0;0;NA;NA;NA;NA;NA;NA;NA;0;NA;NA;0;NA;0;0;NA;NA;NA;0;NA;NA;NA;0;NA;NA;0;NA;1;Florian Lejeune;Newcastle United;defensive half;0;NA;NA;0;0;NA;NA;NA;0;NA;NA;NA;NA;2;55;0;NA;NA;53
480643;11-02-2018;Foul by Romelu Lukaku (Manchester United).;53';Newcastle United;Manchester United;0;0;0;0;0;0;0;NA;NA;NA;NA;NA;NA;NA;1;Romelu Lukaku;Manchester United;0;NA;0;0;NA;NA;NA;0;NA;NA;NA;0;NA;NA;0;NA;0;NA;NA;NA;0;NA;NA;0;0;NA;NA;NA;0;NA;NA;NA;NA;2;56;0;NA;NA;53
480643;11-02-2018;Attempt blocked. Alexis SÃ¡nchez (Manchester United) left footed shot from the left side of the box is blocked.;54';Newcastle United;Manchester United;0;0;0;0;0;1;0;blocked;Alexis SÃ¡nchez;Manchester United;left;the left side of the box;NA;NA;0;NA;NA;0;NA;0;0;NA;NA;NA;0;NA;NA;NA;0;NA;NA;0;NA;0;NA;NA;NA;0;NA;NA;0;0;NA;NA;NA;0;NA;NA;NA;NA;2;57;0;NA;NA;54
480643;11-02-2018;Attempt blocked. Alexis SÃ¡nchez (Manchester United) right footed shot from the centre of the box is blocked. Assisted by Anthony Martial.;54';Newcastle United;Manchester United;0;0;0;0;0;1;0;blocked;Alexis SÃ¡nchez;Manchester United;right;the centre of the box;NA;Anthony Martial;0;NA;NA;0;NA;0;0;NA;NA;NA;0;NA;NA;NA;0;NA;NA;0;NA;0;NA;NA;NA;0;NA;NA;0;0;NA;NA;NA;0;NA;NA;NA;NA;2;58;0;NA;NA;54
480643;11-02-2018;Corner,  Manchester United. Conceded by Florian Lejeune.;54';Newcastle United;Manchester United;0;0;0;0;0;0;0;NA;NA;NA;NA;NA;NA;NA;0;NA;NA;0;NA;0;0;NA;NA;NA;0;NA;NA;NA;0;NA;NA;0;NA;0;NA;NA;NA;1;Manchester United;Florian Lejeune;0;0;NA;NA;NA;0;NA;NA;NA;NA;2;59;0;NA;NA;54
480643;11-02-2018;Ayoze PÃ©rez (Newcastle United) wins a free kick in the attacking half.;55';Newcastle United;Manchester United;0;0;0;0;0;0;0;NA;NA;NA;NA;NA;NA;NA;0;NA;NA;0;NA;0;0;NA;NA;NA;0;NA;NA;NA;0;NA;NA;0;NA;1;Ayoze PÃ©rez;Newcastle United;attacking half;0;NA;NA;0;0;NA;NA;NA;0;NA;NA;NA;NA;2;60;0;NA;NA;55
480643;11-02-2018;Foul by Chris Smalling (Manchester United).;55';Newcastle United;Manchester United;0;0;0;0;0;0;0;NA;NA;NA;NA;NA;NA;NA;1;Chris Smalling;Manchester United;0;NA;0;0;NA;NA;NA;0;NA;NA;NA;0;NA;NA;0;NA;0;NA;NA;NA;0;NA;NA;0;0;NA;NA;NA;0;NA;NA;NA;NA;2;61;0;NA;NA;55
480643;11-02-2018;Attempt blocked. Alexis SÃ¡nchez (Manchester United) right footed shot from the right side of the box is blocked.;57';Newcastle United;Manchester United;0;0;0;0;0;1;0;blocked;Alexis SÃ¡nchez;Manchester United;right;the right side of the box;NA;NA;0;NA;NA;0;NA;0;0;NA;NA;NA;0;NA;NA;NA;0;NA;NA;0;NA;0;NA;NA;NA;0;NA;NA;0;0;NA;NA;NA;0;NA;NA;NA;NA;2;62;0;NA;NA;57
480643;11-02-2018;Offside, Newcastle United. Matt Ritchie tries a through ball, but DeAndre Yedlin is caught offside.;59';Newcastle United;Manchester United;0;0;0;0;0;0;0;NA;NA;NA;NA;NA;NA;NA;0;NA;NA;0;NA;0;1;Newcastle United;DeAndre Yedlin;Matt Ritchie;0;NA;NA;NA;0;NA;NA;0;NA;0;NA;NA;NA;0;NA;NA;0;0;NA;NA;NA;0;NA;NA;NA;NA;2;63;0;NA;NA;59
480643;11-02-2018;Foul by Matt Ritchie (Newcastle United).;61';Newcastle United;Manchester United;0;0;0;0;0;0;0;NA;NA;NA;NA;NA;NA;NA;1;Matt Ritchie;Newcastle United;0;NA;0;0;NA;NA;NA;0;NA;NA;NA;0;NA;NA;0;NA;0;NA;NA;NA;0;NA;NA;0;0;NA;NA;NA;0;NA;NA;NA;NA;2;64;0;NA;NA;61
480643;11-02-2018;Paul Pogba (Manchester United) wins a free kick on the left wing.;61';Newcastle United;Manchester United;0;0;0;0;0;0;0;NA;NA;NA;NA;NA;NA;NA;0;NA;NA;0;NA;0;0;NA;NA;NA;0;NA;NA;NA;0;NA;NA;0;NA;1;Paul Pogba;Manchester United;NA;0;NA;NA;0;0;NA;NA;NA;0;NA;NA;NA;NA;2;65;0;NA;NA;61
480643;11-02-2018;Anthony Martial (Manchester United) wins a free kick on the right wing.;61';Newcastle United;Manchester United;0;0;0;0;0;0;0;NA;NA;NA;NA;NA;NA;NA;0;NA;NA;0;NA;0;0;NA;NA;NA;0;NA;NA;NA;0;NA;NA;0;NA;1;Anthony Martial;Manchester United;NA;0;NA;NA;0;0;NA;NA;NA;0;NA;NA;NA;NA;2;66;0;NA;NA;61
480643;11-02-2018;Foul by Florian Lejeune (Newcastle United).;61';Newcastle United;Manchester United;0;0;0;0;0;0;0;NA;NA;NA;NA;NA;NA;NA;1;Florian Lejeune;Newcastle United;0;NA;0;0;NA;NA;NA;0;NA;NA;NA;0;NA;NA;0;NA;0;NA;NA;NA;0;NA;NA;0;0;NA;NA;NA;0;NA;NA;NA;NA;2;67;0;NA;NA;61
480643;11-02-2018;Chris Smalling (Manchester United) has gone down, but that's a dive.;64';Newcastle United;Manchester United;0;0;0;0;0;0;0;NA;NA;NA;NA;NA;NA;NA;0;NA;NA;0;NA;0;0;NA;NA;NA;0;NA;NA;NA;0;NA;NA;0;NA;0;NA;NA;NA;0;NA;NA;0;0;NA;NA;NA;0;NA;NA;NA;NA;2;68;0;NA;NA;64
480643;11-02-2018;Chris Smalling (Manchester United) is shown the yellow card.;64';Newcastle United;Manchester United;0;0;0;0;0;0;0;NA;NA;NA;NA;NA;NA;NA;0;NA;NA;0;NA;0;0;NA;NA;NA;1;yellow;Chris Smalling;Manchester United;0;NA;NA;0;NA;0;NA;NA;NA;0;NA;NA;0;0;NA;NA;NA;0;NA;NA;NA;NA;2;69;0;NA;NA;64
480643;11-02-2018;Goal!  Newcastle United 1, Manchester United 0. Matt Ritchie (Newcastle United) left footed shot from the centre of the box to the bottom right corner. Assisted by Dwight Gayle following a set piece situation.;65';Newcastle United;Manchester United;1;0;0;0;0;1;0;goal;Matt Ritchie;Newcastle United;left;the centre of the box;bottom right corner;Dwight Gayle;0;NA;NA;1;NA;0;0;NA;NA;NA;0;NA;NA;NA;0;NA;NA;0;NA;0;NA;NA;NA;0;NA;NA;0;0;NA;NA;NA;0;NA;NA;NA;NA;2;70;0;NA;NA;65
480643;11-02-2018;Substitution, Manchester United. Michael Carrick replaces Paul Pogba.;66';Newcastle United;Manchester United;1;0;0;0;0;0;0;NA;NA;NA;NA;NA;NA;NA;0;NA;NA;0;NA;0;0;NA;NA;NA;0;NA;NA;NA;0;NA;NA;0;NA;0;NA;NA;NA;0;NA;NA;1;0;Manchester United;Michael Carrick;Paul Pogba;0;NA;NA;NA;NA;2;71;0;NA;NA;66
480643;11-02-2018;Substitution, Manchester United. Juan Mata replaces Jesse Lingard.;66';Newcastle United;Manchester United;1;0;0;0;0;0;0;NA;NA;NA;NA;NA;NA;NA;0;NA;NA;0;NA;0;0;NA;NA;NA;0;NA;NA;NA;0;NA;NA;0;NA;0;NA;NA;NA;0;NA;NA;1;0;Manchester United;Juan Mata;Jesse Lingard;0;NA;NA;NA;NA;2;72;0;NA;NA;66
480643;11-02-2018;Attempt saved. Ashley Young (Manchester United) right footed shot from the left side of the box is saved in the top centre of the goal. Assisted by Michael Carrick.;68';Newcastle United;Manchester United;1;0;0;0;0;1;0;saved;Ashley Young;Manchester United;right;the left side of the box;the top centre of the goal;Michael Carrick;0;NA;NA;0;NA;0;0;NA;NA;NA;0;NA;NA;NA;0;NA;NA;0;NA;0;NA;NA;NA;0;NA;NA;0;0;NA;NA;NA;0;NA;NA;NA;NA;2;73;0;NA;NA;68
480643;11-02-2018;Corner,  Manchester United. Conceded by Paul Dummett.;68';Newcastle United;Manchester United;1;0;0;0;0;0;0;NA;NA;NA;NA;NA;NA;NA;0;NA;NA;0;NA;0;0;NA;NA;NA;0;NA;NA;NA;0;NA;NA;0;NA;0;NA;NA;NA;1;Manchester United;Paul Dummett;0;0;NA;NA;NA;0;NA;NA;NA;NA;2;74;0;NA;NA;68
480643;11-02-2018;Ayoze PÃ©rez (Newcastle United) wins a free kick in the defensive half.;73';Newcastle United;Manchester United;1;0;0;0;0;0;0;NA;NA;NA;NA;NA;NA;NA;0;NA;NA;0;NA;0;0;NA;NA;NA;0;NA;NA;NA;0;NA;NA;0;NA;1;Ayoze PÃ©rez;Newcastle United;defensive half;0;NA;NA;0;0;NA;NA;NA;0;NA;NA;NA;NA;2;75;0;NA;NA;73
480643;11-02-2018;Foul by Michael Carrick (Manchester United).;73';Newcastle United;Manchester United;1;0;0;0;0;0;0;NA;NA;NA;NA;NA;NA;NA;1;Michael Carrick;Manchester United;0;NA;0;0;NA;NA;NA;0;NA;NA;NA;0;NA;NA;0;NA;0;NA;NA;NA;0;NA;NA;0;0;NA;NA;NA;0;NA;NA;NA;NA;2;76;0;NA;NA;73
480643;11-02-2018;Offside, Manchester United. Antonio Valencia tries a through ball, but Romelu Lukaku is caught offside.;74';Newcastle United;Manchester United;1;0;0;0;0;0;0;NA;NA;NA;NA;NA;NA;NA;0;NA;NA;0;NA;0;1;Manchester United;Romelu Lukaku;Antonio Valencia;0;NA;NA;NA;0;NA;NA;0;NA;0;NA;NA;NA;0;NA;NA;0;0;NA;NA;NA;0;NA;NA;NA;NA;2;77;0;NA;NA;74
480643;11-02-2018;Attempt blocked. Kenedy (Newcastle United) left footed shot from outside the box is blocked. Assisted by Jonjo Shelvey.;76';Newcastle United;Manchester United;1;0;0;0;0;1;0;blocked;Kenedy;Newcastle United;left;outside the box;NA;Jonjo Shelvey;0;NA;NA;0;NA;0;0;NA;NA;NA;0;NA;NA;NA;0;NA;NA;0;NA;0;NA;NA;NA;0;NA;NA;0;0;NA;NA;NA;0;NA;NA;NA;NA;2;78;0;NA;NA;76
480643;11-02-2018;Corner,  Manchester United. Conceded by Paul Dummett.;76';Newcastle United;Manchester United;1;0;0;0;0;0;0;NA;NA;NA;NA;NA;NA;NA;0;NA;NA;0;NA;0;0;NA;NA;NA;0;NA;NA;NA;0;NA;NA;0;NA;0;NA;NA;NA;1;Manchester United;Paul Dummett;0;0;NA;NA;NA;0;NA;NA;NA;NA;2;79;0;NA;NA;76
480643;11-02-2018;Substitution, Manchester United. Scott McTominay replaces Nemanja Matic.;77';Newcastle United;Manchester United;1;0;0;0;0;0;0;NA;NA;NA;NA;NA;NA;NA;0;NA;NA;0;NA;0;0;NA;NA;NA;0;NA;NA;NA;0;NA;NA;0;NA;0;NA;NA;NA;0;NA;NA;1;0;Manchester United;Scott McTominay;Nemanja Matic;0;NA;NA;NA;NA;2;80;0;NA;NA;77
480643;11-02-2018;Attempt blocked. Anthony Martial (Manchester United) right footed shot from the centre of the box is blocked.;77';Newcastle United;Manchester United;1;0;0;0;0;1;0;blocked;Anthony Martial;Manchester United;right;the centre of the box;NA;NA;0;NA;NA;0;NA;0;0;NA;NA;NA;0;NA;NA;NA;0;NA;NA;0;NA;0;NA;NA;NA;0;NA;NA;0;0;NA;NA;NA;0;NA;NA;NA;NA;2;81;0;NA;NA;77
480643;11-02-2018;Attempt blocked. Anthony Martial (Manchester United) right footed shot from the centre of the box is blocked.;77';Newcastle United;Manchester United;1;0;0;0;0;1;0;blocked;Anthony Martial;Manchester United;right;the centre of the box;NA;NA;0;NA;NA;0;NA;0;0;NA;NA;NA;0;NA;NA;NA;0;NA;NA;0;NA;0;NA;NA;NA;0;NA;NA;0;0;NA;NA;NA;0;NA;NA;NA;NA;2;82;0;NA;NA;77
480643;11-02-2018;Foul by Kenedy (Newcastle United).;79';Newcastle United;Manchester United;1;0;0;0;0;0;0;NA;NA;NA;NA;NA;NA;NA;1;Kenedy;Newcastle United;0;NA;0;0;NA;NA;NA;0;NA;NA;NA;0;NA;NA;0;NA;0;NA;NA;NA;0;NA;NA;0;0;NA;NA;NA;0;NA;NA;NA;NA;2;83;0;NA;NA;79
480643;11-02-2018;Juan Mata (Manchester United) wins a free kick on the right wing.;79';Newcastle United;Manchester United;1;0;0;0;0;0;0;NA;NA;NA;NA;NA;NA;NA;0;NA;NA;0;NA;0;0;NA;NA;NA;0;NA;NA;NA;0;NA;NA;0;NA;1;Juan Mata;Manchester United;NA;0;NA;NA;0;0;NA;NA;NA;0;NA;NA;NA;NA;2;84;0;NA;NA;79
480643;11-02-2018;Substitution, Newcastle United. Joselu replaces Dwight Gayle.;80';Newcastle United;Manchester United;1;0;0;0;0;0;0;NA;NA;NA;NA;NA;NA;NA;0;NA;NA;0;NA;0;0;NA;NA;NA;0;NA;NA;NA;0;NA;NA;0;NA;0;NA;NA;NA;0;NA;NA;1;0;Newcastle United;Joselu;Dwight Gayle;0;NA;NA;NA;NA;2;85;0;NA;NA;80
480643;11-02-2018;Corner,  Manchester United. Conceded by Jamaal Lascelles.;80';Newcastle United;Manchester United;1;0;0;0;0;0;0;NA;NA;NA;NA;NA;NA;NA;0;NA;NA;0;NA;0;0;NA;NA;NA;0;NA;NA;NA;0;NA;NA;0;NA;0;NA;NA;NA;1;Manchester United;Jamaal Lascelles;0;0;NA;NA;NA;0;NA;NA;NA;NA;2;86;0;NA;NA;80
480643;11-02-2018;Substitution, Newcastle United. Christian Atsu replaces Kenedy.;84';Newcastle United;Manchester United;1;0;0;0;0;0;0;NA;NA;NA;NA;NA;NA;NA;0;NA;NA;0;NA;0;0;NA;NA;NA;0;NA;NA;NA;0;NA;NA;0;NA;0;NA;NA;NA;0;NA;NA;1;0;Newcastle United;Christian Atsu;Kenedy;0;NA;NA;NA;NA;2;87;0;NA;NA;84
480643;11-02-2018;Foul by Phil Jones (Manchester United).;86';Newcastle United;Manchester United;1;0;0;0;0;0;0;NA;NA;NA;NA;NA;NA;NA;1;Phil Jones;Manchester United;0;NA;0;0;NA;NA;NA;0;NA;NA;NA;0;NA;NA;0;NA;0;NA;NA;NA;0;NA;NA;0;0;NA;NA;NA;0;NA;NA;NA;NA;2;88;0;NA;NA;86
480643;11-02-2018;Joselu (Newcastle United) wins a free kick on the left wing.;86';Newcastle United;Manchester United;1;0;0;0;0;0;0;NA;NA;NA;NA;NA;NA;NA;0;NA;NA;0;NA;0;0;NA;NA;NA;0;NA;NA;NA;0;NA;NA;0;NA;1;Joselu;Newcastle United;NA;0;NA;NA;0;0;NA;NA;NA;0;NA;NA;NA;NA;2;89;0;NA;NA;86
480643;11-02-2018;Christian Atsu (Newcastle United) wins a free kick on the left wing.;87';Newcastle United;Manchester United;1;0;0;0;0;0;0;NA;NA;NA;NA;NA;NA;NA;0;NA;NA;0;NA;0;0;NA;NA;NA;0;NA;NA;NA;0;NA;NA;0;NA;1;Christian Atsu;Newcastle United;NA;0;NA;NA;0;0;NA;NA;NA;0;NA;NA;NA;NA;2;90;0;NA;NA;87
480643;11-02-2018;Foul by Antonio Valencia (Manchester United).;87';Newcastle United;Manchester United;1;0;0;0;0;0;0;NA;NA;NA;NA;NA;NA;NA;1;Antonio Valencia;Manchester United;0;NA;0;0;NA;NA;NA;0;NA;NA;NA;0;NA;NA;0;NA;0;NA;NA;NA;0;NA;NA;0;0;NA;NA;NA;0;NA;NA;NA;NA;2;91;0;NA;NA;87
480643;11-02-2018;Delay in match Christian Atsu (Newcastle United) because of an injury.;87';Newcastle United;Manchester United;1;0;0;0;0;0;0;NA;NA;NA;NA;NA;NA;NA;0;NA;NA;0;NA;0;0;NA;NA;NA;0;NA;NA;NA;0;NA;NA;1;Newcastle United;0;NA;NA;NA;0;NA;NA;0;0;NA;NA;NA;0;NA;NA;NA;NA;2;92;0;NA;NA;87
480643;11-02-2018;Antonio Valencia (Manchester United) is shown the yellow card for a bad foul.;88';Newcastle United;Manchester United;1;0;0;0;0;0;0;NA;NA;NA;NA;NA;NA;NA;0;NA;NA;0;NA;0;0;NA;NA;NA;1;yellow;Antonio Valencia;Manchester United;0;NA;NA;0;NA;0;NA;NA;NA;0;NA;NA;0;0;NA;NA;NA;0;NA;NA;NA;NA;2;93;0;NA;NA;88
480643;11-02-2018;Delay over. They are ready to continue.;88';Newcastle United;Manchester United;1;0;0;0;0;0;0;NA;NA;NA;NA;NA;NA;NA;0;NA;NA;0;NA;0;0;NA;NA;NA;0;NA;NA;NA;0;NA;NA;0;NA;0;NA;NA;NA;0;NA;NA;0;0;NA;NA;NA;0;NA;NA;NA;NA;2;94;0;NA;NA;88
480643;11-02-2018;Foul by Joselu (Newcastle United).;90'+1';Newcastle United;Manchester United;1;0;0;0;0;0;0;NA;NA;NA;NA;NA;NA;NA;1;Joselu;Newcastle United;0;NA;0;0;NA;NA;NA;0;NA;NA;NA;0;NA;NA;0;NA;0;NA;NA;NA;0;NA;NA;0;0;NA;NA;NA;0;NA;NA;NA;NA;2;95;1;NA;NA;91
480643;11-02-2018;Michael Carrick (Manchester United) wins a free kick in the defensive half.;90'+1';Newcastle United;Manchester United;1;0;0;0;0;0;0;NA;NA;NA;NA;NA;NA;NA;0;NA;NA;0;NA;0;0;NA;NA;NA;0;NA;NA;NA;0;NA;NA;0;NA;1;Michael Carrick;Manchester United;defensive half;0;NA;NA;0;0;NA;NA;NA;0;NA;NA;NA;NA;2;96;1;NA;NA;91
480643;11-02-2018;Corner,  Manchester United. Conceded by DeAndre Yedlin.;90'+1';Newcastle United;Manchester United;1;0;0;0;0;0;0;NA;NA;NA;NA;NA;NA;NA;0;NA;NA;0;NA;0;0;NA;NA;NA;0;NA;NA;NA;0;NA;NA;0;NA;0;NA;NA;NA;1;Manchester United;DeAndre Yedlin;0;0;NA;NA;NA;0;NA;NA;NA;NA;2;97;1;NA;NA;91
480643;11-02-2018;Corner,  Manchester United. Conceded by Christian Atsu.;90'+2';Newcastle United;Manchester United;1;0;0;0;0;0;0;NA;NA;NA;NA;NA;NA;NA;0;NA;NA;0;NA;0;0;NA;NA;NA;0;NA;NA;NA;0;NA;NA;0;NA;0;NA;NA;NA;1;Manchester United;Christian Atsu;0;0;NA;NA;NA;0;NA;NA;NA;NA;2;98;1;NA;NA;92
480643;11-02-2018;Corner,  Manchester United. Conceded by Christian Atsu.;90'+3';Newcastle United;Manchester United;1;0;0;0;0;0;0;NA;NA;NA;NA;NA;NA;NA;0;NA;NA;0;NA;0;0;NA;NA;NA;0;NA;NA;NA;0;NA;NA;0;NA;0;NA;NA;NA;1;Manchester United;Christian Atsu;0;0;NA;NA;NA;0;NA;NA;NA;NA;2;99;1;NA;NA;93
480643;11-02-2018;Ashley Young (Manchester United) wins a free kick in the defensive half.;90'+3';Newcastle United;Manchester United;1;0;0;0;0;0;0;NA;NA;NA;NA;NA;NA;NA;0;NA;NA;0;NA;0;0;NA;NA;NA;0;NA;NA;NA;0;NA;NA;0;NA;1;Ashley Young;Manchester United;defensive half;0;NA;NA;0;0;NA;NA;NA;0;NA;NA;NA;NA;2;100;1;NA;NA;93
480643;11-02-2018;Foul by Joselu (Newcastle United).;90'+3';Newcastle United;Manchester United;1;0;0;0;0;0;0;NA;NA;NA;NA;NA;NA;NA;1;Joselu;Newcastle United;0;NA;0;0;NA;NA;NA;0;NA;NA;NA;0;NA;NA;0;NA;0;NA;NA;NA;0;NA;NA;0;0;NA;NA;NA;0;NA;NA;NA;NA;2;101;1;NA;NA;93
480643;11-02-2018;Substitution, Newcastle United. Isaac Hayden replaces Ayoze PÃ©rez.;90'+4';Newcastle United;Manchester United;1;0;0;0;0;0;0;NA;NA;NA;NA;NA;NA;NA;0;NA;NA;0;NA;0;0;NA;NA;NA;0;NA;NA;NA;0;NA;NA;0;NA;0;NA;NA;NA;0;NA;NA;1;0;Newcastle United;Isaac Hayden;Ayoze PÃ©rez;0;NA;NA;NA;NA;2;102;1;NA;NA;94
480643;11-02-2018;Attempt saved. Michael Carrick (Manchester United) right footed shot from the left side of the six yard box is saved in the centre of the goal. Assisted by Juan Mata.;90'+4';Newcastle United;Manchester United;1;0;0;0;0;1;0;saved;Michael Carrick;Manchester United;right;the left side of the six yard box;the centre of the goal;Juan Mata;0;NA;NA;0;NA;0;0;NA;NA;NA;0;NA;NA;NA;0;NA;NA;0;NA;0;NA;NA;NA;0;NA;NA;0;0;NA;NA;NA;0;NA;NA;NA;NA;2;103;1;NA;NA;94
480643;11-02-2018;Attempt missed. Antonio Valencia (Manchester United) right footed shot from outside the box misses to the left.;90'+5';Newcastle United;Manchester United;1;0;0;0;0;1;0;missed;Antonio Valencia;Manchester United;right;outside the box;left;NA;0;NA;NA;0;NA;0;0;NA;NA;NA;0;NA;NA;NA;0;NA;NA;0;NA;0;NA;NA;NA;0;NA;NA;0;0;NA;NA;NA;0;NA;NA;NA;NA;2;104;1;NA;NA;95
480643;11-02-2018;Second Half ends, Newcastle United 1, Manchester United 0.;90'+5';Newcastle United;Manchester United;1;0;1;0;0;0;0;NA;NA;NA;NA;NA;NA;NA;0;NA;NA;0;NA;0;0;NA;NA;NA;0;NA;NA;NA;0;NA;NA;0;NA;0;NA;NA;NA;0;NA;NA;0;0;NA;NA;NA;0;NA;NA;NA;NA;2;105;1;NA;NA;95
480643;11-02-2018;Match ends, Newcastle United 1, Manchester United 0.;90'+5';Newcastle United;Manchester United;1;0;0;1;0;0;0;NA;NA;NA;NA;NA;NA;NA;0;NA;NA;0;NA;0;0;NA;NA;NA;0;NA;NA;NA;0;NA;NA;0;NA;0;NA;NA;NA;0;NA;NA;0;0;NA;NA;NA;0;NA;NA;NA;NA;2;106;1;NA;NA;95
