480808;28-10-2017;First Half begins.;-;Liverpool;Huddersfield Town;0;0;0;0;1;0;0;NA;NA;NA;NA;NA;NA;NA;0;NA;NA;0;NA;0;0;NA;NA;NA;0;NA;NA;NA;0;NA;NA;0;NA;0;NA;NA;NA;0;NA;NA;0;0;NA;NA;NA;0;NA;NA;NA;NA;1;1;0;NA;NA;NA
480808;28-10-2017;Lineups are announced and players are warming up.;-;Liverpool;Huddersfield Town;0;0;0;0;0;0;0;NA;NA;NA;NA;NA;NA;NA;0;NA;NA;0;NA;0;0;NA;NA;NA;0;NA;NA;NA;0;NA;NA;0;NA;0;NA;NA;NA;0;NA;NA;0;0;NA;NA;NA;0;NA;NA;NA;NA;1;2;0;NA;NA;NA
480808;28-10-2017;Foul by Ragnar Klavan (Liverpool).;3';Liverpool;Huddersfield Town;0;0;0;0;0;0;0;NA;NA;NA;NA;NA;NA;NA;1;Ragnar Klavan;Liverpool;0;NA;0;0;NA;NA;NA;0;NA;NA;NA;0;NA;NA;0;NA;0;NA;NA;NA;0;NA;NA;0;0;NA;NA;NA;0;NA;NA;NA;NA;1;3;0;NA;NA;3
480808;28-10-2017;Laurent Depoitre (Huddersfield Town) wins a free kick in the defensive half.;3';Liverpool;Huddersfield Town;0;0;0;0;0;0;0;NA;NA;NA;NA;NA;NA;NA;0;NA;NA;0;NA;0;0;NA;NA;NA;0;NA;NA;NA;0;NA;NA;0;NA;1;Laurent Depoitre;Huddersfield Town;defensive half;0;NA;NA;0;0;NA;NA;NA;0;NA;NA;NA;NA;1;4;0;NA;NA;3
480808;28-10-2017;Corner,  Huddersfield Town. Conceded by Alberto Moreno.;3';Liverpool;Huddersfield Town;0;0;0;0;0;0;0;NA;NA;NA;NA;NA;NA;NA;0;NA;NA;0;NA;0;0;NA;NA;NA;0;NA;NA;NA;0;NA;NA;0;NA;0;NA;NA;NA;1;Huddersfield Town;Alberto Moreno;0;0;NA;NA;NA;0;NA;NA;NA;NA;1;5;0;NA;NA;3
480808;28-10-2017;Foul by Jordan Henderson (Liverpool).;4';Liverpool;Huddersfield Town;0;0;0;0;0;0;0;NA;NA;NA;NA;NA;NA;NA;1;Jordan Henderson;Liverpool;0;NA;0;0;NA;NA;NA;0;NA;NA;NA;0;NA;NA;0;NA;0;NA;NA;NA;0;NA;NA;0;0;NA;NA;NA;0;NA;NA;NA;NA;1;6;0;NA;NA;4
480808;28-10-2017;Tom Ince (Huddersfield Town) wins a free kick in the defensive half.;4';Liverpool;Huddersfield Town;0;0;0;0;0;0;0;NA;NA;NA;NA;NA;NA;NA;0;NA;NA;0;NA;0;0;NA;NA;NA;0;NA;NA;NA;0;NA;NA;0;NA;1;Tom Ince;Huddersfield Town;defensive half;0;NA;NA;0;0;NA;NA;NA;0;NA;NA;NA;NA;1;7;0;NA;NA;4
480808;28-10-2017;Foul by Tom Ince (Huddersfield Town).;5';Liverpool;Huddersfield Town;0;0;0;0;0;0;0;NA;NA;NA;NA;NA;NA;NA;1;Tom Ince;Huddersfield Town;0;NA;0;0;NA;NA;NA;0;NA;NA;NA;0;NA;NA;0;NA;0;NA;NA;NA;0;NA;NA;0;0;NA;NA;NA;0;NA;NA;NA;NA;1;8;0;NA;NA;5
480808;28-10-2017;Joseph Gomez (Liverpool) wins a free kick in the defensive half.;5';Liverpool;Huddersfield Town;0;0;0;0;0;0;0;NA;NA;NA;NA;NA;NA;NA;0;NA;NA;0;NA;0;0;NA;NA;NA;0;NA;NA;NA;0;NA;NA;0;NA;1;Joseph Gomez;Liverpool;defensive half;0;NA;NA;0;0;NA;NA;NA;0;NA;NA;NA;NA;1;9;0;NA;NA;5
480808;28-10-2017;Foul by Ragnar Klavan (Liverpool).;9';Liverpool;Huddersfield Town;0;0;0;0;0;0;0;NA;NA;NA;NA;NA;NA;NA;1;Ragnar Klavan;Liverpool;0;NA;0;0;NA;NA;NA;0;NA;NA;NA;0;NA;NA;0;NA;0;NA;NA;NA;0;NA;NA;0;0;NA;NA;NA;0;NA;NA;NA;NA;1;10;0;NA;NA;9
480808;28-10-2017;Laurent Depoitre (Huddersfield Town) wins a free kick on the right wing.;9';Liverpool;Huddersfield Town;0;0;0;0;0;0;0;NA;NA;NA;NA;NA;NA;NA;0;NA;NA;0;NA;0;0;NA;NA;NA;0;NA;NA;NA;0;NA;NA;0;NA;1;Laurent Depoitre;Huddersfield Town;NA;0;NA;NA;0;0;NA;NA;NA;0;NA;NA;NA;NA;1;11;0;NA;NA;9
480808;28-10-2017;Corner,  Huddersfield Town. Conceded by Jordan Henderson.;10';Liverpool;Huddersfield Town;0;0;0;0;0;0;0;NA;NA;NA;NA;NA;NA;NA;0;NA;NA;0;NA;0;0;NA;NA;NA;0;NA;NA;NA;0;NA;NA;0;NA;0;NA;NA;NA;1;Huddersfield Town;Jordan Henderson;0;0;NA;NA;NA;0;NA;NA;NA;NA;1;12;0;NA;NA;10
480808;28-10-2017;Delay in match Georginio Wijnaldum (Liverpool) because of an injury.;11';Liverpool;Huddersfield Town;0;0;0;0;0;0;0;NA;NA;NA;NA;NA;NA;NA;0;NA;NA;0;NA;0;0;NA;NA;NA;0;NA;NA;NA;0;NA;NA;1;Liverpool;0;NA;NA;NA;0;NA;NA;0;0;NA;NA;NA;0;NA;NA;NA;NA;1;13;0;NA;NA;11
480808;28-10-2017;Delay over. They are ready to continue.;12';Liverpool;Huddersfield Town;0;0;0;0;0;0;0;NA;NA;NA;NA;NA;NA;NA;0;NA;NA;0;NA;0;0;NA;NA;NA;0;NA;NA;NA;0;NA;NA;0;NA;0;NA;NA;NA;0;NA;NA;0;0;NA;NA;NA;0;NA;NA;NA;NA;1;14;0;NA;NA;12
480808;28-10-2017;Hand ball by Daniel Sturridge (Liverpool).;14';Liverpool;Huddersfield Town;0;0;0;0;0;0;0;NA;NA;NA;NA;NA;NA;NA;0;NA;NA;0;NA;0;0;NA;NA;NA;0;NA;NA;NA;0;NA;NA;0;NA;0;NA;NA;NA;0;NA;NA;0;0;NA;NA;NA;0;NA;NA;NA;NA;1;15;0;NA;NA;14
480808;28-10-2017;Attempt missed. Daniel Sturridge (Liverpool) left footed shot from the left side of the six yard box is just a bit too high. Assisted by James Milner with a cross.;15';Liverpool;Huddersfield Town;0;0;0;0;0;1;0;missed;Daniel Sturridge;Liverpool;left;the left side of the six yard box;just a bit too high;James Milner;0;NA;NA;0;cross;0;0;NA;NA;NA;0;NA;NA;NA;0;NA;NA;0;NA;0;NA;NA;NA;0;NA;NA;0;0;NA;NA;NA;0;NA;NA;NA;NA;1;16;0;NA;NA;15
480808;28-10-2017;Corner,  Liverpool. Conceded by Zanka.;17';Liverpool;Huddersfield Town;0;0;0;0;0;0;0;NA;NA;NA;NA;NA;NA;NA;0;NA;NA;0;NA;0;0;NA;NA;NA;0;NA;NA;NA;0;NA;NA;0;NA;0;NA;NA;NA;1;Liverpool;Zanka;0;0;NA;NA;NA;0;NA;NA;NA;NA;1;17;0;NA;NA;17
480808;28-10-2017;Attempt saved. Mohamed Salah (Liverpool) left footed shot from the centre of the box is saved in the centre of the goal. Assisted by Roberto Firmino.;27';Liverpool;Huddersfield Town;0;0;0;0;0;1;0;saved;Mohamed Salah;Liverpool;left;the centre of the box;the centre of the goal;Roberto Firmino;0;NA;NA;0;NA;0;0;NA;NA;NA;0;NA;NA;NA;0;NA;NA;0;NA;0;NA;NA;NA;0;NA;NA;0;0;NA;NA;NA;0;NA;NA;NA;NA;1;18;0;NA;NA;27
480808;28-10-2017;Corner,  Liverpool. Conceded by Rajiv van La Parra.;31';Liverpool;Huddersfield Town;0;0;0;0;0;0;0;NA;NA;NA;NA;NA;NA;NA;0;NA;NA;0;NA;0;0;NA;NA;NA;0;NA;NA;NA;0;NA;NA;0;NA;0;NA;NA;NA;1;Liverpool;Rajiv van La;0;0;NA;NA;NA;0;NA;NA;NA;NA;1;19;0;NA;NA;31
480808;28-10-2017;Attempt saved. James Milner (Liverpool) right footed shot from the left side of the box is saved in the centre of the goal. Assisted by Jordan Henderson.;32';Liverpool;Huddersfield Town;0;0;0;0;0;1;0;saved;James Milner;Liverpool;right;the left side of the box;the centre of the goal;Jordan Henderson;0;NA;NA;0;NA;0;0;NA;NA;NA;0;NA;NA;NA;0;NA;NA;0;NA;0;NA;NA;NA;0;NA;NA;0;0;NA;NA;NA;0;NA;NA;NA;NA;1;20;0;NA;NA;32
480808;28-10-2017;Aaron Mooy (Huddersfield Town) wins a free kick in the defensive half.;33';Liverpool;Huddersfield Town;0;0;0;0;0;0;0;NA;NA;NA;NA;NA;NA;NA;0;NA;NA;0;NA;0;0;NA;NA;NA;0;NA;NA;NA;0;NA;NA;0;NA;1;Aaron Mooy;Huddersfield Town;defensive half;0;NA;NA;0;0;NA;NA;NA;0;NA;NA;NA;NA;1;21;0;NA;NA;33
480808;28-10-2017;Foul by James Milner (Liverpool).;33';Liverpool;Huddersfield Town;0;0;0;0;0;0;0;NA;NA;NA;NA;NA;NA;NA;1;James Milner;Liverpool;0;NA;0;0;NA;NA;NA;0;NA;NA;NA;0;NA;NA;0;NA;0;NA;NA;NA;0;NA;NA;0;0;NA;NA;NA;0;NA;NA;NA;NA;1;22;0;NA;NA;33
480808;28-10-2017;Substitution, Huddersfield Town. Elias Kachunga replaces Rajiv van La Parra because of an injury.;34';Liverpool;Huddersfield Town;0;0;0;0;0;0;0;NA;NA;NA;NA;NA;NA;NA;0;NA;NA;0;NA;0;0;NA;NA;NA;0;NA;NA;NA;0;NA;NA;0;NA;0;NA;NA;NA;0;NA;NA;1;1;Huddersfield Town;Elias Kachunga;Rajiv van La;0;NA;NA;NA;NA;1;23;0;NA;NA;34
480808;28-10-2017;Attempt blocked. Georginio Wijnaldum (Liverpool) right footed shot from outside the box is blocked. Assisted by Daniel Sturridge.;40';Liverpool;Huddersfield Town;0;0;0;0;0;1;0;blocked;Georginio Wijnaldum;Liverpool;right;outside the box;NA;Daniel Sturridge;0;NA;NA;0;NA;0;0;NA;NA;NA;0;NA;NA;NA;0;NA;NA;0;NA;0;NA;NA;NA;0;NA;NA;0;0;NA;NA;NA;0;NA;NA;NA;NA;1;24;0;NA;NA;40
480808;28-10-2017;Alberto Moreno (Liverpool) wins a free kick on the left wing.;40';Liverpool;Huddersfield Town;0;0;0;0;0;0;0;NA;NA;NA;NA;NA;NA;NA;0;NA;NA;0;NA;0;0;NA;NA;NA;0;NA;NA;NA;0;NA;NA;0;NA;1;Alberto Moreno;Liverpool;NA;0;NA;NA;0;0;NA;NA;NA;0;NA;NA;NA;NA;1;25;0;NA;NA;40
480808;28-10-2017;Foul by Elias Kachunga (Huddersfield Town).;40';Liverpool;Huddersfield Town;0;0;0;0;0;0;0;NA;NA;NA;NA;NA;NA;NA;1;Elias Kachunga;Huddersfield Town;0;NA;0;0;NA;NA;NA;0;NA;NA;NA;0;NA;NA;0;NA;0;NA;NA;NA;0;NA;NA;0;0;NA;NA;NA;0;NA;NA;NA;NA;1;26;0;NA;NA;40
480808;28-10-2017;Penalty Liverpool. Roberto Firmino draws a foul in the penalty area.;41';Liverpool;Huddersfield Town;0;0;0;0;0;0;0;NA;NA;NA;NA;NA;NA;NA;0;NA;NA;0;NA;0;0;NA;NA;NA;0;NA;NA;NA;0;NA;NA;0;NA;0;NA;NA;NA;0;NA;NA;0;0;NA;NA;NA;1;Liverpool;Roberto Firmino;NA;NA;1;27;0;NA;NA;41
480808;28-10-2017;Penalty conceded by Tommy Smith (Huddersfield Town) after a foul in the penalty area.;41';Liverpool;Huddersfield Town;0;0;0;0;0;0;0;NA;NA;NA;NA;NA;NA;NA;0;NA;NA;0;NA;0;0;NA;NA;NA;0;NA;NA;NA;0;NA;NA;0;NA;0;NA;NA;NA;0;NA;NA;0;0;NA;NA;NA;1;Huddersfield Town;NA;Tommy Smith;Huddersfield Town;1;28;0;NA;NA;41
480808;28-10-2017;Tommy Smith (Huddersfield Town) is shown the yellow card for a bad foul.;41';Liverpool;Huddersfield Town;0;0;0;0;0;0;0;NA;NA;NA;NA;NA;NA;NA;0;NA;NA;0;NA;0;0;NA;NA;NA;1;yellow;Tommy Smith;Huddersfield Town;0;NA;NA;0;NA;0;NA;NA;NA;0;NA;NA;0;0;NA;NA;NA;0;NA;NA;NA;NA;1;29;0;NA;NA;41
480808;28-10-2017;Penalty saved! Mohamed Salah (Liverpool) fails to capitalise on this great opportunity,  left footed shot saved  in the centre of the goal.;42';Liverpool;Huddersfield Town;0;0;0;0;0;1;1;saved;Mohamed Salah;Liverpool;left;NA;NA;NA;0;NA;NA;0;NA;0;0;NA;NA;NA;0;NA;NA;NA;0;NA;NA;0;NA;0;NA;NA;NA;0;NA;NA;0;0;NA;NA;NA;1;NA;NA;NA;NA;1;30;0;NA;NA;42
480808;28-10-2017;Jordan Henderson (Liverpool) hits the left post with a right footed shot from the centre of the box following a set piece situation.;42';Liverpool;Huddersfield Town;0;0;0;0;0;0;0;NA;NA;NA;NA;NA;NA;NA;0;NA;NA;1;NA;0;0;NA;NA;NA;0;NA;NA;NA;0;NA;NA;0;NA;0;NA;NA;NA;0;NA;NA;0;0;NA;NA;NA;0;NA;NA;NA;NA;1;31;0;NA;NA;42
480808;28-10-2017;Foul by Joel Matip (Liverpool).;44';Liverpool;Huddersfield Town;0;0;0;0;0;0;0;NA;NA;NA;NA;NA;NA;NA;1;Joel Matip;Liverpool;0;NA;0;0;NA;NA;NA;0;NA;NA;NA;0;NA;NA;0;NA;0;NA;NA;NA;0;NA;NA;0;0;NA;NA;NA;0;NA;NA;NA;NA;1;32;0;NA;NA;44
480808;28-10-2017;Laurent Depoitre (Huddersfield Town) wins a free kick in the defensive half.;44';Liverpool;Huddersfield Town;0;0;0;0;0;0;0;NA;NA;NA;NA;NA;NA;NA;0;NA;NA;0;NA;0;0;NA;NA;NA;0;NA;NA;NA;0;NA;NA;0;NA;1;Laurent Depoitre;Huddersfield Town;defensive half;0;NA;NA;0;0;NA;NA;NA;0;NA;NA;NA;NA;1;33;0;NA;NA;44
480808;28-10-2017;Foul by Danny Williams (Huddersfield Town).;45'+2';Liverpool;Huddersfield Town;0;0;0;0;0;0;0;NA;NA;NA;NA;NA;NA;NA;1;Danny Williams;Huddersfield Town;0;NA;0;0;NA;NA;NA;0;NA;NA;NA;0;NA;NA;0;NA;0;NA;NA;NA;0;NA;NA;0;0;NA;NA;NA;0;NA;NA;NA;NA;1;34;1;NA;NA;47
480808;28-10-2017;James Milner (Liverpool) wins a free kick on the right wing.;45'+2';Liverpool;Huddersfield Town;0;0;0;0;0;0;0;NA;NA;NA;NA;NA;NA;NA;0;NA;NA;0;NA;0;0;NA;NA;NA;0;NA;NA;NA;0;NA;NA;0;NA;1;James Milner;Liverpool;NA;0;NA;NA;0;0;NA;NA;NA;0;NA;NA;NA;NA;1;35;1;NA;NA;47
480808;28-10-2017;First Half ends, Liverpool 0, Huddersfield Town 0.;45'+3';Liverpool;Huddersfield Town;0;0;1;0;0;0;0;NA;NA;NA;NA;NA;NA;NA;0;NA;NA;0;NA;0;0;NA;NA;NA;0;NA;NA;NA;0;NA;NA;0;NA;0;NA;NA;NA;0;NA;NA;0;0;NA;NA;NA;0;NA;NA;NA;NA;1;36;1;NA;NA;48
480808;28-10-2017;Second Half begins Liverpool 0, Huddersfield Town 0.;45';Liverpool;Huddersfield Town;0;0;0;0;1;0;0;NA;NA;NA;NA;NA;NA;NA;0;NA;NA;0;NA;0;0;NA;NA;NA;0;NA;NA;NA;0;NA;NA;0;NA;0;NA;NA;NA;0;NA;NA;0;0;NA;NA;NA;0;NA;NA;NA;NA;2;37;0;NA;NA;45
480808;28-10-2017;Hand ball by James Milner (Liverpool).;46';Liverpool;Huddersfield Town;0;0;0;0;0;0;0;NA;NA;NA;NA;NA;NA;NA;0;NA;NA;0;NA;0;0;NA;NA;NA;0;NA;NA;NA;0;NA;NA;0;NA;0;NA;NA;NA;0;NA;NA;0;0;NA;NA;NA;0;NA;NA;NA;NA;2;38;0;NA;NA;46
480808;28-10-2017;Goal!  Liverpool 1, Huddersfield Town 0. Daniel Sturridge (Liverpool) left footed shot from the centre of the box to the centre of the goal.;50';Liverpool;Huddersfield Town;1;0;0;0;0;1;0;goal;Daniel Sturridge;Liverpool;left;the centre of the box;centre of the goal;NA;0;NA;NA;0;NA;0;0;NA;NA;NA;0;NA;NA;NA;0;NA;NA;0;NA;0;NA;NA;NA;0;NA;NA;0;0;NA;NA;NA;0;NA;NA;NA;NA;2;39;0;NA;NA;50
480808;28-10-2017;Aaron Mooy (Huddersfield Town) wins a free kick in the defensive half.;51';Liverpool;Huddersfield Town;1;0;0;0;0;0;0;NA;NA;NA;NA;NA;NA;NA;0;NA;NA;0;NA;0;0;NA;NA;NA;0;NA;NA;NA;0;NA;NA;0;NA;1;Aaron Mooy;Huddersfield Town;defensive half;0;NA;NA;0;0;NA;NA;NA;0;NA;NA;NA;NA;2;40;0;NA;NA;51
480808;28-10-2017;Foul by James Milner (Liverpool).;51';Liverpool;Huddersfield Town;1;0;0;0;0;0;0;NA;NA;NA;NA;NA;NA;NA;1;James Milner;Liverpool;0;NA;0;0;NA;NA;NA;0;NA;NA;NA;0;NA;NA;0;NA;0;NA;NA;NA;0;NA;NA;0;0;NA;NA;NA;0;NA;NA;NA;NA;2;41;0;NA;NA;51
480808;28-10-2017;Foul by Danny Williams (Huddersfield Town).;55';Liverpool;Huddersfield Town;1;0;0;0;0;0;0;NA;NA;NA;NA;NA;NA;NA;1;Danny Williams;Huddersfield Town;0;NA;0;0;NA;NA;NA;0;NA;NA;NA;0;NA;NA;0;NA;0;NA;NA;NA;0;NA;NA;0;0;NA;NA;NA;0;NA;NA;NA;NA;2;42;0;NA;NA;55
480808;28-10-2017;Ragnar Klavan (Liverpool) wins a free kick in the defensive half.;55';Liverpool;Huddersfield Town;1;0;0;0;0;0;0;NA;NA;NA;NA;NA;NA;NA;0;NA;NA;0;NA;0;0;NA;NA;NA;0;NA;NA;NA;0;NA;NA;0;NA;1;Ragnar Klavan;Liverpool;defensive half;0;NA;NA;0;0;NA;NA;NA;0;NA;NA;NA;NA;2;43;0;NA;NA;55
480808;28-10-2017;Attempt missed. James Milner (Liverpool) right footed shot from the centre of the box misses to the left. Assisted by Alberto Moreno.;56';Liverpool;Huddersfield Town;1;0;0;0;0;1;0;missed;James Milner;Liverpool;right;the centre of the box;left;Alberto Moreno;0;NA;NA;0;NA;0;0;NA;NA;NA;0;NA;NA;NA;0;NA;NA;0;NA;0;NA;NA;NA;0;NA;NA;0;0;NA;NA;NA;0;NA;NA;NA;NA;2;44;0;NA;NA;56
480808;28-10-2017;Corner,  Liverpool. Conceded by Zanka.;57';Liverpool;Huddersfield Town;1;0;0;0;0;0;0;NA;NA;NA;NA;NA;NA;NA;0;NA;NA;0;NA;0;0;NA;NA;NA;0;NA;NA;NA;0;NA;NA;0;NA;0;NA;NA;NA;1;Liverpool;Zanka;0;0;NA;NA;NA;0;NA;NA;NA;NA;2;45;0;NA;NA;57
480808;28-10-2017;Attempt blocked. Alberto Moreno (Liverpool) left footed shot from outside the box is blocked.;57';Liverpool;Huddersfield Town;1;0;0;0;0;1;0;blocked;Alberto Moreno;Liverpool;left;outside the box;NA;NA;0;NA;NA;0;NA;0;0;NA;NA;NA;0;NA;NA;NA;0;NA;NA;0;NA;0;NA;NA;NA;0;NA;NA;0;0;NA;NA;NA;0;NA;NA;NA;NA;2;46;0;NA;NA;57
480808;28-10-2017;Corner,  Liverpool. Conceded by Zanka.;58';Liverpool;Huddersfield Town;1;0;0;0;0;0;0;NA;NA;NA;NA;NA;NA;NA;0;NA;NA;0;NA;0;0;NA;NA;NA;0;NA;NA;NA;0;NA;NA;0;NA;0;NA;NA;NA;1;Liverpool;Zanka;0;0;NA;NA;NA;0;NA;NA;NA;NA;2;47;0;NA;NA;58
480808;28-10-2017;Goal!  Liverpool 2, Huddersfield Town 0. Roberto Firmino (Liverpool) header from very close range to the bottom left corner. Assisted by James Milner with a cross following a corner.;58';Liverpool;Huddersfield Town;2;0;0;0;0;1;0;goal;Roberto Firmino;Liverpool;header;very close range;bottom left corner;James Milner;0;NA;NA;0;cross;1;0;NA;NA;NA;0;NA;NA;NA;0;NA;NA;0;NA;0;NA;NA;NA;0;NA;NA;0;0;NA;NA;NA;0;NA;NA;NA;NA;2;48;0;NA;NA;58
480808;28-10-2017;Foul by Jordan Henderson (Liverpool).;61';Liverpool;Huddersfield Town;2;0;0;0;0;0;0;NA;NA;NA;NA;NA;NA;NA;1;Jordan Henderson;Liverpool;0;NA;0;0;NA;NA;NA;0;NA;NA;NA;0;NA;NA;0;NA;0;NA;NA;NA;0;NA;NA;0;0;NA;NA;NA;0;NA;NA;NA;NA;2;49;0;NA;NA;61
480808;28-10-2017;Jonathan Hogg (Huddersfield Town) wins a free kick in the defensive half.;61';Liverpool;Huddersfield Town;2;0;0;0;0;0;0;NA;NA;NA;NA;NA;NA;NA;0;NA;NA;0;NA;0;0;NA;NA;NA;0;NA;NA;NA;0;NA;NA;0;NA;1;Jonathan Hogg;Huddersfield Town;defensive half;0;NA;NA;0;0;NA;NA;NA;0;NA;NA;NA;NA;2;50;0;NA;NA;61
480808;28-10-2017;Attempt saved. Mohamed Salah (Liverpool) left footed shot from the centre of the box is saved in the bottom left corner. Assisted by Roberto Firmino.;63';Liverpool;Huddersfield Town;2;0;0;0;0;1;0;saved;Mohamed Salah;Liverpool;left;the centre of the box;the bottom left corner;Roberto Firmino;0;NA;NA;0;NA;0;0;NA;NA;NA;0;NA;NA;NA;0;NA;NA;0;NA;0;NA;NA;NA;0;NA;NA;0;0;NA;NA;NA;0;NA;NA;NA;NA;2;51;0;NA;NA;63
480808;28-10-2017;Corner,  Liverpool. Conceded by Jonas LÃ¶ssl.;63';Liverpool;Huddersfield Town;2;0;0;0;0;0;0;NA;NA;NA;NA;NA;NA;NA;0;NA;NA;0;NA;0;0;NA;NA;NA;0;NA;NA;NA;0;NA;NA;0;NA;0;NA;NA;NA;1;Liverpool;Jonas LÃ¶ssl;0;0;NA;NA;NA;0;NA;NA;NA;NA;2;52;0;NA;NA;63
480808;28-10-2017;Corner,  Liverpool. Conceded by Aaron Mooy.;63';Liverpool;Huddersfield Town;2;0;0;0;0;0;0;NA;NA;NA;NA;NA;NA;NA;0;NA;NA;0;NA;0;0;NA;NA;NA;0;NA;NA;NA;0;NA;NA;0;NA;0;NA;NA;NA;1;Liverpool;Aaron Mooy;0;0;NA;NA;NA;0;NA;NA;NA;NA;2;53;0;NA;NA;63
480808;28-10-2017;Corner,  Liverpool. Conceded by Aaron Mooy.;66';Liverpool;Huddersfield Town;2;0;0;0;0;0;0;NA;NA;NA;NA;NA;NA;NA;0;NA;NA;0;NA;0;0;NA;NA;NA;0;NA;NA;NA;0;NA;NA;0;NA;0;NA;NA;NA;1;Liverpool;Aaron Mooy;0;0;NA;NA;NA;0;NA;NA;NA;NA;2;54;0;NA;NA;66
480808;28-10-2017;Substitution, Liverpool. Alex Oxlade-Chamberlain replaces Roberto Firmino.;66';Liverpool;Huddersfield Town;2;0;0;0;0;0;0;NA;NA;NA;NA;NA;NA;NA;0;NA;NA;0;NA;0;0;NA;NA;NA;0;NA;NA;NA;0;NA;NA;0;NA;0;NA;NA;NA;0;NA;NA;1;0;Liverpool;Alex Oxlade-Chamberlain;Roberto Firmino;0;NA;NA;NA;NA;2;55;0;NA;NA;66
480808;28-10-2017;Attempt missed. Joel Matip (Liverpool) header from the centre of the box is close, but misses to the left. Assisted by James Milner with a cross following a corner.;66';Liverpool;Huddersfield Town;2;0;0;0;0;1;0;missed;Joel Matip;Liverpool;header;the centre of the box;close, but left;James Milner;0;NA;NA;0;cross;1;0;NA;NA;NA;0;NA;NA;NA;0;NA;NA;0;NA;0;NA;NA;NA;0;NA;NA;0;0;NA;NA;NA;0;NA;NA;NA;NA;2;56;0;NA;NA;66
480808;28-10-2017;Substitution, Huddersfield Town. Florent Hadergjonaj replaces Tommy Smith.;69';Liverpool;Huddersfield Town;2;0;0;0;0;0;0;NA;NA;NA;NA;NA;NA;NA;0;NA;NA;0;NA;0;0;NA;NA;NA;0;NA;NA;NA;0;NA;NA;0;NA;0;NA;NA;NA;0;NA;NA;1;0;Huddersfield Town;Florent Hadergjonaj;Tommy Smith;0;NA;NA;NA;NA;2;57;0;NA;NA;69
480808;28-10-2017;Substitution, Huddersfield Town. Steve Mounie replaces Danny Williams.;69';Liverpool;Huddersfield Town;2;0;0;0;0;0;0;NA;NA;NA;NA;NA;NA;NA;0;NA;NA;0;NA;0;0;NA;NA;NA;0;NA;NA;NA;0;NA;NA;0;NA;0;NA;NA;NA;0;NA;NA;1;0;Huddersfield Town;Steve Mounie;Danny Williams;0;NA;NA;NA;NA;2;58;0;NA;NA;69
480808;28-10-2017;Offside, Huddersfield Town. Aaron Mooy tries a through ball, but Tom Ince is caught offside.;70';Liverpool;Huddersfield Town;2;0;0;0;0;0;0;NA;NA;NA;NA;NA;NA;NA;0;NA;NA;0;NA;0;1;Huddersfield Town;Tom Ince;Aaron Mooy;0;NA;NA;NA;0;NA;NA;0;NA;0;NA;NA;NA;0;NA;NA;0;0;NA;NA;NA;0;NA;NA;NA;NA;2;59;0;NA;NA;70
480808;28-10-2017;Elias Kachunga (Huddersfield Town) wins a free kick in the attacking half.;72';Liverpool;Huddersfield Town;2;0;0;0;0;0;0;NA;NA;NA;NA;NA;NA;NA;0;NA;NA;0;NA;0;0;NA;NA;NA;0;NA;NA;NA;0;NA;NA;0;NA;1;Elias Kachunga;Huddersfield Town;attacking half;0;NA;NA;0;0;NA;NA;NA;0;NA;NA;NA;NA;2;60;0;NA;NA;72
480808;28-10-2017;Foul by Alberto Moreno (Liverpool).;72';Liverpool;Huddersfield Town;2;0;0;0;0;0;0;NA;NA;NA;NA;NA;NA;NA;1;Alberto Moreno;Liverpool;0;NA;0;0;NA;NA;NA;0;NA;NA;NA;0;NA;NA;0;NA;0;NA;NA;NA;0;NA;NA;0;0;NA;NA;NA;0;NA;NA;NA;NA;2;61;0;NA;NA;72
480808;28-10-2017;Attempt missed. Tom Ince (Huddersfield Town) left footed shot from outside the box is just a bit too high. Assisted by Aaron Mooy from a direct free kick.;73';Liverpool;Huddersfield Town;2;0;0;0;0;1;0;missed;Tom Ince;Huddersfield Town;left;outside the box;just a bit too high;Aaron Mooy;0;NA;NA;0;NA;0;0;NA;NA;NA;0;NA;NA;NA;0;NA;NA;0;NA;0;NA;NA;NA;0;NA;NA;0;0;NA;NA;NA;0;NA;NA;NA;NA;2;62;0;NA;NA;73
480808;28-10-2017;Substitution, Liverpool. Emre Can replaces Daniel Sturridge.;74';Liverpool;Huddersfield Town;2;0;0;0;0;0;0;NA;NA;NA;NA;NA;NA;NA;0;NA;NA;0;NA;0;0;NA;NA;NA;0;NA;NA;NA;0;NA;NA;0;NA;0;NA;NA;NA;0;NA;NA;1;0;Liverpool;Emre Can;Daniel Sturridge;0;NA;NA;NA;NA;2;63;0;NA;NA;74
480808;28-10-2017;Goal!  Liverpool 3, Huddersfield Town 0. Georginio Wijnaldum (Liverpool) right footed shot from the centre of the box to the top right corner. Assisted by Mohamed Salah.;75';Liverpool;Huddersfield Town;3;0;0;0;0;1;0;goal;Georginio Wijnaldum;Liverpool;right;the centre of the box;top right corner;Mohamed Salah;0;NA;NA;0;NA;0;0;NA;NA;NA;0;NA;NA;NA;0;NA;NA;0;NA;0;NA;NA;NA;0;NA;NA;0;0;NA;NA;NA;0;NA;NA;NA;NA;2;64;0;NA;NA;75
480808;28-10-2017;Corner,  Liverpool. Conceded by Christopher Schindler.;78';Liverpool;Huddersfield Town;3;0;0;0;0;0;0;NA;NA;NA;NA;NA;NA;NA;0;NA;NA;0;NA;0;0;NA;NA;NA;0;NA;NA;NA;0;NA;NA;0;NA;0;NA;NA;NA;1;Liverpool;Christopher Schindler;0;0;NA;NA;NA;0;NA;NA;NA;NA;2;65;0;NA;NA;78
480808;28-10-2017;Emre Can (Liverpool) wins a free kick in the defensive half.;80';Liverpool;Huddersfield Town;3;0;0;0;0;0;0;NA;NA;NA;NA;NA;NA;NA;0;NA;NA;0;NA;0;0;NA;NA;NA;0;NA;NA;NA;0;NA;NA;0;NA;1;Emre Can;Liverpool;defensive half;0;NA;NA;0;0;NA;NA;NA;0;NA;NA;NA;NA;2;66;0;NA;NA;80
480808;28-10-2017;Foul by Zanka (Huddersfield Town).;80';Liverpool;Huddersfield Town;3;0;0;0;0;0;0;NA;NA;NA;NA;NA;NA;NA;1;Zanka;Huddersfield Town;0;NA;0;0;NA;NA;NA;0;NA;NA;NA;0;NA;NA;0;NA;0;NA;NA;NA;0;NA;NA;0;0;NA;NA;NA;0;NA;NA;NA;NA;2;67;0;NA;NA;80
480808;28-10-2017;Substitution, Liverpool. Dominic Solanke replaces Mohamed Salah.;81';Liverpool;Huddersfield Town;3;0;0;0;0;0;0;NA;NA;NA;NA;NA;NA;NA;0;NA;NA;0;NA;0;0;NA;NA;NA;0;NA;NA;NA;0;NA;NA;0;NA;0;NA;NA;NA;0;NA;NA;1;0;Liverpool;Dominic Solanke;Mohamed Salah;0;NA;NA;NA;NA;2;68;0;NA;NA;81
480808;28-10-2017;Attempt saved. Dominic Solanke (Liverpool) right footed shot from outside the box is saved in the bottom left corner. Assisted by Georginio Wijnaldum.;88';Liverpool;Huddersfield Town;3;0;0;0;0;1;0;saved;Dominic Solanke;Liverpool;right;outside the box;the bottom left corner;Georginio Wijnaldum;0;NA;NA;0;NA;0;0;NA;NA;NA;0;NA;NA;NA;0;NA;NA;0;NA;0;NA;NA;NA;0;NA;NA;0;0;NA;NA;NA;0;NA;NA;NA;NA;2;69;0;NA;NA;88
480808;28-10-2017;Foul by Jonathan Hogg (Huddersfield Town).;89';Liverpool;Huddersfield Town;3;0;0;0;0;0;0;NA;NA;NA;NA;NA;NA;NA;1;Jonathan Hogg;Huddersfield Town;0;NA;0;0;NA;NA;NA;0;NA;NA;NA;0;NA;NA;0;NA;0;NA;NA;NA;0;NA;NA;0;0;NA;NA;NA;0;NA;NA;NA;NA;2;70;0;NA;NA;89
480808;28-10-2017;James Milner (Liverpool) wins a free kick on the right wing.;89';Liverpool;Huddersfield Town;3;0;0;0;0;0;0;NA;NA;NA;NA;NA;NA;NA;0;NA;NA;0;NA;0;0;NA;NA;NA;0;NA;NA;NA;0;NA;NA;0;NA;1;James Milner;Liverpool;NA;0;NA;NA;0;0;NA;NA;NA;0;NA;NA;NA;NA;2;71;0;NA;NA;89
480808;28-10-2017;Corner,  Liverpool. Conceded by Jonathan Hogg.;90';Liverpool;Huddersfield Town;3;0;0;0;0;0;0;NA;NA;NA;NA;NA;NA;NA;0;NA;NA;0;NA;0;0;NA;NA;NA;0;NA;NA;NA;0;NA;NA;0;NA;0;NA;NA;NA;1;Liverpool;Jonathan Hogg;0;0;NA;NA;NA;0;NA;NA;NA;NA;2;72;0;NA;NA;90
480808;28-10-2017;Attempt missed. Joel Matip (Liverpool) header from the centre of the box is too high. Assisted by James Milner with a cross following a corner.;90';Liverpool;Huddersfield Town;3;0;0;0;0;1;0;missed;Joel Matip;Liverpool;header;the centre of the box;too high;James Milner;0;NA;NA;0;cross;1;0;NA;NA;NA;0;NA;NA;NA;0;NA;NA;0;NA;0;NA;NA;NA;0;NA;NA;0;0;NA;NA;NA;0;NA;NA;NA;NA;2;73;0;NA;NA;90
480808;28-10-2017;Dominic Solanke (Liverpool) wins a free kick in the attacking half.;90'+1';Liverpool;Huddersfield Town;3;0;0;0;0;0;0;NA;NA;NA;NA;NA;NA;NA;0;NA;NA;0;NA;0;0;NA;NA;NA;0;NA;NA;NA;0;NA;NA;0;NA;1;Dominic Solanke;Liverpool;attacking half;0;NA;NA;0;0;NA;NA;NA;0;NA;NA;NA;NA;2;74;1;NA;NA;91
480808;28-10-2017;Foul by Zanka (Huddersfield Town).;90'+1';Liverpool;Huddersfield Town;3;0;0;0;0;0;0;NA;NA;NA;NA;NA;NA;NA;1;Zanka;Huddersfield Town;0;NA;0;0;NA;NA;NA;0;NA;NA;NA;0;NA;NA;0;NA;0;NA;NA;NA;0;NA;NA;0;0;NA;NA;NA;0;NA;NA;NA;NA;2;75;1;NA;NA;91
480808;28-10-2017;Attempt missed. Jordan Henderson (Liverpool) right footed shot from outside the box is high and wide to the right from a direct free kick.;90'+2';Liverpool;Huddersfield Town;3;0;0;0;0;1;0;missed;Jordan Henderson;Liverpool;right;outside the box;high and wide to the right;NA;0;NA;NA;0;NA;0;0;NA;NA;NA;0;NA;NA;NA;0;NA;NA;0;NA;0;NA;NA;NA;0;NA;NA;0;0;NA;NA;NA;0;NA;NA;NA;NA;2;76;1;NA;NA;92
480808;28-10-2017;Second Half ends, Liverpool 3, Huddersfield Town 0.;90'+3';Liverpool;Huddersfield Town;3;0;1;0;0;0;0;NA;NA;NA;NA;NA;NA;NA;0;NA;NA;0;NA;0;0;NA;NA;NA;0;NA;NA;NA;0;NA;NA;0;NA;0;NA;NA;NA;0;NA;NA;0;0;NA;NA;NA;0;NA;NA;NA;NA;2;77;1;NA;NA;93
480808;28-10-2017;Match ends, Liverpool 3, Huddersfield Town 0.;90'+3';Liverpool;Huddersfield Town;3;0;0;1;0;0;0;NA;NA;NA;NA;NA;NA;NA;0;NA;NA;0;NA;0;0;NA;NA;NA;0;NA;NA;NA;0;NA;NA;0;NA;0;NA;NA;NA;0;NA;NA;0;0;NA;NA;NA;0;NA;NA;NA;NA;2;78;1;NA;NA;93
